# Created with Anim8or 0.98
# Object "object01":

mtllib hammerlod.mtl

# Shape "mesh01":
g mesh01
# No. points 2178:
v -4.52543 4.52544 105.736
v 4.52543 4.52544 105.736
v 4.52543 -4.52543 105.736
v -4.52543 -4.52543 105.736
v -3.46292 16.1297 47.8047
v 3.46292 16.1297 47.8047
v 3.18638 15.9933 55.2813
v -3.18638 15.9933 55.2813
v -3.51888 17.6621 61.3763
v 3.51888 17.6621 61.3763
v 4.10075 20.5826 65.72
v -4.10075 20.5826 65.72
v -4.43324 22.2514 76.65
v 4.43324 22.2514 76.65
v 4.43323 22.2514 94.75
v -4.43323 22.2514 94.75
v -3.18638 -15.9933 55.2813
v 3.18638 -15.9933 55.2813
v 3.46292 -16.1297 47.8047
v -3.46292 -16.1297 47.8047
v -4.10075 -20.5825 65.72
v 4.10075 -20.5825 65.72
v 3.51888 -17.6621 61.3763
v -3.51888 -17.6621 61.3763
v -4.43323 -22.2514 94.75
v 4.43323 -22.2514 94.75
v 4.43324 -22.2514 76.65
v -4.43324 -22.2514 76.65
v 13.7757 -9.45881 47.9237
v 9.4648 -13.7686 47.9237
v 9.05571 -13.5621 55.2813
v 13.562 -9.05573 55.2813
v -13.562 -9.05573 55.2813
v -9.05571 -13.5621 55.2813
v -9.4648 -13.7686 47.9237
v -13.7757 -9.45881 47.9237
v 14.9772 -10.0007 61.3763
v 10.0006 -14.9772 61.3763
v 11.6543 -17.4537 65.72
v 17.4537 -11.6543 65.72
v -17.4537 -11.6543 65.72
v -11.6543 -17.4537 65.72
v -10.0006 -14.9772 61.3763
v -14.9772 -10.0007 61.3763
v 18.8689 -12.5992 76.65
v 12.5992 -18.8689 76.65
v 12.5992 -18.8689 94.75
v 18.8689 -12.5992 94.75
v -18.8689 -12.5992 94.75
v -12.5992 -18.8689 94.75
v -12.5992 -18.8689 76.65
v -18.8689 -12.5992 76.65
v 16.1383 3.45999 47.8047
v 16.1383 -3.4599 47.8047
v 15.9933 -3.18637 55.2813
v 15.9933 3.18647 55.2813
v -15.9933 3.18647 55.2813
v -15.9933 -3.18637 55.2813
v -16.1383 -3.4599 47.8047
v -16.1383 3.45999 47.8047
v 17.6621 3.51898 61.3763
v 17.6621 -3.51886 61.3763
v 20.5825 -4.1007 65.72
v 20.5825 4.10087 65.72
v -20.5825 4.10087 65.72
v -20.5825 -4.1007 65.72
v -17.6621 -3.51886 61.3763
v -17.6621 3.51898 61.3763
v 22.2514 4.43337 76.65
v 22.2514 -4.43319 76.65
v 22.2514 -4.43319 94.75
v 22.2514 4.43337 94.75
v -22.2514 4.43337 94.75
v -22.2514 -4.43319 94.75
v -22.2514 -4.43319 76.65
v -22.2514 4.43337 76.65
v 9.4648 13.7686 47.9237
v 13.7757 9.45887 47.9237
v 13.562 9.05581 55.2813
v 9.05571 13.5621 55.2813
v -9.05571 13.5621 55.2813
v -13.562 9.05581 55.2813
v -13.7757 9.45887 47.9237
v -9.4648 13.7686 47.9237
v 10.0006 14.9773 61.3763
v 14.9772 10.0008 61.3763
v 17.4537 11.6544 65.72
v 11.6543 17.4538 65.72
v -11.6543 17.4538 65.72
v -17.4537 11.6544 65.72
v -14.9772 10.0008 61.3763
v -10.0006 14.9773 61.3763
v 12.5992 18.8689 76.65
v 18.8689 12.5994 76.65
v 18.8689 12.5994 94.75
v 12.5992 18.8689 94.75
v -12.5992 18.8689 94.75
v -18.8689 12.5994 94.75
v -18.8689 12.5994 76.65
v -12.5992 18.8689 76.65
v -12.572 24.7396 -18.38
v 12.572 24.7396 -18.38
v 12.572 25 14.2
v -12.572 25 14.2
v 25.144 -4.8393 -33.9375
v 25.144 -16.925 -23.6
v 25.144 -12.8714 12.2
v 25.144 12.1286 12.2
v 25.144 13.6205 -21.5625
v -25.144 13.6205 -21.5625
v -25.144 12.1286 12.2
v -25.144 -12.8714 12.2
v -25.144 -16.925 -23.6
v -25.144 -4.8393 -33.9375
v -12.572 -20.6072 -39.8
v 12.572 -20.6072 -39.8
v 12.572 -12.3423 -43.2333
v -12.572 -12.3423 -43.2333
v 25.144 1.67498 -48.8875
v 25.144 15.9384 -45.8125
v 25.144 15.0997 -63.6118
v 25.144 4.69789 -62.9867
v -25.144 4.69789 -62.9867
v -25.144 15.0997 -63.6118
v -25.144 15.9384 -45.8125
v -25.144 1.67498 -48.8875
v 25.144 3.27523 -76.6337
v 25.144 10.427 -78.3591
v 25.144 2.49438 -91.432
v 25.144 -1.96991 -89.2811
v -25.144 -1.96991 -89.2811
v -25.144 2.49438 -91.432
v -25.144 10.427 -78.3591
v -25.144 3.27523 -76.6337
v 19.3843 -0.15148 -76.0376
v 19.4971 -4.18532 -88.2056
v 8.19414 -4.09328 -88.6479
v 7.23529 -0.05922 -77.6747
v -7.23529 -0.05922 -77.6747
v -8.19414 -4.09328 -88.6479
v -19.4971 -4.18532 -88.2056
v -19.3843 -0.15148 -76.0376
v 1.41001 10.2479 -83.0021
v 2.72353 0.21339 -91.6987
v 2.73282 2.55886 -92.8899
v -2.73281 2.55886 -92.8899
v -2.72353 0.21339 -91.6987
v -1.40999 10.2479 -83.0021
v 19.3818 22.7604 -51.7034
v 10.4767 20.7252 -65.3717
v 20.4295 20.2505 -65.3321
v -20.4295 20.2505 -65.3321
v -10.4767 20.7252 -65.3717
v -19.3818 22.7604 -51.7034
v 0.00001 22.0833 -58.3635
v 8.90517 23.6979 -43.0417
v -8.90516 23.6979 -43.0417
v 20.4295 15.0024 -78.08
v 11.071 15.4771 -78.1196
v 19.9762 8.15688 -88.2301
v -19.9762 8.15688 -88.2301
v -11.071 15.4771 -78.1196
v -20.4295 15.0024 -78.08
v 15.2032 3.67493 -93.7862
v 6.01384 11.5872 -83.8477
v 6.98197 3.67493 -93.7571
v -6.98196 3.67493 -93.7571
v -6.01383 11.5872 -83.8477
v -15.2032 3.67493 -93.7862
v 0.70501 10.305 -77.632
v 0.70500 3.57435 -78.016
v 1.974 1.09415 -85.3425
v -1.974 1.09415 -85.3425
v -0.70500 3.57435 -78.016
v -0.70499 10.305 -77.632
v 4.35806 -6.86 -102.479
v 4.34878 -8.75909 -100.187
v 6.14475 -16.0961 -107.162
v 6.14475 -16.6316 -110.962
v -6.14475 -16.6316 -110.962
v -6.14475 -16.0961 -107.162
v -4.34878 -8.75909 -100.187
v -4.35806 -6.86 -102.479
v 9.51883 -9.75081 -98.5029
v 19.9387 -9.81606 -98.0606
v 20.3942 -15.8283 -105.262
v 10.8946 -15.8283 -105.262
v -10.8946 -15.8283 -105.262
v -20.3942 -15.8283 -105.262
v -19.9387 -9.81606 -98.0606
v -9.51883 -9.75081 -98.5029
v 25.144 -8.83724 -99.4361
v 25.144 -6.87289 -102.187
v 25.144 -16.6316 -110.962
v 25.144 -16.0961 -107.162
v -25.144 -16.0961 -107.162
v -25.144 -16.6316 -110.962
v -25.144 -6.87289 -102.187
v -25.144 -8.83724 -99.4361
v 19.6944 -6.10104 -103.83
v 9.28382 -6.10104 -103.812
v 10.8946 -16.8994 -112.863
v 20.3942 -16.8994 -112.863
v -20.3942 -16.8994 -112.863
v -10.8946 -16.8994 -112.863
v -9.28382 -6.10104 -103.812
v -19.6944 -6.10104 -103.83
v 11.5848 -19.7908 -110.62
v 20.6242 -19.7908 -110.62
v 20.6242 -21.5763 -115.02
v 11.5847 -21.5763 -115.02
v -11.5848 -21.5763 -115.02
v -20.6242 -21.5763 -115.02
v -20.6242 -19.7908 -110.62
v -11.5847 -19.7908 -110.62
v 12.046 16.0099 41.4485
v 18.1502 18.0737 36.7962
v 16.0455 12.0161 41.4485
v -16.0455 12.0161 41.4485
v -18.1502 18.0737 36.7962
v -12.046 16.0099 41.4485
v -9.27624 22.5027 34.774
v 9.27624 22.5027 34.774
v 4.90153 18.3444 40.8537
v -4.90153 18.3444 40.8537
v 12.046 -16.0099 41.4485
v 16.0455 -12.016 41.4485
v 18.1502 -18.0737 36.7962
v -18.1502 -18.0737 36.7962
v -16.0455 -12.016 41.4485
v -12.046 -16.0099 41.4485
v -4.90153 -18.3444 40.8537
v 4.90153 -18.3444 40.8537
v 9.27624 -22.5027 34.774
v -9.27624 -22.5027 34.774
v 18.3875 -4.88651 40.8537
v 18.3875 4.88658 40.8537
v 22.6092 9.22826 34.774
v 22.6092 -9.22823 34.774
v -22.6092 -9.22823 34.774
v -22.6092 9.22826 34.774
v -18.3875 4.88658 40.8537
v -18.3875 -4.88651 40.8537
v 22.1847 -27.1528 10.8491
v 22.1847 -27.1527 -17.7589
v 18.0423 -31.8559 -13.6287
v 18.0422 -31.8559 6.62068
v -18.0422 -31.8559 6.62068
v -18.0423 -31.8559 -13.6287
v -22.1847 -27.1528 -17.7589
v -22.1847 -27.1527 10.8491
v -4.35291 -12.6542 105.232
v 4.35291 -12.6542 105.232
v 4.32837 -19.2545 104.327
v -4.32837 -19.2545 104.327
v -4.32837 19.2545 104.327
v 4.32837 19.2545 104.327
v 4.35291 12.6542 105.232
v -4.35291 12.6542 105.232
v 11.8999 -11.8999 104.911
v 16.9814 -11.9667 104.235
v 11.9667 -16.9814 104.235
v -11.9667 -16.9814 104.235
v -16.9814 -11.9667 104.235
v -11.8999 -11.8999 104.911
v 12.6542 -4.3529 105.232
v 12.6542 4.35296 105.232
v 19.2545 4.32849 104.327
v 19.2545 -4.32835 104.327
v -19.2545 -4.32835 104.327
v -19.2545 4.32849 104.327
v -12.6542 4.35296 105.232
v -12.6542 -4.35291 105.232
v 11.8999 11.9 104.911
v 11.9667 16.9815 104.235
v 16.9814 11.9668 104.235
v -16.9814 11.9668 104.235
v -11.9667 16.9815 104.235
v -11.8999 11.9 104.911
v 14.7407 -44.8415 5.02303
v 16.0847 -37.7522 5.41197
v 16.0848 -37.7522 -12.1548
v 14.7409 -44.8415 -11.137
v -14.7407 -44.8415 5.02303
v -14.7409 -44.8415 -11.137
v -16.0848 -37.7522 -12.1548
v -16.0847 -37.7522 5.41197
v 10.4058 -27.1527 26.9878
v 7.73239 -31.8559 20.1203
v -7.73239 -31.8559 20.1203
v -10.4058 -27.1528 26.9878
v 10.4058 -27.1528 -33.8976
v -10.4058 -27.1527 -33.8976
v -7.7324 -31.8559 -27.1283
v 7.7324 -31.8559 -27.1283
v 6.31758 -44.8415 -21.9104
v 6.89351 -37.7522 -23.866
v -6.89351 -37.7522 -23.866
v -6.31758 -44.8415 -21.9104
v 6.31739 -44.8415 15.7964
v -6.31739 -44.8415 15.7964
v -6.89343 -37.7522 17.1231
v 6.89343 -37.7522 17.1231
v 8.90517 -5.61758 -49.7667
v 0 -1.54616 -60.0075
v -8.90517 -5.61758 -49.7667
v 19.3818 -3.01044 -54.7167
v 20.2205 0.10897 -64.0075
v 10.2676 0.19677 -65.6446
v -19.3818 -3.01044 -54.7167
v -10.2676 0.19677 -65.6446
v -20.2205 0.10897 -64.0075
v -19.418 -224.19 3.48285
v -19.2861 -221.637 -4.39943
v -19.2861 -201.063 -3.789
v -19.2861 -201.063 3.59373
v -19.2861 -179.938 2.95847
v -19.2861 -179.938 -4.01658
v -19.2861 -156.629 -4.67553
v -19.2861 -156.664 2.53438
v -10.9204 -227.469 19.0468
v -16.4864 -227.271 11.7627
v -16.3544 -201.063 11.1538
v -10.9204 -201.063 17.9905
v -10.9204 -179.938 17.0155
v -16.3544 -179.938 10.2467
v -16.3544 -156.685 9.96691
v -10.9204 -156.715 16.7718
v 3.8425 -227.469 23.0042
v -3.84259 -227.469 23.0042
v -3.84259 -201.063 21.9479
v 3.8425 -201.063 21.9479
v 3.8425 -179.938 20.9729
v -3.84259 -179.938 20.9729
v -3.84259 -156.736 20.7292
v 3.8425 -156.736 20.7292
v 16.4863 -227.271 11.7627
v 10.9204 -227.469 19.0468
v 10.9203 -201.063 17.9905
v 16.3544 -201.063 11.1538
v 16.3544 -179.938 10.2467
v 10.9204 -179.938 17.0155
v 10.9203 -156.715 16.7718
v 16.3544 -156.685 9.96691
v 19.2861 -221.637 -4.39943
v 19.418 -224.19 3.48285
v 19.2861 -201.063 3.59373
v 19.2861 -201.063 -3.789
v 19.2861 -179.938 -4.01658
v 19.2861 -179.938 2.95847
v 19.2861 -156.664 2.53438
v 19.2861 -156.629 -4.67553
v 10.9204 -269.162 -22.8084
v 16.3544 -267.659 -15.8264
v 16.3544 -242.762 -14.0418
v 10.9204 -243.313 -20.894
v 10.9204 -222.188 -19.175
v 16.3544 -222.077 -12.2624
v 16.3544 -201.063 -11.3491
v 10.9204 -201.063 -18.186
v 10.9204 -179.938 -18.0738
v 16.3544 -179.938 -11.3049
v 16.3544 -156.507 -12.182
v 10.9204 -156.324 -19.0978
v -3.8425 -269.16 -26.7659
v 3.84259 -269.16 -26.7659
v 3.84259 -243.313 -24.8515
v -3.8425 -243.313 -24.8515
v -3.8425 -222.188 -23.1325
v 3.84259 -222.188 -23.1325
v 3.84259 -201.063 -22.1434
v -3.8425 -201.063 -22.1434
v -3.84251 -179.938 -22.0312
v 3.84257 -179.938 -22.0312
v 3.84255 -156.202 -23.1292
v -3.84252 -156.202 -23.1292
v -16.3544 -267.659 -15.8264
v -10.9204 -269.162 -22.8084
v -10.9203 -243.313 -20.894
v -16.3544 -242.762 -14.0418
v -16.3544 -222.077 -12.2624
v -10.9204 -222.188 -19.175
v -10.9203 -201.063 -18.186
v -16.3544 -201.063 -11.3491
v -16.3544 -179.938 -11.3049
v -10.9204 -179.938 -18.0738
v -10.9204 -156.324 -19.0978
v -16.3544 -156.507 -12.182
v -10.3678 -400.712 -7.86704
v -10.3678 -400.733 4.20101
v -4.29454 -400.749 12.546
v 4.29449 -400.749 12.5458
v 10.3678 -400.733 4.20088
v 10.3678 -400.712 -7.86704
v 4.29454 -400.697 -16.212
v -4.29449 -400.697 -16.212
v -16.1721 -68.885 -18.7966
v -11.8035 -67.0568 -25.8308
v -13.5258 -56.9259 -21.3819
v -18.2938 -69.1107 -7.96399
v -15.9348 -54.403 -9.74915
v -15.9346 -54.5925 4.9285
v -18.2937 -69.5255 4.66362
v -16.1719 -70.9585 14.837
v -13.5254 -58.9166 16.3162
v -11.8033 -71.2632 20.7622
v -4.51308 -70.2364 23.4065
v -5.49428 -54.8769 18.8309
v 5.49426 -54.8769 18.8309
v 4.51302 -70.2364 23.4065
v 11.8033 -71.2632 20.7622
v 13.5254 -58.9166 16.3162
v 16.1718 -70.9585 14.837
v 18.2937 -69.5255 4.66362
v 15.9346 -54.5926 4.9285
v 15.9348 -54.403 -9.74915
v 18.2938 -69.1107 -7.96399
v 16.172 -68.885 -18.7966
v 13.5258 -56.9259 -21.3819
v 11.8035 -67.0568 -25.8308
v 4.51314 -64.8451 -29.2947
v 5.49447 -52.6967 -24.6867
v -5.49447 -52.6967 -24.6867
v -4.51315 -64.8451 -29.2947
v -19.2861 -395.258 6.32192
v -17.3567 -398.836 4.12574
v -17.3567 -398.801 -6.36981
v -19.2861 -395.185 -5.88004
v -10.9204 -395.377 24.735
v -9.75474 -398.889 19.9393
v -14.7915 -398.864 12.9935
v -16.3544 -395.325 17.0949
v -16.3544 -385.112 17.3619
v -16.3544 -363.359 14.7624
v -10.9204 -362.126 21.8908
v -10.9204 -384.815 24.7349
v 3.8425 -395.405 28.692
v 3.56156 -398.901 23.4018
v -3.56164 -398.901 23.402
v -3.84259 -395.405 28.6923
v -3.84259 -384.843 28.6921
v -3.84259 -362.138 25.8481
v 3.8425 -362.138 25.848
v 3.8425 -384.843 28.6919
v 16.3544 -395.325 17.0946
v 14.7914 -398.864 12.9932
v 9.75468 -398.889 19.9389
v 10.9203 -395.377 24.7345
v 10.9204 -384.815 24.7344
v 10.9203 -362.126 21.8906
v 16.3544 -363.359 14.7623
v 16.3544 -385.112 17.3617
v 19.2861 -395.185 -5.88004
v 17.3567 -398.801 -6.36981
v 17.3567 -398.836 4.12567
v 19.2861 -395.258 6.32186
v 10.9204 -395.07 -24.2931
v 9.75474 -398.75 -22.1833
v 14.7915 -398.773 -15.2375
v 16.3544 -395.12 -16.653
v -3.8425 -395.044 -28.2506
v -3.56156 -398.739 -25.6461
v 3.56164 -398.739 -25.6461
v 3.84259 -395.044 -28.2506
v -16.3544 -395.12 -16.653
v -14.7914 -398.773 -15.2375
v -9.75468 -398.75 -22.1833
v -10.9203 -395.07 -24.2931
v -16.3544 -324.084 12.9717
v -16.4864 -270.703 12.1904
v -10.9204 -269.719 19.6968
v -10.9204 -322 20.2656
v -3.84259 -322.003 24.2229
v -3.84259 -269.719 23.6542
v 3.8425 -269.719 23.6542
v 3.8425 -322.003 24.2229
v 10.9204 -322 20.2655
v 10.9203 -269.719 19.6968
v 16.4863 -270.703 12.1904
v 16.3544 -324.084 12.9717
v -19.2861 -261.638 -7.68569
v -19.2861 -240.562 -6.42033
v -19.7845 -246.938 -0.24309
v -19.2861 -297.97 -7.46001
v -19.418 -281.458 2.58342
v -19.2861 -332.431 3.58319
v -19.2861 -349.891 -6.83183
v -16.3544 -306.953 -16.7315
v -16.3544 -362.246 -16.7546
v -10.9204 -363.383 -24.2931
v -10.9204 -309.186 -23.9962
v -19.2861 -368.351 6.03572
v -19.2861 -386.442 7.65715
v -19.6525 -382.549 -1.95137
v 19.2861 -368.351 6.0357
v 19.6525 -382.549 -1.95137
v 19.2861 -386.442 7.65711
v 19.2861 -332.431 3.58319
v 19.418 -281.458 2.58342
v 19.2861 -297.97 -7.46001
v 19.2861 -349.891 -6.83183
v 19.7845 -246.938 -0.24309
v 19.2861 -240.562 -6.42033
v 19.2861 -261.638 -7.68569
v 16.3544 -306.953 -16.7315
v 10.9204 -309.186 -23.9962
v 10.9204 -363.383 -24.2931
v 16.3544 -362.246 -16.7546
v 3.84259 -309.175 -27.9537
v -3.8425 -309.175 -27.9537
v -3.8425 -363.357 -28.2506
v 3.84259 -363.357 -28.2506
v -16.3544 -126.16 -14.082
v -10.9204 -125.246 -21.6301
v -11.097 -90.9801 -24.6673
v -16.3179 -92.8082 -16.5943
v -19.2861 -126.77 -5.52503
v -19.0876 -93.8284 -6.55059
v -19.0876 -94.1957 3.88545
v -19.2861 -126.947 2.89088
v -16.3544 -127.049 11.0781
v -16.3179 -94.6448 13.2059
v -11.097 -94.9495 20.1698
v -10.9204 -127.201 18.0717
v -3.84259 -127.303 22.0291
v -3.97669 -94.9067 23.8646
v 3.9766 -94.9067 23.8646
v 3.8425 -127.303 22.0291
v 10.9204 -127.201 18.0717
v 11.0969 -94.9495 20.1698
v 16.3179 -94.6448 13.2059
v 16.3544 -127.049 11.0781
v 19.2861 -126.947 2.89088
v 19.0876 -94.1957 3.88545
v 19.0876 -93.8284 -6.55059
v 19.2861 -126.77 -5.52503
v 16.3544 -126.16 -14.082
v 16.3179 -92.8082 -16.5943
v 11.097 -90.9801 -24.6673
v 10.9204 -125.246 -21.6301
v 3.84253 -124.637 -25.9572
v 3.97665 -89.5628 -29.1176
v -3.97666 -89.5628 -29.1176
v -3.84253 -124.637 -25.9572
v -4.547 0.00001 105.799
v -8.82035 4.46076 105.547
v -4.46074 8.82036 105.547
v 0 4.547 105.799
v 4.46074 8.82036 105.547
v 8.82035 4.46076 105.547
v 4.547 0.00001 105.799
v 8.82035 -4.46073 105.547
v 4.46074 -8.82035 105.547
v 0 -4.547 105.799
v -4.46074 -8.82035 105.547
v -8.82035 -4.46073 105.547
v -3.21396 15.8188 51.5965
v -6.69485 15.2443 47.8493
v -4.0024 16.9602 44.1443
v 0 16.4249 47.7899
v 4.0024 16.9602 44.1443
v 6.69485 15.2443 47.8493
v 3.21396 15.8188 51.5965
v 6.24691 15.0816 55.2813
v 3.31107 16.6191 58.6206
v 0 16.2972 55.2813
v -3.31107 16.6191 58.6206
v -6.24691 15.0816 55.2813
v -3.78903 19.018 63.6941
v -6.89876 16.6553 61.3763
v 0 17.9977 61.3763
v 6.89876 16.6553 61.3763
v 3.78903 19.018 63.6941
v 8.03951 19.4093 65.72
v 4.43325 22.2514 67.6
v 0 20.9737 65.72
v -4.43325 22.2514 67.6
v -8.03951 19.4093 65.72
v -4.43323 22.2514 85.7
v -8.69136 20.983 76.65
v 0 22.6742 76.65
v 8.69136 20.983 76.65
v 4.43323 22.2514 85.7
v 8.69134 20.983 94.75
v 4.43322 22.2514 103.8
v 0 22.6742 94.75
v -4.43322 22.2514 103.8
v -8.69134 20.983 94.75
v -3.21396 -15.8188 51.5965
v -6.24691 -15.0816 55.2813
v -3.31107 -16.6191 58.6206
v 0 -16.2972 55.2813
v 3.31107 -16.6191 58.6206
v 6.24691 -15.0816 55.2813
v 3.21396 -15.8188 51.5965
v 6.69485 -15.2443 47.8493
v 4.0024 -16.9602 44.1443
v 0 -16.4249 47.7899
v -4.0024 -16.9602 44.1443
v -6.69485 -15.2443 47.8493
v -3.78903 -19.018 63.6941
v -8.03951 -19.4092 65.72
v -4.43325 -22.2514 67.6
v 0 -20.9736 65.72
v 4.43325 -22.2514 67.6
v 8.03951 -19.4092 65.72
v 3.78903 -19.018 63.6941
v 6.89876 -16.6553 61.3763
v 0 -17.9977 61.3763
v -6.89876 -16.6553 61.3763
v -4.43323 -22.2514 85.7
v -8.69134 -20.9829 94.75
v -4.43322 -22.2514 103.8
v 0 -22.6742 94.75
v 4.43322 -22.2514 103.8
v 8.69134 -20.9829 94.75
v 4.43323 -22.2514 85.7
v 8.69136 -20.9829 76.65
v 0 -22.6742 76.65
v -8.69136 -20.9829 76.65
v 13.4386 -9.03839 51.6262
v 15.2524 -6.6896 47.8493
v 14.6269 -10.4178 44.4417
v 11.812 -11.8057 47.9683
v 10.4328 -14.6091 44.4417
v 9.03986 -13.4368 51.6262
v 9.41005 -14.0927 58.6206
v 11.5238 -11.5238 55.2813
v 14.0927 -9.41008 58.6206
v 15.0816 -6.24692 55.2813
v -13.4386 -9.03839 51.6262
v -15.0816 -6.24692 55.2813
v -14.0927 -9.41008 58.6206
v -11.5238 -11.5238 55.2813
v -9.41005 -14.0927 58.6206
v -9.03986 -13.4368 51.6262
v -10.4328 -14.6091 44.4417
v -11.812 -11.8057 47.9683
v -14.6269 -10.4178 44.4417
v -15.2524 -6.6896 47.8493
v 16.127 -10.7684 63.6941
v 16.6553 -6.89877 61.3763
v 12.7262 -12.7263 61.3763
v 10.7684 -16.127 63.6941
v 12.5993 -18.8689 67.6
v 14.8306 -14.8306 65.72
v 18.8689 -12.5992 67.6
v 19.4092 -8.0395 65.72
v -16.127 -10.7684 63.6941
v -19.4092 -8.0395 65.72
v -18.8689 -12.5992 67.6
v -14.8306 -14.8306 65.72
v -12.5993 -18.8689 67.6
v -10.7684 -16.127 63.6941
v -12.7262 -12.7263 61.3763
v -16.6553 -6.89877 61.3763
v 18.8689 -12.5992 85.7
v 20.9829 -8.69135 76.65
v 16.033 -16.033 76.65
v 12.5992 -18.8689 85.7
v 12.5992 -18.8689 103.8
v 16.033 -16.033 94.75
v 18.8688 -12.5992 103.8
v 20.9829 -8.69135 94.75
v -18.8689 -12.5992 85.7
v -20.9829 -8.69135 94.75
v -18.8688 -12.5992 103.8
v -16.033 -16.033 94.75
v -12.5992 -18.8689 103.8
v -12.5992 -18.8689 85.7
v -16.033 -16.033 76.65
v -20.9829 -8.69135 76.65
v 15.8209 3.21329 51.5965
v 15.2524 6.68968 47.8493
v 16.9818 3.99496 44.1443
v 16.4337 0.00005 47.7899
v 16.9818 -3.99488 44.1443
v 15.8209 -3.21319 51.5965
v 16.6191 -3.31105 58.6206
v 16.2972 0.00005 55.2813
v 16.6191 3.31116 58.6206
v 15.0816 6.24701 55.2813
v -15.8209 3.21329 51.5965
v -15.0816 6.24701 55.2813
v -16.6191 3.31116 58.6206
v -16.2972 0.00005 55.2813
v -16.6191 -3.31105 58.6206
v -15.8209 -3.21319 51.5965
v -16.9818 -3.99488 44.1443
v -16.4337 0.00005 47.7899
v -16.9818 3.99496 44.1443
v -15.2524 6.68968 47.8493
v 19.018 3.78914 63.6941
v 16.6553 6.89888 61.3763
v 17.9977 0.00006 61.3763
v 19.018 -3.789 63.6941
v 22.2514 -4.43319 67.6
v 20.9736 0.00008 65.72
v 22.2514 4.43337 67.6
v 19.4092 8.03965 65.72
v -19.018 3.78914 63.6941
v -19.4092 8.03965 65.72
v -22.2514 4.43337 67.6
v -20.9736 0.00008 65.72
v -22.2514 -4.43319 67.6
v -19.018 -3.789 63.6941
v -17.9977 0.00006 61.3763
v -16.6553 6.89888 61.3763
v 22.2514 4.43337 85.7
v 20.9829 8.69151 76.65
v 22.6742 0.00010 76.65
v 22.2514 -4.43319 85.7
v 22.2514 -4.43319 103.8
v 22.6742 0.00010 94.75
v 22.2514 4.43337 103.8
v 20.9829 8.69151 94.75
v -22.2514 4.43337 85.7
v -20.9829 8.69151 94.75
v -22.2514 4.43337 103.8
v -22.6742 0.00010 94.75
v -22.2514 -4.43319 103.8
v -22.2514 -4.43319 85.7
v -22.6742 0.00010 76.65
v -20.9829 8.69151 76.65
v 9.03986 13.4368 51.6262
v 10.4328 14.6091 44.4417
v 11.812 11.8058 47.9683
v 14.6269 10.4178 44.4417
v 13.4386 9.03845 51.6262
v 14.0927 9.41016 58.6206
v 11.5238 11.5238 55.2813
v 9.41005 14.0928 58.6206
v -9.03986 13.4368 51.6262
v -9.41005 14.0928 58.6206
v -11.5238 11.5238 55.2813
v -14.0927 9.41016 58.6206
v -13.4386 9.03845 51.6262
v -14.6269 10.4178 44.4417
v -11.812 11.8058 47.9683
v -10.4328 14.6091 44.4417
v 10.7684 16.1271 63.6941
v 12.7262 12.7263 61.3763
v 16.127 10.7685 63.6941
v 18.8689 12.5994 67.6
v 14.8306 14.8307 65.72
v 12.5993 18.8689 67.6
v -10.7684 16.1271 63.6941
v -12.5993 18.8689 67.6
v -14.8306 14.8307 65.72
v -18.8689 12.5994 67.6
v -16.127 10.7685 63.6941
v -12.7262 12.7263 61.3763
v 12.5992 18.8689 85.7
v 16.033 16.0331 76.65
v 18.8689 12.5994 85.7
v 18.8688 12.5994 103.8
v 16.033 16.0331 94.75
v 12.5992 18.8689 103.8
v -12.5992 18.8689 85.7
v -12.5992 18.8689 103.8
v -16.033 16.0331 94.75
v -18.8688 12.5994 103.8
v -18.8689 12.5994 85.7
v -16.033 16.0331 76.65
v -12.572 24.9349 -2.745
v -25.144 24.6875 -18.75
v -11.6553 24.349 -32.0354
v 0 24.7656 -18.195
v 11.6553 24.349 -32.0354
v 25.144 24.6875 -18.75
v 12.572 24.9349 -2.745
v 25.144 25 14.2
v 12.572 25 31.8
v 0 25 14.2
v -12.572 25 31.8
v -25.144 25 14.2
v 25.144 3.47209 -26.0625
v 25.144 -1.20537 -41.5437
v 25.144 -12.2322 -43.5
v 25.144 -9.86608 -27.4844
v 25.144 -20.6072 -39.8
v 25.144 -25 -21
v 25.144 -14.0705 -6.55
v 25.144 -25 14.2
v 25.144 -12.5 31.8
v 25.144 -0.55714 11.2
v 25.144 12.5 31.8
v 25.144 12.3158 -6.04063
v 25.144 15.1317 -34.7062
v -25.144 3.47209 -26.0625
v -25.144 15.1317 -34.7062
v -25.144 12.3158 -6.04062
v -25.144 12.5 31.8
v -25.144 -0.55714 11.2
v -25.144 -12.5 31.8
v -25.144 -25 14.2
v -25.144 -14.0705 -6.55
v -25.144 -25 -21
v -25.144 -20.6072 -39.8
v -25.144 -9.86608 -27.4844
v -25.144 -12.2322 -43.5
v -25.144 -1.20538 -41.5438
v -12.572 -16.3445 -41.2583
v -12.572 -25 -38.6
v 0 -20.6072 -39.8
v 12.572 -25 -38.6
v 12.572 -16.3445 -41.2583
v 11.6553 -8.7251 -45.9833
v 0 -12.3973 -43.1
v -11.6553 -8.7251 -45.9833
v 25.144 3.68249 -56.0186
v 25.144 -5.08931 -51.1
v 25.144 8.62298 -47.0125
v 25.144 23.4375 -44.95
v 25.144 15.9559 -55.3061
v 25.144 20.3006 -63.9244
v 25.144 13.2849 -71.1546
v 25.144 9.89879 -63.2993
v 25.144 4.60189 -69.8418
v 25.144 -0.50301 -62.6742
v -25.144 3.68249 -56.0186
v -25.144 -0.50301 -62.6742
v -25.144 4.60189 -69.8418
v -25.144 9.89879 -63.2993
v -25.144 13.2849 -71.1546
v -25.144 20.3006 -63.9244
v -25.144 15.9559 -55.3061
v -25.144 23.4375 -44.95
v -25.144 8.62298 -47.0125
v -25.144 -5.08931 -51.1
v 25.144 0.99295 -83.1756
v 25.144 -0.30066 -75.7709
v 25.144 6.85113 -77.4964
v 25.144 14.0029 -79.2219
v 25.144 6.75412 -85.1451
v 25.144 4.72653 -92.5075
v 25.144 -2.12401 -97.1395
v 25.144 0.26223 -90.3566
v 25.144 -5.33832 -94.7635
v 25.144 -4.20206 -88.2056
v -25.144 0.99295 -83.1756
v -25.144 -4.20206 -88.2056
v -25.144 -5.33832 -94.7635
v -25.144 0.26223 -90.3566
v -25.144 -2.12401 -97.1395
v -25.144 4.72653 -92.5075
v -25.144 6.75412 -85.1451
v -25.144 14.0029 -79.2219
v -25.144 6.85113 -77.4964
v -25.144 -0.30066 -75.7709
v 13.4672 -0.05382 -76.5802
v 19.645 0.58645 -69.8521
v 19.3609 -1.83276 -82.2576
v 19.7156 -6.93711 -93.5754
v 13.848 -4.15394 -88.3162
v 8.84488 -6.83253 -94.2389
v 2.538 -4.01798 -89.0903
v 7.63486 -1.75989 -82.7774
v 0.84600 -0.11614 -79.0451
v 7.83352 0.69694 -72.3078
v -13.4672 -0.05382 -76.5802
v -7.83352 0.69694 -72.3078
v -0.84600 -0.11614 -79.0451
v -7.63486 -1.75989 -82.7774
v -2.538 -4.01798 -89.0903
v -8.84488 -6.83253 -94.2389
v -13.848 -4.15394 -88.3162
v -19.7156 -6.93711 -93.5754
v -19.3609 -1.83276 -82.2576
v -19.645 0.58645 -69.8521
v 2.02271 6.77705 -87.8366
v 0.84601 14.9523 -79.2778
v 0.84601 13.3452 -78.2771
v 2.02039 5.38711 -87.0384
v 2.538 0.03560 -89.9503
v 3.50461 -4.69481 -96.3071
v 2.81862 0.88866 -92.8707
v 3.51853 -2.09177 -97.8684
v 2.55657 4.72653 -92.3326
v -2.0227 6.77705 -87.8366
v -2.55656 4.72653 -92.3326
v -3.51853 -2.09177 -97.8684
v -2.81861 0.88866 -92.8707
v -3.50461 -4.69481 -96.3071
v -2.538 0.03560 -89.9503
v -2.02038 5.38711 -87.0384
v -0.84599 13.3452 -78.2771
v -0.84599 14.9523 -79.2778
v 20.4295 21.7944 -58.5456
v 15.9769 23.3333 -46.103
v 14.2745 21.9131 -58.4972
v 5.23834 21.3271 -62.9356
v 9.05376 18.7341 -72.0161
v 15.584 20.3441 -66.0458
v 20.1676 18.0221 -71.8984
v -20.4295 21.7944 -58.5456
v -20.1676 18.0221 -71.8984
v -15.584 20.3441 -66.0458
v -9.05374 18.7341 -72.0161
v -5.23833 21.3271 -62.9356
v -14.2745 21.9131 -58.4972
v -15.9769 23.3333 -46.103
v -4.84546 22.9036 -51.7131
v 4.84546 22.9036 -51.7131
v 0 23.8281 -42.1459
v 20.5781 11.5834 -83.6121
v 15.7326 15.6209 -77.5189
v 7.48471 14.2423 -80.1424
v 15.166 11.7021 -83.5637
v 18.2943 5.32122 -91.6995
v -20.5781 11.5834 -83.6121
v -18.2943 5.32122 -91.6995
v -15.166 11.7021 -83.5637
v -7.4847 14.2423 -80.1424
v -15.7326 15.6209 -77.5189
v 11.25 3.14914 -94.4766
v 18.3367 -1.04265 -98.9814
v 10.8951 7.9266 -88.6173
v 6.04929 7.9266 -88.5984
v 8.24808 -1.04265 -98.9523
v -11.25 3.14914 -94.4766
v -8.24807 -1.04265 -98.9523
v -6.04928 7.9266 -88.5984
v -10.8951 7.9266 -88.6173
v -18.3367 -1.04265 -98.9814
v 1.37475 5.95294 -81.541
v 0.00001 12.3544 -75.6506
v 0.63450 7.10226 -77.4054
v 0 4.28517 -76.6567
v 1.37475 2.24348 -81.207
v -1.37475 5.95294 -81.541
v -1.37475 2.24348 -81.207
v -0.63450 7.10226 -77.4054
v 5.23795 -11.7164 -106.813
v 4.32281 -5.89072 -103.528
v 4.37337 -7.81941 -101.381
v 4.30425 -9.6889 -98.9453
v 5.23563 -12.4145 -103.689
v 6.14475 -15.8283 -105.262
v 7.065 -19.7908 -110.62
v 6.14475 -16.3639 -109.062
v 7.065 -21.5763 -115.02
v 6.14475 -16.8994 -112.863
v -5.23795 -11.7164 -106.813
v -6.14475 -16.8994 -112.863
v -7.065 -21.5763 -115.02
v -6.14475 -16.3639 -109.062
v -7.065 -19.7908 -110.62
v -6.14475 -15.8283 -105.262
v -5.23563 -12.4145 -103.689
v -4.30425 -9.6889 -98.9453
v -4.37337 -7.81941 -101.381
v -4.32281 -5.89072 -103.528
v 10.2055 -12.7741 -101.993
v 14.7311 -9.79808 -98.1712
v 25.144 -9.81941 -98.0606
v 20.1653 -12.7904 -101.882
v 25.144 -15.8283 -105.262
v 20.6242 -18.898 -108.42
v 15.6444 -15.8283 -105.262
v 11.5848 -18.898 -108.42
v -10.2055 -12.7741 -101.993
v -11.5848 -18.898 -108.42
v -15.6444 -15.8283 -105.262
v -20.6242 -18.898 -108.42
v -25.144 -15.8283 -105.262
v -20.1653 -12.7904 -101.882
v -25.144 -9.81941 -98.0606
v -14.7311 -9.79808 -98.1712
v 25.144 -12.434 -103.501
v 25.144 -7.85507 -100.812
v 25.144 -5.89072 -103.563
v 25.144 -11.7196 -106.74
v 25.144 -16.8994 -112.863
v 25.144 -21.5763 -115.02
v 25.144 -16.3639 -109.062
v 25.144 -19.7908 -110.62
v -25.144 -12.434 -103.501
v -25.144 -19.7908 -110.62
v -25.144 -16.3639 -109.062
v -25.144 -21.5763 -115.02
v -25.144 -16.8994 -112.863
v -25.144 -11.7196 -106.74
v -25.144 -5.89072 -103.563
v -25.144 -7.85507 -100.812
v 20.1042 -11.415 -108.426
v 14.367 -6.2062 -103.959
v 10.1468 -11.415 -108.421
v 11.5848 -22.469 -117.22
v 15.6444 -16.8994 -112.863
v 20.6242 -22.469 -117.22
v -20.1042 -11.415 -108.426
v -20.6242 -22.469 -117.22
v -15.6444 -16.8994 -112.863
v -11.5848 -22.469 -117.22
v -10.1468 -11.415 -108.421
v -14.367 -6.2062 -103.959
v 11.5847 -20.6835 -112.82
v 16.1045 -19.7908 -110.62
v 20.6242 -20.6835 -112.82
v 16.1045 -21.5763 -115.02
v -11.5847 -20.6835 -112.82
v -16.1045 -21.5763 -115.02
v -20.6242 -20.6835 -112.82
v -16.1045 -19.7908 -110.62
v 14.1674 14.136 41.6715
v 9.13842 17.469 41.0767
v 14.54 17.3663 38.911
v 16.1328 21.2508 35.339
v 21.349 16.0537 35.339
v 17.4228 14.4894 38.911
v 17.5093 9.11223 41.0767
v -14.1674 14.136 41.6715
v -17.5093 9.11223 41.0767
v -17.4228 14.4894 38.911
v -21.349 16.0537 35.339
v -16.1328 21.2508 35.339
v -14.54 17.3663 38.911
v -9.13842 17.469 41.0767
v -6.53468 20.2145 37.7809
v 0 22.6473 34.7145
v 6.53468 20.2145 37.7809
v 0 18.6362 40.7794
v 14.54 -17.3663 38.911
v 9.13842 -17.4689 41.0767
v 14.1674 -14.136 41.6715
v 17.5093 -9.11217 41.0767
v 17.4228 -14.4894 38.911
v 21.349 -16.0537 35.339
v 16.1328 -21.2508 35.339
v -14.54 -17.3663 38.911
v -16.1328 -21.2508 35.339
v -21.349 -16.0537 35.339
v -17.4228 -14.4894 38.911
v -17.5093 -9.11217 41.0767
v -14.1674 -14.136 41.6715
v -9.13842 -17.4689 41.0767
v -6.53468 -20.2145 37.7809
v 0 -18.6362 40.7794
v 6.53468 -20.2145 37.7809
v 12.572 -25 31.8
v 0 -22.6473 34.7145
v -12.572 -25 31.8
v 20.2864 -6.50692 37.7809
v 18.6803 0.00003 40.7794
v 20.2864 6.50697 37.7809
v 22.7546 0.00001 34.7145
v -20.2864 -6.50692 37.7809
v -22.7546 0.00001 34.7145
v -20.2864 6.50697 37.7809
v -18.6803 0.00003 40.7794
v 19.6695 -29.4049 8.11659
v 18.5534 -27.1528 22.0358
v 22.8714 -27.1528 -3.45487
v 18.5534 -27.1528 -28.9456
v 19.6695 -29.4049 -15.1058
v 14.1761 -31.8559 -22.066
v 16.9613 -34.6052 -12.8157
v 19.331 -31.8559 -3.50403
v 16.9612 -34.6052 5.8797
v 14.176 -31.8559 15.0579
v -19.6695 -29.4049 8.1166
v -14.176 -31.8559 15.0579
v -16.9612 -34.6052 5.8797
v -19.331 -31.8559 -3.50403
v -16.9613 -34.6052 -12.8157
v -14.1761 -31.8559 -22.066
v -19.6695 -29.4049 -15.1058
v -18.5534 -27.1528 -28.9456
v -22.8714 -27.1528 -3.45487
v -18.5534 -27.1528 22.0358
v -4.28208 -16.106 104.817
v -8.41612 -12.3714 105.112
v 0 -12.7485 105.272
v 8.41612 -12.3714 105.112
v 4.28208 -16.106 104.817
v 8.40214 -18.4021 104.293
v 0 -19.5386 104.339
v -8.40214 -18.4021 104.293
v -4.28208 16.106 104.817
v -8.40214 18.4021 104.293
v 0 19.5386 104.339
v 8.40214 18.4021 104.293
v 4.28208 16.106 104.817
v 8.41612 12.3714 105.112
v 0 12.7485 105.272
v -8.41612 12.3714 105.112
v 11.6337 -14.7674 104.622
v 12.3714 -8.41613 105.112
v 14.7673 -11.6338 104.622
v 18.4021 -8.40215 104.293
v 14.8753 -14.8754 104.201
v -11.6337 -14.7674 104.622
v -14.8753 -14.8754 104.201
v -18.4021 -8.40215 104.293
v -14.7673 -11.6338 104.622
v -12.3714 -8.41613 105.112
v 16.106 -4.28207 104.817
v 12.7485 0.00003 105.272
v 12.3714 8.41619 105.112
v 16.106 4.28217 104.817
v 18.4021 8.40228 104.293
v 19.5386 0.00007 104.339
v -16.106 -4.28207 104.817
v -19.5386 0.00007 104.339
v -18.4021 8.40228 104.293
v -16.106 4.28217 104.817
v -12.3714 8.41619 105.112
v -12.7485 0.00003 105.272
v 14.7673 11.6338 104.622
v 11.6337 14.7674 104.622
v 14.8753 14.8755 104.201
v -14.7673 11.6338 104.622
v -14.8753 14.8755 104.201
v -11.6337 14.7674 104.622
v 15.7937 -44.8415 -3.057
v 14.1709 -48.585 4.96519
v 11.5819 -44.8415 11.7564
v 15.3616 -41.1974 5.14919
v 12.638 -37.7522 12.7315
v 17.2337 -37.7522 -3.37141
v 12.6381 -37.7522 -19.4743
v 15.3617 -41.1974 -11.6079
v 11.5822 -44.8415 -17.8704
v 14.1712 -48.585 -10.7042
v -15.3616 -41.1974 5.14919
v -11.5819 -44.8415 11.7564
v -14.1709 -48.585 4.96519
v -15.7937 -44.8415 -3.057
v -14.1712 -48.585 -10.7042
v -11.5822 -44.8415 -17.8704
v -15.3617 -41.1974 -11.6079
v -12.6381 -37.7522 -19.4743
v -17.2337 -37.7522 -3.37141
v -12.638 -37.7522 12.7315
v 0 -27.1528 27.9052
v 8.65428 -29.4049 22.8649
v 7.26909 -34.6052 18.3433
v 0 -31.8559 21.8077
v -7.26909 -34.6052 18.3433
v -8.65428 -29.4049 22.8649
v 8.65429 -29.4049 -29.8541
v 0 -27.1528 -34.8149
v -8.65429 -29.4049 -29.8541
v -7.26913 -34.6052 -25.2793
v 0 -31.8559 -28.8158
v 7.26913 -34.6052 -25.2793
v 0 -44.8415 -23.2571
v 6.07344 -48.585 -21.1504
v 6.58363 -41.1974 -22.7793
v 0 -37.7522 -25.3299
v -6.58363 -41.1974 -22.7793
v -6.07344 -48.585 -21.1504
v 6.5835 -41.1974 16.3206
v 6.07319 -48.585 15.4114
v 0 -44.8415 17.1431
v -6.07319 -48.585 15.4114
v -6.5835 -41.1974 16.3206
v 0 -37.7522 18.587
v 0 -5.90404 -49.1
v 15.9769 -4.67934 -51.6708
v 4.84546 -3.17339 -54.4769
v 5.18607 -0.50106 -64.3872
v -5.18607 -0.50106 -64.3872
v -4.84546 -3.17339 -54.4769
v -15.9769 -4.67934 -51.6708
v 14.2222 -1.1692 -59.257
v 20.3772 -1.21348 -58.8477
v 15.2705 0.43691 -65.0835
v -20.3772 -1.21348 -58.8477
v -14.2222 -1.1692 -59.257
v -15.2705 0.43691 -65.0835
v -19.3191 -212.126 3.71564
v -18.3846 -226.401 7.53468
v -19.5756 -236.159 2.3463
v -19.6855 -222.11 -0.46959
v -19.2861 -231.375 -5.19779
v -18.1867 -221.912 -8.32445
v -19.2861 -211.487 -3.95369
v -18.1867 -201.063 -7.52473
v -19.2861 -190.5 -3.83382
v -19.6525 -201.063 -0.09763
v -19.2861 -190.5 3.28529
v -18.1867 -201.063 7.32943
v -19.2861 -168.838 2.68444
v -18.1867 -179.938 6.5243
v -19.6525 -179.938 -0.52905
v -18.1867 -179.938 -7.58243
v -19.2861 -168.829 -4.30718
v -18.1867 -156.583 -8.35925
v -19.2861 -142.791 -5.09151
v -19.6525 -156.653 -1.06595
v -19.2861 -142.88 2.57947
v -18.1867 -156.672 6.19037
v -10.9204 -212.945 18.539
v -7.53332 -227.469 21.5201
v -10.9204 -245.953 19.453
v -13.9295 -227.419 15.7417
v -16.5523 -245.952 11.9166
v -16.3874 -212.896 11.5634
v -16.3544 -190.5 10.6696
v -13.8966 -201.063 14.7973
v -10.9204 -190.5 17.4624
v -7.53332 -201.063 20.4639
v -10.9204 -168.851 16.7515
v -7.53332 -179.938 19.4889
v -13.8966 -179.938 13.8393
v -16.3544 -168.843 9.98068
v -16.3544 -142.931 10.3009
v -13.8966 -156.7 13.5865
v -10.9204 -143.007 17.178
v -7.53332 -156.728 19.2451
v 3.8425 -212.945 22.4963
v 7.53324 -227.469 21.5201
v 3.8425 -245.953 23.4104
v -0.00005 -227.469 23.4988
v -3.84259 -245.953 23.4104
v -3.84259 -212.945 22.4963
v -3.84259 -190.5 21.4198
v -0.00005 -201.063 22.4426
v 3.8425 -190.5 21.4198
v 7.53324 -201.063 20.4639
v 3.8425 -168.856 20.7088
v 7.53324 -179.938 19.4889
v -0.00005 -179.938 21.4676
v -3.84259 -168.856 20.7088
v -3.84259 -143.058 21.1354
v -0.00005 -156.738 21.2238
v 3.8425 -143.058 21.1354
v 7.53324 -156.728 19.2451
v 16.3874 -212.896 11.5634
v 18.3846 -226.401 7.53468
v 16.5523 -245.952 11.9166
v 13.9295 -227.419 15.7417
v 10.9203 -245.953 19.453
v 10.9203 -212.945 18.539
v 10.9203 -190.5 17.4624
v 13.8965 -201.063 14.7973
v 16.3544 -190.5 10.6696
v 18.1867 -201.063 7.32943
v 16.3544 -168.843 9.98068
v 18.1867 -179.938 6.5243
v 13.8965 -179.938 13.8393
v 10.9203 -168.851 16.7515
v 10.9203 -143.007 17.178
v 13.8965 -156.7 13.5865
v 16.3544 -142.931 10.3009
v 18.1867 -156.672 6.19037
v 19.2861 -211.487 -3.95369
v 18.1867 -221.912 -8.32445
v 19.2861 -231.375 -5.19779
v 19.6855 -222.11 -0.46959
v 19.5756 -236.159 2.3463
v 19.3191 -212.126 3.71564
v 19.2861 -190.5 3.28529
v 19.6525 -201.063 -0.09763
v 19.2861 -190.5 -3.83382
v 18.1867 -201.063 -7.52473
v 19.2861 -168.829 -4.30718
v 18.1867 -179.938 -7.58243
v 19.6525 -179.938 -0.52905
v 19.2861 -168.838 2.68444
v 19.2861 -142.88 2.57947
v 19.6525 -156.653 -1.06595
v 19.2861 -142.791 -5.09151
v 18.1867 -156.583 -8.35925
v 10.9204 -255.056 -21.8844
v 7.53332 -269.161 -25.2819
v 10.9204 -286.812 -23.5508
v 13.8966 -268.787 -19.5789
v 16.3544 -284.815 -16.3921
v 18.1867 -265.402 -11.7843
v 16.3544 -254.103 -15.0409
v 18.1867 -241.937 -10.1944
v 16.3544 -232.475 -13.0441
v 13.8966 -243.175 -17.6969
v 10.9204 -232.75 -19.9525
v 7.53332 -243.313 -23.3675
v 10.9204 -211.625 -18.5801
v 7.53332 -222.188 -21.6485
v 13.8966 -222.16 -15.9628
v 16.3544 -211.597 -11.6974
v 16.3544 -190.5 -11.2182
v 13.8966 -201.063 -14.9927
v 10.9204 -190.5 -18.0111
v 7.53332 -201.063 -20.6594
v 10.9204 -168.753 -18.4205
v 7.5333 -179.938 -20.5472
v 13.8965 -179.938 -14.8975
v 16.3544 -168.799 -11.622
v 16.3544 -142.486 -12.9978
v 13.8965 -156.416 -15.8571
v 10.9204 -142.029 -20.1522
v 7.53327 -156.248 -21.6174
v -3.8425 -255.056 -25.8419
v -7.53324 -269.161 -25.2819
v -3.8425 -286.806 -27.5083
v 0.00005 -269.16 -27.2606
v 3.84259 -286.806 -27.5083
v 3.84259 -255.056 -25.8419
v 3.84259 -232.75 -23.9099
v 0.00005 -243.313 -25.3462
v -3.8425 -232.75 -23.9099
v -7.53324 -243.313 -23.3675
v -3.8425 -211.625 -22.5376
v -7.53324 -222.188 -21.6485
v 0.00005 -222.188 -23.6272
v 3.84259 -211.625 -22.5376
v 3.84258 -190.5 -21.9685
v 0.00005 -201.063 -22.6381
v -3.8425 -190.5 -21.9685
v -7.53324 -201.063 -20.6594
v -3.84252 -168.722 -22.3964
v -7.53324 -179.938 -20.5472
v 0.00003 -179.938 -22.5259
v 3.84256 -168.722 -22.3964
v 3.84254 -141.725 -24.2944
v 0.00001 -156.187 -23.6331
v -3.84253 -141.725 -24.2944
v -7.53325 -156.248 -21.6174
v -16.3544 -254.103 -15.0409
v -18.1867 -265.402 -11.7843
v -16.3544 -284.815 -16.3921
v -13.8965 -268.787 -19.5789
v -10.9204 -286.812 -23.5508
v -10.9203 -255.056 -21.8844
v -10.9203 -232.75 -19.9525
v -13.8965 -243.175 -17.6969
v -16.3544 -232.475 -13.0441
v -18.1867 -241.937 -10.1944
v -16.3544 -211.597 -11.6974
v -13.8965 -222.16 -15.9628
v -10.9203 -211.625 -18.5801
v -10.9204 -190.5 -18.0111
v -13.8965 -201.063 -14.9927
v -16.3544 -190.5 -11.2182
v -16.3544 -168.799 -11.622
v -13.8965 -179.938 -14.8975
v -10.9204 -168.753 -18.4205
v -10.9204 -142.029 -20.1522
v -13.8965 -156.416 -15.8571
v -16.3544 -142.486 -12.9978
v -6.31976 -400.95 -10.7109
v -12.904 -399.98 -12.6364
v -14.6447 -399.992 -6.73508
v -8.93747 -400.964 -1.92331
v -14.6447 -400.017 3.6051
v -12.9041 -400.03 9.50645
v -6.31978 -400.979 6.86434
v -7.80685 -400.048 16.5057
v -3.60439 -400.053 18.8553
v -0.00002 -400.985 10.4345
v 3.60432 -400.053 18.8551
v 7.80679 -400.048 16.5053
v 6.31976 -400.979 6.86417
v 12.904 -400.03 9.50621
v 14.6447 -400.017 3.605
v 8.93747 -400.964 -1.92334
v 14.6447 -399.992 -6.73508
v 12.9041 -399.98 -12.6364
v 6.31978 -400.95 -10.7109
v 7.80685 -399.963 -19.6356
v 3.60439 -399.958 -21.9853
v 0.00002 -400.944 -14.2812
v -3.60432 -399.958 -21.9853
v -7.80679 -399.963 -19.6356
v -15.4558 -61.8701 -19.897
v -17.4981 -69.0261 -13.8702
v -16.2632 -78.8909 -17.7919
v -14.2843 -68.3433 -22.7733
v -11.3619 -76.88 -25.632
v -8.59231 -65.6745 -27.9957
v -12.499 -60.6818 -24.6266
v -10.2495 -53.9143 -23.0466
v -14.7242 -55.0721 -16.3412
v -18.5589 -69.2426 -1.60898
v -18.7899 -79.7351 -7.19558
v -17.4063 -60.9889 -8.82534
v -16.543 -54.412 -2.39585
v -14.7239 -55.8067 11.4303
v -17.4062 -61.3296 4.84393
v -17.498 -70.0629 10.3227
v -18.7899 -80.1557 4.35499
v -14.2841 -71.5721 18.2893
v -16.2632 -80.9941 14.1781
v -15.4555 -63.834 15.4579
v -10.2492 -55.9997 17.4333
v -12.4987 -64.0321 19.4666
v -8.59217 -70.6215 22.4149
v -11.3619 -81.3293 20.7982
v -0.00003 -70.108 23.737
v -4.17784 -80.9377 24.0991
v -4.95953 -61.8628 21.6845
v -0.00001 -54.7641 19.5998
v 10.2492 -55.9997 17.4333
v 4.95948 -61.8628 21.6845
v 8.59211 -70.6215 22.4149
v 4.17776 -80.9377 24.0991
v 14.284 -71.5721 18.2893
v 11.3618 -81.3293 20.7982
v 12.4987 -64.0321 19.4666
v 14.7239 -55.8067 11.4303
v 15.4555 -63.834 15.4579
v 17.498 -70.0629 10.3227
v 16.2631 -80.9941 14.1781
v 18.5589 -69.2426 -1.60898
v 18.7899 -80.1557 4.35499
v 17.4062 -61.3296 4.84393
v 16.543 -54.412 -2.39585
v 14.7242 -55.0721 -16.3412
v 17.4063 -60.9889 -8.82534
v 17.4981 -69.0261 -13.8702
v 18.7899 -79.7351 -7.19558
v 14.2842 -68.3433 -22.7733
v 16.2632 -78.8909 -17.7919
v 15.4558 -61.8701 -19.897
v 10.2495 -53.9143 -23.0466
v 12.499 -60.6818 -24.6266
v 8.5923 -65.6745 -27.9957
v 11.3619 -76.88 -25.632
v -0.00001 -64.5686 -29.7276
v 4.17783 -75.0429 -29.7862
v 4.95965 -57.7897 -27.6068
v 0 -52.5365 -25.5006
v -4.95966 -57.7897 -27.6068
v -4.17784 -75.0429 -29.7862
v -19.6525 -395.221 0.22094
v -19.2861 -393.094 7.43919
v -18.1867 -395.293 12.0657
v -18.8037 -397.234 5.21424
v -16.6354 -398.746 9.00608
v -17.4366 -398.924 -1.16154
v -16.6354 -398.679 -11.1711
v -18.8037 -397.183 -6.25641
v -18.1867 -395.151 -11.6238
v -19.2861 -392.997 -5.37219
v -13.8966 -395.354 21.341
v -10.9204 -393.253 26.3601
v -7.53332 -395.395 27.2084
v -10.629 -397.317 22.7236
v -6.89071 -398.793 22.5074
v -12.3297 -398.981 16.5005
v -15.9637 -397.281 15.3078
v -16.3544 -393.184 18.6184
v -13.8966 -384.879 21.4076
v -18.1867 -385.604 12.7332
v -16.3544 -375.638 16.0837
v -18.1867 -365.228 10.5005
v -16.3544 -346.7 13.6432
v -13.8966 -362.43 18.6247
v -10.9204 -344.969 20.875
v -7.53332 -362.133 24.3641
v -10.9204 -374.923 23.2112
v -7.53332 -384.832 27.2082
v -0.00005 -395.409 29.1868
v 3.8425 -393.291 30.317
v 7.53324 -395.395 27.2079
v 3.77226 -397.337 26.5569
v 6.89064 -398.793 22.507
v -0.00004 -399.005 23.4309
v -3.77236 -397.337 26.5572
v -3.84259 -393.291 30.3173
v -0.00005 -384.846 29.1867
v -3.84259 -374.943 27.1686
v -3.84259 -344.975 24.8324
v -0.00005 -362.139 26.3427
v 3.8425 -344.975 24.8323
v 7.53324 -362.133 24.364
v 3.8425 -374.943 27.1684
v 7.53324 -384.832 27.2078
v 13.8965 -395.354 21.3405
v 16.3544 -393.184 18.6181
v 18.1867 -395.293 12.0655
v 15.9637 -397.281 15.3075
v 16.6354 -398.746 9.00591
v 12.3296 -398.981 16.5001
v 10.6289 -397.317 22.723
v 10.9203 -393.253 26.3595
v 13.8965 -384.879 21.4072
v 10.9203 -374.923 23.211
v 10.9203 -344.969 20.8749
v 13.8965 -362.43 18.6245
v 16.3544 -346.7 13.6432
v 18.1867 -365.228 10.5005
v 16.3544 -375.638 16.0836
v 18.1867 -385.604 12.7331
v 19.6525 -395.221 0.22092
v 19.2861 -392.997 -5.37219
v 18.1867 -395.151 -11.6238
v 18.8037 -397.183 -6.25641
v 16.6354 -398.679 -11.1711
v 17.4366 -398.924 -1.16156
v 18.8037 -397.234 5.21418
v 19.2861 -393.094 7.43913
v 13.8966 -395.092 -20.899
v 10.9204 -392.844 -24.2931
v 7.53332 -395.054 -26.7666
v 10.629 -397.103 -23.7657
v 6.89071 -398.634 -24.6724
v 12.3297 -398.868 -18.8234
v 15.9637 -397.138 -16.3499
v 16.3544 -392.909 -16.5514
v 0.00005 -395.041 -28.7453
v -3.8425 -392.809 -28.2506
v -7.53324 -395.054 -26.7666
v -3.77226 -397.085 -27.5995
v -6.89064 -398.634 -24.6724
v 0.00004 -398.846 -25.7541
v 3.77236 -397.085 -27.5995
v 3.84259 -392.809 -28.2506
v -13.8965 -395.092 -20.899
v -16.3544 -392.909 -16.5514
v -15.9637 -397.138 -16.3499
v -12.3296 -398.868 -18.8234
v -10.6289 -397.103 -23.7657
v -10.9203 -392.844 -24.2931
v -13.8966 -322.52 16.9581
v -18.1867 -327.214 8.46168
v -16.3874 -297.942 12.5526
v -18.3846 -273.884 7.51946
v -13.9295 -269.965 16.3362
v -7.53332 -269.719 22.1701
v -10.9204 -295.992 19.9202
v -7.53332 -322.002 22.7389
v -0.00005 -322.003 24.7176
v -3.84259 -295.993 23.8776
v -0.00005 -269.719 24.1488
v 7.53324 -269.719 22.1701
v 3.8425 -295.993 23.8776
v 7.53324 -322.002 22.7389
v 13.8965 -322.52 16.9581
v 10.9203 -295.992 19.9202
v 13.9295 -269.965 16.3362
v 18.3846 -273.884 7.51946
v 16.3874 -297.942 12.5526
v 18.1867 -327.214 8.46167
v -19.7771 -255.704 -3.76165
v -19.2861 -276.803 -7.54464
v -19.2861 -250.287 -7.45398
v -19.7771 -241.331 -3.00733
v -19.5756 -259.581 1.68347
v -19.2861 -323.035 -7.27476
v -18.1867 -303.588 -12.2653
v -19.6855 -290.471 -2.46174
v -19.3191 -307.448 3.02668
v -19.2861 -353.651 4.50289
v -19.6525 -339.927 -1.55192
v -19.3777 -371.932 -5.32584
v -18.1867 -358.579 -11.9887
v -13.8965 -308.632 -20.6959
v -16.3544 -333.091 -16.8504
v -13.8965 -363.108 -20.9244
v -7.53324 -363.366 -26.7666
v -10.9204 -335.103 -24.2189
v -7.53324 -309.179 -26.4696
v -19.7442 -373.775 1.75581
v -19.2861 -378.594 7.36078
v -19.7442 -385.975 2.60511
v 19.2861 -378.594 7.36075
v 19.2861 -353.651 4.50288
v 19.7442 -373.775 1.75581
v 19.3777 -371.932 -5.32584
v 19.7442 -385.975 2.6051
v 19.6525 -339.927 -1.55192
v 19.3191 -307.448 3.02668
v 19.5756 -259.581 1.68347
v 19.6855 -290.471 -2.46174
v 19.2861 -276.803 -7.54464
v 18.1867 -303.588 -12.2653
v 19.2861 -323.035 -7.27476
v 18.1867 -358.579 -11.9887
v 19.7771 -255.704 -3.76165
v 19.7771 -241.331 -3.00733
v 19.2861 -250.287 -7.45398
v 16.3544 -333.091 -16.8504
v 13.8966 -308.632 -20.6959
v 7.53332 -309.179 -26.4696
v 10.9204 -335.103 -24.2189
v 7.53332 -363.366 -26.7666
v 13.8966 -363.108 -20.9244
v 3.84259 -335.085 -28.1764
v 0.00005 -309.173 -28.4484
v -3.8425 -335.085 -28.1764
v 0.00005 -363.353 -28.7453
v -16.3453 -109.083 -15.3193
v -18.1867 -126.541 -9.79136
v -13.8965 -125.703 -18.1204
v -7.53325 -124.865 -24.3346
v -10.9645 -107.666 -23.2343
v -7.74507 -90.0943 -27.4487
v -13.9741 -91.9686 -20.9803
v -18.049 -93.4458 -11.7158
v -19.6525 -126.89 -1.29397
v -19.2365 -109.978 -6.00257
v -19.4338 -94.0477 -1.28736
v -18.049 -94.3641 8.77935
v -19.2365 -110.256 3.36181
v -18.1867 -126.985 7.01857
v -13.8966 -127.125 14.8393
v -16.3453 -110.475 12.1095
v -13.9741 -94.8894 17.0432
v -7.74509 -94.9227 22.479
v -10.9646 -110.711 19.165
v -7.53332 -127.265 20.5451
v -0.00005 -127.315 22.5238
v -3.87612 -110.807 23.0568
v -0.00005 -94.9013 24.3265
v 7.74501 -94.9227 22.479
v 3.87603 -110.807 23.0568
v 7.53324 -127.265 20.5451
v 13.8965 -127.125 14.8393
v 10.9645 -110.711 19.165
v 13.974 -94.8894 17.0432
v 18.049 -94.3641 8.77935
v 16.3453 -110.475 12.1095
v 18.1867 -126.985 7.01857
v 19.6525 -126.89 -1.29397
v 19.2365 -110.256 3.36181
v 19.4338 -94.0477 -1.28737
v 18.049 -93.4458 -11.7158
v 19.2365 -109.978 -6.00257
v 18.1867 -126.541 -9.79136
v 13.8965 -125.703 -18.1204
v 16.3453 -109.083 -15.3193
v 13.9741 -91.9686 -20.9803
v 7.74506 -90.0943 -27.4487
v 10.9645 -107.666 -23.2343
v 7.53326 -124.865 -24.3346
v 0 -124.561 -26.4981
v 3.87606 -106.672 -27.7031
v -0.00001 -89.3856 -29.6738
v -3.87607 -106.672 -27.7031
v 0 0 105.865
v 0 16.1165 51.5928
v 0 19.3794 63.6941
v 0 22.6742 85.7
v 0 -16.1165 51.5928
v 0 -19.3794 63.6941
v 0 -22.6742 85.7
v 11.4455 -11.444 51.6374
v -11.4455 -11.444 51.6374
v 13.7032 -13.7033 63.6941
v -13.7032 -13.7033 63.6941
v 16.033 -16.033 85.7
v -16.033 -16.033 85.7
v 16.1187 0.00005 51.5928
v -16.1187 0.00005 51.5928
v 19.3794 0.00007 63.6941
v -19.3794 0.00007 63.6941
v 22.6742 0.00010 85.7
v -22.6742 0.00010 85.7
v 11.4455 11.444 51.6374
v -11.4455 11.444 51.6374
v 13.7032 13.7033 63.6941
v -13.7032 13.7033 63.6941
v 16.033 16.0331 85.7
v -16.033 16.0331 85.7
v 0 24.9414 -2.69875
v 25.144 -1.63176 -11.162
v -25.144 -1.63176 -11.162
v 0 -16.3583 -41.225
v 25.144 9.77329 -55.5779
v -25.144 9.77329 -55.5779
v 25.144 3.87353 -84.1604
v -25.144 3.87353 -84.1604
v 13.5378 -1.7871 -82.4209
v -13.5378 -1.7871 -82.4209
v 2.28672 4.35457 -89.2658
v -2.28672 4.35457 -89.2658
v 16.7627 21.3856 -61.1052
v -16.7627 21.3856 -61.1052
v 0 23.2292 -48.649
v 17.1589 12.9988 -81.5944
v -17.1589 12.9988 -81.5944
v 9.3976 6.34136 -90.5976
v -9.39759 6.34136 -90.5976
v 1.128 5.13569 -79.9581
v -1.128 5.13569 -79.9581
v 5.24178 -12.0679 -105.263
v -5.24178 -12.0679 -105.263
v 15.186 -12.7859 -101.91
v -15.186 -12.7859 -101.91
v 25.144 -12.0768 -105.121
v -25.144 -12.0768 -105.121
v 15.095 -11.4413 -108.458
v -15.095 -11.4413 -108.458
v 16.1045 -20.6835 -112.82
v -16.1045 -20.6835 -112.82
v 15.3644 15.3186 39.809
v -15.3644 15.3186 39.809
v 0 20.4682 37.6879
v 15.3644 -15.3186 39.809
v -15.3644 -15.3186 39.809
v 0 -20.4682 37.6879
v 20.5413 0.00002 37.6879
v -20.5413 0.00002 37.6879
v 20.85 -29.4049 -3.4946
v -20.85 -29.4049 -3.4946
v 0 -16.2733 104.841
v 0 16.2733 104.841
v 13.8064 -13.8064 104.489
v -13.8064 -13.8064 104.489
v 16.2733 0.00005 104.841
v -16.2733 0.00005 104.841
v 13.8064 13.8065 104.489
v -13.8064 13.8065 104.489
v 16.4589 -41.1974 -3.22935
v -16.4589 -41.1974 -3.22935
v 0 -29.4049 24.4334
v 0 -29.4049 -31.4226
v 0 -41.1974 -24.1757
v 0 -41.1974 17.717
v 0 -4.02466 -52.5194
v 16.6233 -0.56426 -60.9315
v -16.6233 -0.56426 -60.9315
v -19.6608 -211.606 -0.12185
v -19.6525 -168.835 -0.81021
v -13.9048 -212.933 15.3111
v -13.8966 -168.847 13.5748
v -0.00005 -212.945 22.991
v -0.00005 -168.856 21.2035
v 13.9048 -212.933 15.3111
v 13.8965 -168.847 13.5748
v 19.6608 -211.606 -0.12185
v 19.6525 -168.835 -0.81021
v 13.8966 -254.818 -18.6895
v 13.8966 -211.618 -15.3754
v 13.8965 -168.776 -15.2299
v 0.00005 -255.056 -26.3366
v 0.00005 -211.625 -23.0322
v 0.00002 -168.719 -22.8934
v -13.8965 -254.818 -18.6895
v -13.8965 -211.618 -15.3754
v -13.8965 -168.776 -15.2299
v 0 -401.486 -2.11801
v -14.1617 -63.4125 -22.5754
v -17.7269 -61.0332 -1.96231
v -14.1614 -66.2905 17.8822
v -0.00002 -61.6896 22.0754
v 14.1614 -66.2905 17.8822
v 17.7269 -61.0332 -1.96231
v 14.1616 -63.4125 -22.5754
v 0 -57.5203 -28.0796
v -19.0986 -397.235 -0.53096
v -13.5048 -397.327 19.331
v -13.8966 -375.095 19.9453
v -0.00005 -397.365 26.9353
v -0.00005 -374.945 27.6631
v 13.5048 -397.327 19.3305
v 13.8965 -375.095 19.9451
v 19.0986 -397.235 -0.53098
v 13.5048 -397.146 -20.3928
v 0.00005 -397.11 -27.9975
v -13.5048 -397.146 -20.3928
v -13.9048 -296.479 16.5943
v -0.00005 -295.993 24.3723
v 13.9048 -296.479 16.5943
v -19.6672 -248.905 -4.72697
v -19.6608 -315.123 -2.11179
v -13.8965 -334.607 -20.8927
v -19.6525 -379.559 3.90503
v 19.6525 -379.559 3.90502
v 19.6608 -315.123 -2.11179
v 19.6672 -248.905 -4.72697
v 13.8966 -334.607 -20.8927
v 0.00005 -335.083 -28.6711
v -13.9159 -108.393 -19.5797
v -19.5979 -110.159 -1.28482
v -13.9159 -110.616 15.9417
v -0.00005 -110.819 23.5432
v 13.9159 -110.616 15.9417
v 19.5979 -110.159 -1.28482
v 13.9159 -108.393 -19.5797
v 0 -106.547 -28.2617
v 0 8.87088 105.602
v 8.87088 0.00002 105.602
v 0 -8.87088 105.602
v -8.87088 0.00002 105.602
v 0 17.2541 44.1072
v 6.27742 14.9256 51.6077
v 0 16.9349 58.6206
v -6.27742 14.9256 51.6077
v 7.42839 17.9339 63.6941
v 0 22.6742 67.6
v -7.42839 17.9339 63.6941
v 8.69135 20.983 85.7
v 0 22.6742 103.8
v -8.69135 20.983 85.7
v 0 -16.9349 58.6206
v 6.27742 -14.9255 51.6077
v 0 -17.2541 44.1072
v -6.27742 -14.9255 51.6077
v 0 -22.6742 67.6
v 7.42839 -17.9339 63.6941
v -7.42839 -17.9339 63.6941
v 0 -22.6742 103.8
v 8.69135 -20.9829 85.7
v -8.69135 -20.9829 85.7
v 12.6953 -12.6796 44.5533
v 11.9747 -11.9747 58.6206
v 14.9275 -6.27611 51.6077
v -11.9747 -11.9747 58.6206
v -12.6953 -12.6796 44.5533
v -14.9275 -6.27611 51.6077
v 16.033 -16.033 67.6
v 17.9339 -7.42839 63.6941
v -16.033 -16.033 67.6
v -17.9339 -7.42839 63.6941
v 16.033 -16.033 103.8
v 20.9829 -8.69135 85.7
v -16.033 -16.033 103.8
v -20.9829 -8.69135 85.7
v 17.2761 0.00004 44.1072
v 16.9349 0.00006 58.6206
v 14.9275 6.2762 51.6077
v -16.9349 0.00006 58.6206
v -17.2761 0.00004 44.1072
v -14.9275 6.2762 51.6077
v 22.6742 0.00010 67.6
v 17.9339 7.42852 63.6941
v -22.6742 0.00010 67.6
v -17.9339 7.42852 63.6941
v 22.6742 0.00010 103.8
v 20.9829 8.69151 85.7
v -22.6742 0.00010 103.8
v -20.9829 8.69151 85.7
v 12.6953 12.6796 44.5533
v 11.9747 11.9748 58.6206
v -11.9747 11.9748 58.6206
v -12.6953 12.6796 44.5533
v 16.033 16.0331 67.6
v -16.033 16.0331 67.6
v 16.033 16.0331 103.8
v -16.033 16.0331 103.8
v 0 24.4141 -31.5802
v 25.144 24.9219 -2.8375
v 0 25 31.8
v -25.144 24.9219 -2.8375
v 25.144 -16.317 -41.325
v 25.144 -25 -3.4
v 25.144 0 31.8
v 25.144 6.50389 -37.2813
v -25.144 0 31.8
v -25.144 -25 -3.4
v -25.144 -16.317 -41.325
v -25.144 6.50389 -37.2813
v 0 -25 -38.6
v 0 -8.86554 -45.65
v 25.144 22.1845 -55.1186
v 25.144 8.94341 -70.4982
v 25.144 -2.36238 -56.5435
v -25.144 8.94341 -70.4982
v -25.144 22.1845 -55.1186
v -25.144 -2.36238 -56.5435
v 25.144 9.6347 -86.1299
v 25.144 -3.73117 -95.9515
v 25.144 -1.88763 -82.1909
v -25.144 -3.73117 -95.9515
v -25.144 9.6347 -86.1299
v -25.144 -1.88763 -82.1909
v 14.2837 -6.90678 -93.7413
v 1.692 -1.7419 -83.2306
v 13.9426 0.77711 -70.7994
v -1.692 -1.7419 -83.2306
v -14.2837 -6.90678 -93.7413
v -13.9426 0.77711 -70.7994
v 1.69201 6.6904 -84.1137
v 3.55911 -3.52999 -97.2923
v 1.69665 9.87206 -85.9602
v -3.55911 -3.52999 -97.2923
v -1.692 6.6904 -84.1137
v -1.69664 9.87206 -85.9602
v 10.2802 22.4151 -55.0489
v 14.9009 18.3979 -71.9715
v -14.9009 18.3979 -71.9715
v -10.2802 22.4151 -55.0489
v 12.907 9.84321 -86.0472
v -12.907 9.84321 -86.0472
v 13.1791 -1.30555 -99.3157
v -13.1791 -1.30555 -99.3157
v 0 8.17798 -76.048
v 5.2245 -12.7586 -102.104
v 7.065 -20.6835 -112.82
v 5.22914 -11.3624 -108.35
v -7.065 -20.6835 -112.82
v -5.2245 -12.7586 -102.104
v -5.22914 -11.3624 -108.35
v 25.144 -12.7912 -101.882
v 16.1045 -18.898 -108.42
v -16.1045 -18.898 -108.42
v -25.144 -12.7912 -101.882
v 25.144 -11.3624 -108.359
v 25.144 -20.6835 -112.82
v -25.144 -20.6835 -112.82
v -25.144 -11.3624 -108.359
v 16.1045 -22.469 -117.22
v -16.1045 -22.469 -117.22
v 11.8034 19.2487 38.1563
v 19.3155 11.7561 38.1563
v -19.3155 11.7561 38.1563
v -11.8034 19.2487 38.1563
v 19.3155 -11.756 38.1563
v 11.8034 -19.2486 38.1563
v -19.3155 -11.756 38.1563
v -11.8034 -19.2486 38.1563
v 0 -25 31.8
v 15.7352 -29.4049 -24.5985
v 18.1728 -34.6052 -3.46802
v 15.7352 -29.4049 17.6093
v -18.1728 -34.6052 -3.46802
v -15.7352 -29.4049 -24.5985
v -15.7352 -29.4049 17.6093
v 8.26104 -15.604 104.744
v -8.26104 -15.604 104.744
v 8.26104 15.604 104.744
v -8.26104 15.604 104.744
v 15.604 -8.26105 104.744
v -15.604 -8.26105 104.744
v 15.604 8.26114 104.744
v -15.604 8.26114 104.744
v 12.0698 -41.1974 12.1313
v 12.07 -41.1974 -18.59
v 15.1833 -48.585 -2.8695
v -15.1833 -48.585 -2.8695
v -12.07 -41.1974 -18.59
v -12.0698 -41.1974 12.1313
v 0 -34.6052 19.9013
v 0 -34.6052 -26.8373
v 0 -48.585 -22.4562
v 0 -48.585 16.7172
v 10.2672 -2.21699 -57.1145
v -10.2672 -2.21699 -57.1145
v -19.7249 -232.158 -1.35878
v -18.1867 -211.556 -7.80411
v -19.6525 -190.5 -0.27426
v -18.2362 -212.678 7.59774
v -18.1867 -168.818 -7.88494
v -19.6525 -142.851 -1.24447
v -18.1867 -168.84 6.25525
v -13.946 -245.953 16.0849
v -13.8966 -190.5 14.2802
v -7.53332 -212.945 21.0123
v -13.8966 -142.969 13.9747
v -7.53332 -168.854 19.2248
v -0.00005 -245.953 23.9051
v -0.00005 -190.5 21.9145
v 7.53324 -212.945 21.0123
v -0.00005 -143.064 21.6301
v 7.53324 -168.854 19.2248
v 13.946 -245.953 16.0849
v 13.8965 -190.5 14.2802
v 18.2362 -212.678 7.59774
v 13.8965 -142.969 13.9747
v 18.1867 -168.84 6.25525
v 19.7249 -232.158 -1.35878
v 19.6525 -190.5 -0.27426
v 18.1867 -211.556 -7.80411
v 19.6525 -142.851 -1.24447
v 18.1867 -168.818 -7.88494
v 13.8966 -286.315 -20.277
v 18.1867 -252.672 -11.2064
v 13.8966 -232.681 -16.7413
v 7.53332 -255.056 -24.3579
v 13.8966 -190.5 -14.8288
v 7.53332 -211.625 -21.0535
v 13.8965 -142.258 -16.8102
v 7.53329 -168.734 -20.9055
v 0.00005 -286.805 -28.003
v 0.00005 -232.75 -24.4046
v -7.53324 -255.056 -24.3579
v 0.00004 -190.5 -22.4632
v -7.53324 -211.625 -21.0535
v 0.00001 -141.687 -24.8122
v -7.53325 -168.734 -20.9055
v -13.8965 -286.315 -20.277
v -13.8965 -232.681 -16.7413
v -18.1867 -252.672 -11.2064
v -13.8965 -190.5 -14.8288
v -13.8965 -142.258 -16.8102
v -14.2039 -400.197 -1.63694
v -10.0438 -400.228 12.471
v -0.00003 -400.241 18.1163
v 10.0437 -400.228 12.4707
v 14.2039 -400.197 -1.63697
v 10.0438 -400.167 -15.7448
v 0.00003 -400.155 -21.3903
v -10.0437 -400.167 -15.7448
v -14.0904 -78.0716 -22.1141
v -9.32433 -58.7821 -26.389
v -16.5981 -61.2501 -15.039
v -16.5978 -62.1669 10.8863
v -19.1057 -79.9457 -1.37197
v -9.32408 -62.5782 20.7392
v -14.0903 -81.3923 17.9053
v 9.32404 -62.5782 20.7392
v -0.00004 -80.8888 24.5117
v 16.5978 -62.1669 10.8863
v 14.0903 -81.3923 17.9053
v 16.5981 -61.2501 -15.039
v 19.1057 -79.9457 -1.37197
v 9.32432 -58.7821 -26.389
v 14.0904 -78.0716 -22.1141
v -0.00001 -74.8132 -30.3055
v -17.7989 -397.232 10.6152
v -17.7989 -397.133 -11.6376
v -19.6525 -393.045 1.0335
v -7.37267 -397.304 25.2206
v -13.8966 -393.222 22.9406
v -18.1867 -376.742 11.8233
v -13.8966 -345.4 17.5831
v -7.53332 -374.936 25.6846
v 7.37259 -397.304 25.2201
v -0.00005 -393.295 30.8118
v -0.00005 -344.976 25.327
v 7.53324 -374.936 25.6843
v 17.7989 -397.232 10.615
v 13.8965 -393.222 22.9402
v 13.8965 -345.4 17.583
v 18.1867 -376.742 11.8232
v 17.7989 -397.133 -11.6376
v 19.6525 -393.045 1.03348
v 7.37267 -397.065 -26.243
v 13.8966 -392.873 -20.8736
v -7.37259 -397.065 -26.243
v 0.00005 -392.804 -28.7453
v -13.8965 -392.873 -20.8736
v -18.2362 -301.294 7.97127
v -7.53332 -295.993 22.3936
v 7.53324 -295.993 22.3936
v 18.2362 -301.294 7.97127
v -19.7249 -269.491 -2.90921
v -19.6754 -360.829 -0.39256
v -18.1867 -329.565 -12.2563
v -7.53324 -335.092 -26.6923
v 19.6754 -360.829 -0.39256
v 19.7249 -269.491 -2.90921
v 18.1867 -329.565 -12.2563
v 7.53332 -335.092 -26.6923
v -7.58621 -107.045 -26.0273
v -18.1523 -109.642 -10.7084
v -18.1523 -110.338 7.85427
v -7.58626 -110.771 21.5973
v 7.58618 -110.771 21.5973
v 18.1523 -110.338 7.85426
v 18.1523 -109.642 -10.7084
v 7.5862 -107.045 -26.0273
v -14.9134 -399.591 -10.2995
v -18.1867 -281.812 -12.0849
v -18.1867 -232.062 -9.11234
v -18.1867 -190.5 -7.4597
v -18.1867 -142.677 -8.99738
v -17.8424 -79.4185 -12.7806
v -14.9134 -399.637 7.46114
v -18.1867 -349.305 9.22625
v -18.7643 -245.702 6.6279
v -18.1867 -190.5 6.91115
v -18.1867 -142.899 6.41602
v -17.8423 -80.4701 9.65007
v -6.17743 -399.671 19.5096
v -7.53332 -344.973 23.3484
v -7.53332 -245.953 21.9264
v -7.53332 -190.5 19.9358
v -7.53332 -143.039 19.6514
v -8.06275 -81.0846 22.8612
v 6.17736 -399.671 19.5093
v 7.53324 -344.973 23.3483
v 7.53324 -245.953 21.9264
v 7.53324 -190.5 19.9358
v 7.53324 -143.039 19.6514
v 8.06267 -81.0846 22.8612
v 14.9134 -399.637 7.46097
v 18.1867 -349.305 9.22622
v 18.7642 -245.702 6.6279
v 18.1867 -190.5 6.91115
v 18.1867 -142.899 6.41602
v 17.8423 -80.4701 9.65007
v 14.9134 -399.591 -10.2995
v 18.1867 -281.812 -12.0849
v 18.1867 -232.062 -9.11234
v 18.1867 -190.5 -7.4597
v 18.1867 -142.677 -8.99738
v 17.8424 -79.4185 -12.7806
v 6.17743 -399.56 -22.348
v 7.53332 -286.808 -26.0242
v 7.53332 -232.75 -22.4259
v 7.53331 -190.5 -20.4845
v 7.53326 -141.839 -22.7411
v 8.06277 -75.7318 -28.2284
v -6.17736 -399.56 -22.348
v -7.53324 -286.808 -26.0242
v -7.53324 -232.75 -22.4259
v -7.53324 -190.5 -20.4845
v -7.53325 -141.839 -22.7411
v -8.06278 -75.7318 -28.2284
v 11.1342 -48.585 11.4941
v -11.1342 -48.585 11.4941
v 11.1346 -48.585 -17.2331
v -11.1346 -48.585 -17.2331
v 8.66876 -8.66877 105.384
v -8.66876 -8.66877 105.384
v 8.66876 8.6688 105.384
v -8.66876 8.6688 105.384
v 7.61119 16.0786 44.2559
v -7.61119 16.0786 44.2559
v 6.49135 15.6717 58.6206
v -6.49135 15.6717 58.6206
v 8.69138 20.983 67.6
v -8.69138 20.983 67.6
v 8.69132 20.983 103.8
v -8.69132 20.983 103.8
v 7.61119 -16.0785 44.2559
v -7.61119 -16.0785 44.2559
v 6.49135 -15.6717 58.6206
v -6.49135 -15.6717 58.6206
v 8.69138 -20.9829 67.6
v -8.69138 -20.9829 67.6
v 8.69132 -20.9829 103.8
v -8.69132 -20.9829 103.8
v 16.0987 -7.59806 44.2559
v -16.0987 -7.59806 44.2559
v 15.6717 -6.49137 58.6206
v -15.6717 -6.49137 58.6206
v 20.9829 -8.69135 67.6
v -20.9829 -8.69135 67.6
v 20.9829 -8.69135 103.8
v -20.9829 -8.69135 103.8
v 16.0987 7.59814 44.2559
v -16.0987 7.59814 44.2559
v 15.6717 6.49146 58.6206
v -15.6717 6.49146 58.6206
v 20.9829 8.69151 67.6
v -20.9829 8.69151 67.6
v 20.9829 8.69151 103.8
v -20.9829 8.69151 103.8
v 25.144 -25 31.8
v -25.144 -25 31.8
v 25.144 25 31.8
v -25.144 25 31.8
v 25.144 -25 -38.6
v -25.144 -25 -38.6
v 25.144 24.2188 -32.975
v -25.144 24.2188 -32.975
v 25.144 -8.45538 -46.65
v -25.144 -8.45538 -46.65
v 25.144 0.26037 -69.1855
v -25.144 0.26037 -69.1855
v 25.144 17.6265 -71.8109
v -25.144 17.6265 -71.8109
v 25.144 -6.94548 -93.5754
v -25.144 -6.94548 -93.5754
v 25.144 -0.51685 -98.3275
v -25.144 -0.51685 -98.3275
v 0.00001 20 -72.4404
v 0 0.53417 -77.3709
v 3.43041 -0.51685 -98.2401
v -3.4304 -0.51685 -98.2401
v 3.384 -6.6192 -95.787
v -3.384 -6.6192 -95.787
v 7.065 -18.898 -108.42
v -7.065 -18.898 -108.42
v 25.144 -18.898 -108.42
v -25.144 -18.898 -108.42
v 25.144 -22.469 -117.22
v -25.144 -22.469 -117.22
v 7.065 -22.469 -117.22
v -7.065 -22.469 -117.22
v 13.3267 -34.6052 13.6695
v -13.3267 -34.6052 13.6695
v 13.3267 -34.6052 -20.6055
v -13.3267 -34.6052 -20.6055
v -18.1867 -392.951 -11.3698
v -18.1867 -393.141 13.4368
v -7.53332 -393.277 28.8334
v 7.53324 -393.277 28.8329
v 18.1867 -393.141 13.4367
v 18.1867 -392.951 -11.3698
v 7.53332 -392.822 -26.7666
v -7.53324 -392.822 -26.7666

# No. normals 4602:
vn -0.01449 0.01449 0.99979
vn -0.04566 0.01413 0.99886
vn -0.04455 0.04033 0.99819
vn -0.01271 0.04566 0.99888
vn 0.01449 0.01449 0.99979
vn 0.01413 0.04566 0.99886
vn 0.04034 0.04455 0.99819
vn 0.04566 0.01271 0.99888
vn 0.01449 -0.01449 0.99979
vn 0.04566 -0.01413 0.99886
vn 0.04455 -0.04033 0.99819
vn 0.01271 -0.04566 0.99888
vn -0.01449 -0.01449 0.99979
vn -0.01413 -0.04566 0.99886
vn -0.04034 -0.04455 0.99819
vn -0.04566 -0.01271 0.99888
vn -0.09185 0.99252 0.08047
vn -0.27828 0.95562 0.09664
vn -0.22029 0.93629 0.27354
vn -0.06943 0.97322 0.21914
vn 0.09185 0.99252 0.08047
vn 0.08193 0.97229 0.21894
vn 0.22278 0.94311 0.24681
vn 0.26119 0.95896 0.11035
vn 0.09219 0.99455 -0.04871
vn 0.27984 0.95928 -0.03842
vn 0.28046 0.94149 -0.18691
vn 0.09327 0.97797 -0.18676
vn -0.09219 0.99455 -0.04871
vn -0.09327 0.97797 -0.18676
vn -0.28046 0.94149 -0.18691
vn -0.27984 0.95928 -0.03842
vn -0.08165 0.85609 -0.51033
vn -0.24546 0.82400 -0.51065
vn -0.26649 0.89460 -0.35871
vn -0.08863 0.92933 -0.35844
vn 0.08165 0.85609 -0.51033
vn 0.08863 0.92933 -0.35844
vn 0.26649 0.89460 -0.35871
vn 0.24546 0.82400 -0.51066
vn 0.07474 0.78366 -0.61668
vn 0.22467 0.75421 -0.61701
vn 0.21207 0.71193 -0.66947
vn 0.07055 0.73977 -0.66915
vn -0.07474 0.78366 -0.61668
vn -0.07055 0.73977 -0.66915
vn -0.21207 0.71193 -0.66947
vn -0.22467 0.75421 -0.61701
vn -0.09494 0.99548 0
vn -0.28549 0.95838 0
vn -0.28548 0.95838 0
vn -0.09494 0.99548 0
vn 0.09494 0.99548 0
vn 0.09494 0.99548 0
vn 0.28549 0.95838 0
vn 0.28549 0.95838 0
vn 0.09494 0.99548 0
vn 0.28549 0.95838 0
vn 0.28549 0.95838 0
vn 0.09494 0.99548 0
vn -0.09494 0.99548 0
vn -0.09494 0.99548 0
vn -0.28549 0.95838 0
vn -0.28549 0.95838 0
vn -0.09219 -0.99455 -0.04871
vn -0.27984 -0.95928 -0.03842
vn -0.28046 -0.94149 -0.18691
vn -0.09327 -0.97797 -0.18676
vn 0.09219 -0.99455 -0.04871
vn 0.09327 -0.97797 -0.18676
vn 0.28046 -0.94149 -0.18691
vn 0.27984 -0.95928 -0.03842
vn 0.09186 -0.99252 0.08047
vn 0.27829 -0.95562 0.09664
vn 0.22030 -0.93629 0.27354
vn 0.06943 -0.97322 0.21914
vn -0.09186 -0.99252 0.08047
vn -0.08193 -0.97229 0.21894
vn -0.22279 -0.94311 0.24681
vn -0.26119 -0.95896 0.11035
vn -0.07474 -0.78366 -0.61668
vn -0.22467 -0.75421 -0.61700
vn -0.21207 -0.71193 -0.66947
vn -0.07055 -0.73977 -0.66915
vn 0.07474 -0.78366 -0.61668
vn 0.07055 -0.73977 -0.66915
vn 0.21207 -0.71193 -0.66947
vn 0.22467 -0.75421 -0.61700
vn 0.08165 -0.85609 -0.51033
vn 0.24546 -0.82400 -0.51065
vn 0.26649 -0.89460 -0.35871
vn 0.08863 -0.92933 -0.35844
vn -0.08165 -0.85609 -0.51033
vn -0.08863 -0.92933 -0.35844
vn -0.26649 -0.89460 -0.35871
vn -0.24546 -0.82400 -0.51065
vn -0.09494 -0.99548 0
vn -0.28549 -0.95838 0
vn -0.28549 -0.95838 0
vn -0.09494 -0.99548 0
vn 0.09494 -0.99548 0
vn 0.09494 -0.99548 0
vn 0.28549 -0.95838 0
vn 0.28549 -0.95838 0
vn 0.09494 -0.99548 0
vn 0.28549 -0.95838 0
vn 0.28549 -0.95838 0
vn 0.09494 -0.99548 0
vn -0.09494 -0.99548 0
vn -0.09494 -0.99548 0
vn -0.28549 -0.95838 0
vn -0.28549 -0.95838 0
vn 0.76085 -0.63398 0.13851
vn 0.87347 -0.46998 0.12720
vn 0.85163 -0.42423 0.30783
vn 0.72315 -0.60078 0.34077
vn 0.63143 -0.76300 0.13830
vn 0.60036 -0.72365 0.34045
vn 0.42382 -0.85250 0.30599
vn 0.46381 -0.87694 0.12589
vn 0.63648 -0.77069 -0.03055
vn 0.47433 -0.87976 -0.03221
vn 0.46743 -0.86405 -0.18691
vn 0.62558 -0.75748 -0.18676
vn 0.76962 -0.63778 -0.03050
vn 0.75748 -0.62558 -0.18676
vn 0.86405 -0.46743 -0.18691
vn 0.87968 -0.47441 -0.03311
vn -0.77069 -0.63649 -0.03049
vn -0.87972 -0.47442 -0.03197
vn -0.86404 -0.46743 -0.18691
vn -0.75748 -0.62558 -0.18676
vn -0.63773 -0.76966 -0.03055
vn -0.62558 -0.75748 -0.18676
vn -0.46743 -0.86405 -0.18691
vn -0.47432 -0.87972 -0.03343
vn -0.63379 -0.76103 0.13834
vn -0.46995 -0.87361 0.12629
vn -0.42382 -0.85250 0.30599
vn -0.60036 -0.72365 0.34045
vn -0.76294 -0.63147 0.13847
vn -0.72315 -0.60078 0.34077
vn -0.85163 -0.42423 0.30783
vn -0.87667 -0.46407 0.12682
vn 0.66308 -0.54762 -0.51033
vn 0.75622 -0.40910 -0.51065
vn 0.82101 -0.44415 -0.35871
vn 0.71981 -0.59447 -0.35844
vn 0.54762 -0.66308 -0.51033
vn 0.59447 -0.71981 -0.35844
vn 0.44415 -0.82101 -0.35871
vn 0.40910 -0.75622 -0.51065
vn 0.50128 -0.60698 -0.61668
vn 0.37445 -0.69217 -0.61701
vn 0.35345 -0.65336 -0.66947
vn 0.47321 -0.57298 -0.66915
vn 0.60698 -0.50128 -0.61668
vn 0.57298 -0.47321 -0.66915
vn 0.65336 -0.35345 -0.66947
vn 0.69217 -0.37445 -0.61700
vn -0.60698 -0.50128 -0.61668
vn -0.69217 -0.37445 -0.61701
vn -0.65336 -0.35345 -0.66947
vn -0.57298 -0.47321 -0.66916
vn -0.50128 -0.60698 -0.61668
vn -0.47321 -0.57298 -0.66915
vn -0.35345 -0.65336 -0.66947
vn -0.37445 -0.69217 -0.61701
vn -0.54762 -0.66308 -0.51033
vn -0.40910 -0.75622 -0.51066
vn -0.44415 -0.82101 -0.35871
vn -0.59447 -0.71981 -0.35844
vn -0.66308 -0.54762 -0.51033
vn -0.71981 -0.59447 -0.35844
vn -0.82101 -0.44415 -0.35871
vn -0.75622 -0.40910 -0.51065
vn 0.77105 -0.63678 0
vn 0.87955 -0.47581 0
vn 0.87955 -0.47581 0
vn 0.77105 -0.63678 0
vn 0.63678 -0.77105 0
vn 0.63678 -0.77104 0
vn 0.47581 -0.87955 0
vn 0.47581 -0.87955 0
vn 0.63678 -0.77105 0
vn 0.47581 -0.87955 0
vn 0.47581 -0.87955 0
vn 0.63678 -0.77105 0
vn 0.77105 -0.63678 0
vn 0.77104 -0.63678 0
vn 0.87955 -0.47581 0
vn 0.87955 -0.47581 0
vn -0.77105 -0.63678 0
vn -0.87955 -0.47581 0
vn -0.87955 -0.47581 0
vn -0.77104 -0.63678 0
vn -0.63678 -0.77105 0
vn -0.63678 -0.77105 0
vn -0.47581 -0.87955 0
vn -0.47581 -0.87955 0
vn -0.63678 -0.77105 0
vn -0.47581 -0.87955 0
vn -0.47581 -0.87955 0
vn -0.63678 -0.77105 0
vn -0.77105 -0.63678 0
vn -0.77105 -0.63678 0
vn -0.87955 -0.47581 0
vn -0.87955 -0.47581 0
vn 0.99237 0.09188 0.08219
vn 0.95546 0.27833 0.09809
vn 0.93544 0.22071 0.27611
vn 0.97245 0.06958 0.22246
vn 0.99237 -0.09188 0.08219
vn 0.97154 -0.08197 0.22225
vn 0.94224 -0.22320 0.24973
vn 0.95874 -0.26146 0.11163
vn 0.99457 -0.09223 -0.04812
vn 0.95927 -0.27993 -0.03799
vn 0.94149 -0.28046 -0.18691
vn 0.97797 -0.09327 -0.18676
vn 0.99457 0.09223 -0.04812
vn 0.97797 0.09327 -0.18676
vn 0.94149 0.28046 -0.18691
vn 0.95927 0.27993 -0.03799
vn -0.99457 0.09223 -0.04812
vn -0.95927 0.27993 -0.03799
vn -0.94149 0.28046 -0.18691
vn -0.97797 0.09327 -0.18676
vn -0.99457 -0.09223 -0.04812
vn -0.97797 -0.09327 -0.18676
vn -0.94149 -0.28046 -0.18691
vn -0.95927 -0.27993 -0.03799
vn -0.99237 -0.09188 0.08219
vn -0.95546 -0.27833 0.09809
vn -0.93544 -0.22071 0.27611
vn -0.97245 -0.06958 0.22246
vn -0.99237 0.09188 0.08219
vn -0.97154 0.08197 0.22225
vn -0.94224 0.22320 0.24973
vn -0.95874 0.26146 0.11163
vn 0.85609 0.08165 -0.51033
vn 0.82400 0.24546 -0.51065
vn 0.89460 0.26649 -0.35871
vn 0.92933 0.08863 -0.35844
vn 0.85609 -0.08165 -0.51033
vn 0.92934 -0.08863 -0.35844
vn 0.89460 -0.26649 -0.35871
vn 0.82400 -0.24546 -0.51065
vn 0.78366 -0.07474 -0.61668
vn 0.75421 -0.22467 -0.61700
vn 0.71193 -0.21207 -0.66947
vn 0.73977 -0.07055 -0.66915
vn 0.78366 0.07474 -0.61668
vn 0.73977 0.07055 -0.66915
vn 0.71193 0.21207 -0.66947
vn 0.75421 0.22467 -0.61701
vn -0.78366 0.07474 -0.61668
vn -0.75421 0.22467 -0.61700
vn -0.71192 0.21207 -0.66947
vn -0.73977 0.07055 -0.66915
vn -0.78366 -0.07474 -0.61668
vn -0.73977 -0.07055 -0.66915
vn -0.71193 -0.21207 -0.66947
vn -0.75421 -0.22467 -0.61700
vn -0.85609 -0.08165 -0.51033
vn -0.82400 -0.24546 -0.51065
vn -0.89460 -0.26649 -0.35871
vn -0.92934 -0.08863 -0.35844
vn -0.85609 0.08165 -0.51033
vn -0.92933 0.08863 -0.35844
vn -0.89460 0.26649 -0.35871
vn -0.82400 0.24546 -0.51066
vn 0.99548 0.09494 0
vn 0.95838 0.28549 0
vn 0.95838 0.28549 0
vn 0.99548 0.09494 0
vn 0.99548 -0.09494 0
vn 0.99548 -0.09494 0
vn 0.95838 -0.28549 0
vn 0.95838 -0.28549 0
vn 0.99548 -0.09494 0
vn 0.95838 -0.28549 0
vn 0.95838 -0.28549 0
vn 0.99548 -0.09494 0
vn 0.99548 0.09494 0
vn 0.99548 0.09494 0
vn 0.95838 0.28549 0
vn 0.95838 0.28549 0
vn -0.99548 0.09494 0
vn -0.95838 0.28549 0
vn -0.95838 0.28549 0
vn -0.99548 0.09494 0
vn -0.99548 -0.09494 0
vn -0.99548 -0.09494 0
vn -0.95838 -0.28549 0
vn -0.95838 -0.28549 0
vn -0.99548 -0.09494 0
vn -0.95838 -0.28549 0
vn -0.95838 -0.28549 0
vn -0.99548 -0.09494 0
vn -0.99548 0.09494 0
vn -0.99548 0.09494 0
vn -0.95838 0.28549 0
vn -0.95838 0.28549 0
vn 0.63379 0.76104 0.13834
vn 0.46995 0.87361 0.12629
vn 0.42382 0.85250 0.30598
vn 0.60035 0.72365 0.34045
vn 0.76294 0.63147 0.13847
vn 0.72315 0.60078 0.34077
vn 0.85163 0.42424 0.30782
vn 0.87667 0.46407 0.12682
vn 0.77068 0.63649 -0.03049
vn 0.87972 0.47442 -0.03197
vn 0.86404 0.46743 -0.18691
vn 0.75748 0.62558 -0.18676
vn 0.63772 0.76966 -0.03055
vn 0.62557 0.75748 -0.18676
vn 0.46742 0.86405 -0.18691
vn 0.47432 0.87972 -0.03343
vn -0.63648 0.77069 -0.03055
vn -0.47433 0.87976 -0.03221
vn -0.46743 0.86405 -0.18691
vn -0.62557 0.75748 -0.18676
vn -0.76961 0.63778 -0.03050
vn -0.75748 0.62558 -0.18676
vn -0.86404 0.46743 -0.18691
vn -0.87968 0.47441 -0.03311
vn -0.76084 0.63398 0.13851
vn -0.87347 0.46998 0.12720
vn -0.85163 0.42423 0.30782
vn -0.72315 0.60078 0.34077
vn -0.63143 0.76300 0.13830
vn -0.60035 0.72365 0.34045
vn -0.42382 0.85250 0.30599
vn -0.46381 0.87694 0.12589
vn 0.54761 0.66308 -0.51034
vn 0.40909 0.75622 -0.51066
vn 0.44414 0.82101 -0.35871
vn 0.59446 0.71981 -0.35844
vn 0.66308 0.54762 -0.51034
vn 0.71981 0.59447 -0.35844
vn 0.82101 0.44415 -0.35871
vn 0.75622 0.40910 -0.51066
vn 0.60697 0.50128 -0.61668
vn 0.69216 0.37445 -0.61701
vn 0.65336 0.35345 -0.66947
vn 0.57298 0.47321 -0.66916
vn 0.50128 0.60698 -0.61668
vn 0.47320 0.57298 -0.66916
vn 0.35345 0.65336 -0.66947
vn 0.37444 0.69217 -0.61701
vn -0.50128 0.60698 -0.61668
vn -0.37444 0.69217 -0.61701
vn -0.35345 0.65336 -0.66947
vn -0.47320 0.57298 -0.66916
vn -0.60697 0.50128 -0.61668
vn -0.57298 0.47321 -0.66916
vn -0.65336 0.35345 -0.66947
vn -0.69217 0.37445 -0.61701
vn -0.66308 0.54762 -0.51034
vn -0.75622 0.40910 -0.51066
vn -0.82101 0.44415 -0.35871
vn -0.71981 0.59447 -0.35844
vn -0.54761 0.66308 -0.51034
vn -0.59446 0.71981 -0.35844
vn -0.44414 0.82101 -0.35871
vn -0.40909 0.75622 -0.51066
vn 0.63678 0.77105 0
vn 0.47581 0.87955 0
vn 0.47581 0.87955 0
vn 0.63678 0.77105 0
vn 0.77104 0.63678 0
vn 0.77104 0.63678 0
vn 0.87955 0.47581 0
vn 0.87955 0.47581 0
vn 0.77104 0.63678 0
vn 0.87955 0.47581 0
vn 0.87954 0.47582 0
vn 0.77104 0.63679 0
vn 0.63678 0.77105 0
vn 0.63678 0.77105 0
vn 0.47581 0.87955 0
vn 0.47581 0.87955 0
vn -0.63678 0.77105 0
vn -0.47581 0.87955 0
vn -0.47581 0.87955 0
vn -0.63677 0.77105 0
vn -0.77104 0.63678 0
vn -0.77104 0.63678 0
vn -0.87954 0.47582 0
vn -0.87955 0.47581 0
vn -0.77104 0.63678 0
vn -0.87955 0.47581 0
vn -0.87955 0.47581 0
vn -0.77104 0.63678 0
vn -0.63678 0.77105 0
vn -0.63678 0.77105 0
vn -0.47581 0.87955 0
vn -0.47581 0.87955 0
vn -0.00048 0.999936 -0.01134
vn -0.00094 0.999922 -0.01249
vn -0.00317 0.999452 -0.03293
vn -0.00445 0.999573 -0.02889
vn 0.00048 0.999936 -0.01134
vn 0.00168 0.999654 -0.02626
vn 0.00762 0.999547 -0.02910
vn 0.00093 0.999891 -0.01473
vn 0 0.999994 -0.00347
vn 0.00101 0.999992 -0.00384
vn 0 1 0
vn 0 1 0
vn -0.00051 0.999994 -0.00347
vn 0 1 0
vn 0 1 0
vn 0 0.999989 -0.00459
vn 1 0 0
vn 1 0 0
vn 1 0 0
vn 1 0 0
vn 1 0 0
vn 1 0 0
vn 1 0 0
vn 1 0 0
vn 1 0 0
vn 1 0 0
vn 1 0 0
vn 1 0 0
vn 1 0 0
vn 1 0 0
vn 1 0 0
vn 1 0 0
vn 1 0 0
vn 1 0 0
vn 1 0 0
vn 1 0 0
vn -1 0 0
vn -1 0 0
vn -1 0 0
vn -1 0 0
vn -1 0 0
vn -1 0 0
vn -1 0 0
vn -1 0 0
vn -1 0 0
vn -1 0 0
vn -1 0 0
vn -1 0 0
vn -1 0 0
vn -1 0 0
vn -1 0 0
vn -1 0 0
vn -1 0 0
vn -1 0 0
vn -1 0 0
vn -1 0 0
vn 0 -0.31798 -0.94810
vn 0.00431 -0.32370 -0.94615
vn 0 -0.26352 -0.96465
vn 0 -0.26352 -0.96465
vn -0.00217 -0.31797 -0.94810
vn 0 -0.26352 -0.96465
vn 0 -0.26352 -0.96465
vn 0 -0.33493 -0.94224
vn -0.00193 -0.42786 -0.90384
vn -0.00379 -0.44252 -0.89675
vn -0.01068 -0.64047 -0.76791
vn -0.01613 -0.58530 -0.81066
vn 0.00193 -0.42786 -0.90384
vn 0.00603 -0.58537 -0.81075
vn 0.02514 -0.64030 -0.76771
vn 0.00365 -0.46998 -0.88267
vn 1 0 0
vn 1 0 0
vn 1 0 0
vn 1 0 0
vn 1 0 0
vn 1 0 0
vn 1 0 0
vn 1 0 0
vn 1 0 0
vn 1 0 0
vn 1 0 0
vn 1 0 0
vn 1 0 0
vn 1 0 0
vn 1 0 0
vn 1 0 0
vn -1 0 0
vn -1 0 0
vn -1 0 0
vn -1 0 0
vn -1 0 0
vn -1 0 0
vn -1 0 0
vn -1 0 0
vn -1 0 0
vn -1 0 0
vn -1 0 0
vn -1 0 0
vn -1 0 0
vn -1 0 0
vn -1 0 0
vn -1 0 0
vn 1 0 0
vn 1 0 0
vn 1 0 0
vn 1 0 0
vn 1 0 0
vn 1 0 0
vn 1 0 0
vn 1 0 0
vn 1 0 0
vn 1 0 0
vn 1 0 0
vn 1 0 0
vn 1 0 0
vn 1 0 0
vn 1 0 0
vn 1 0 0
vn -1 0 0
vn -1 0 0
vn -1 0 0
vn -1 0 0
vn -1 0 0
vn -1 0 0
vn -1 0 0
vn -1 0 0
vn -1 0 0
vn -1 0 0
vn -1 0 0
vn -1 0 0
vn -1 0 0
vn -1 0 0
vn -1 0 0
vn -1 0 0
vn -0.01549 -0.95861 0.28429
vn -0.02958 -0.98905 0.14460
vn -0.06921 -0.99400 0.08468
vn -0.01198 -0.97071 0.23995
vn -0.01770 -0.92818 0.37171
vn -0.01300 -0.93321 0.35909
vn -0.00137 -0.89051 0.45496
vn -0.01887 -0.89010 0.45537
vn -0.02670 -0.92816 0.37123
vn -0.05321 -0.89222 0.44846
vn -0.13385 -0.92935 0.34408
vn -0.03013 -0.93319 0.35813
vn -0.02158 -0.95852 0.28419
vn -0.02683 -0.94898 0.31418
vn -0.16398 -0.94467 0.28408
vn -0.02259 -0.98931 0.14406
vn 0.02337 -0.94898 0.31446
vn 0.02447 -0.98925 0.14421
vn 0.16398 -0.94467 0.28408
vn 0.06665 -0.93455 0.34954
vn 0.03172 -0.92811 0.37094
vn 0.03077 -0.92985 0.36666
vn 0.04037 -0.93310 0.35735
vn 0.05321 -0.89222 0.44846
vn 0.01759 -0.92990 0.36739
vn 0.01876 -0.89221 0.45123
vn 0.00137 -0.89051 0.45496
vn 0.00277 -0.93329 0.35912
vn 0.01549 -0.95861 0.28429
vn 0.01198 -0.97071 0.23995
vn 0.02972 -0.99595 0.08485
vn 0.05316 -0.99129 0.12050
vn -0.99414 -0.05260 -0.09449
vn -0.99467 -0.05023 -0.09000
vn -0.99505 -0.05252 -0.08435
vn -0.99477 -0.04679 -0.09084
vn -0.99351 -0.04291 -0.10533
vn -0.99477 -0.04679 -0.09084
vn -0.98644 0.01772 -0.16319
vn -0.99204 -0.05100 -0.11518
vn -0.99397 -0.05108 -0.09704
vn -0.99282 -0.06757 -0.09874
vn -0.99393 -0.07467 -0.08075
vn -0.99449 -0.05851 -0.08696
vn 0.99396 -0.05217 -0.09650
vn 0.99421 -0.04585 -0.09714
vn 0.99393 -0.07467 -0.08075
vn 0.99328 -0.06609 -0.09502
vn 0.99416 -0.04813 -0.09656
vn 0.99203 -0.05100 -0.11518
vn 0.98351 0.01288 -0.18042
vn 0.99360 -0.03107 -0.10860
vn 0.99414 -0.05260 -0.09449
vn 0.99473 -0.05106 -0.08893
vn 0.99505 -0.05252 -0.08435
vn 0.99484 -0.05200 -0.08711
vn 0.01752 0.98312 -0.18212
vn 0.01772 0.99040 -0.13712
vn -0.04092 0.99704 -0.06505
vn 0.02376 0.99284 -0.11703
vn 0.04424 0.97536 -0.21616
vn 0.00421 0.99024 -0.13930
vn 0.03924 0.98644 -0.15936
vn 0.05685 0.94657 -0.31745
vn 0.04609 0.97405 -0.22159
vn 0.07187 0.94513 -0.31870
vn 0.08066 0.94395 -0.32007
vn 0.05201 0.97655 -0.20893
vn -0.05089 0.97471 -0.21761
vn -0.08030 0.97194 -0.22111
vn -0.08066 0.94395 -0.32007
vn -0.07182 0.94363 -0.32311
vn -0.01923 0.98338 -0.18055
vn -0.02921 0.94866 -0.31495
vn -0.14589 0.93864 -0.31252
vn -0.03859 0.98625 -0.16072
vn -0.01752 0.98312 -0.18212
vn -0.01083 0.99122 -0.13177
vn -0.02657 0.99596 -0.08573
vn -0.00677 0.99247 -0.12229
vn -0.00735 0.99309 -0.11714
vn -0.00371 0.99029 -0.13898
vn -0.01502 0.98911 -0.14639
vn 0.00371 0.99029 -0.13898
vn 0.00533 0.99577 -0.09171
vn 0.01920 0.99327 -0.11418
vn 0.01711 0.99671 -0.07917
vn 0.00341 0.99846 -0.05537
vn -0.00711 0.99550 -0.09451
vn -0.00341 0.99846 -0.05537
vn -0.00543 0.99816 -0.06040
vn -0.01920 0.99327 -0.11418
vn 0.04849 0.84763 -0.52837
vn 0.06588 0.84336 -0.53329
vn 0.07888 0.89557 -0.43788
vn 0.07009 0.89749 -0.43544
vn 0.01640 0.82739 -0.56138
vn 0.02958 0.89559 -0.44389
vn 0.14479 0.89203 -0.42815
vn 0.04093 0.81889 -0.57248
vn 0.01318 0.82896 -0.55915
vn 0.00462 0.79854 -0.60192
vn 0.03205 0.76622 -0.64178
vn 0.00193 0.79249 -0.60989
vn -0.01318 0.82896 -0.55915
vn -0.01321 0.80217 -0.59694
vn 0.06074 0.74158 -0.66811
vn -0.02187 0.79074 -0.61177
vn -0.04219 0.84689 -0.53010
vn 0.00154 0.80124 -0.59834
vn -0.04090 0.81892 -0.57245
vn -0.05489 0.89614 -0.44037
vn -0.04255 0.85040 -0.52442
vn -0.07003 0.89618 -0.43812
vn -0.07888 0.89557 -0.43788
vn -0.04968 0.84415 -0.53380
vn 0.01076 0.77664 -0.62985
vn 0.01919 0.73939 -0.67301
vn 0.00701 0.74240 -0.66992
vn 0.00356 0.78251 -0.62263
vn -0.00244 0.78157 -0.62382
vn 0.00961 0.79798 -0.60261
vn 0.01834 0.80927 -0.58716
vn -0.01192 0.79528 -0.60613
vn -0.01300 0.76903 -0.63908
vn -0.03584 0.77516 -0.63075
vn -0.01685 0.74655 -0.66512
vn -0.01024 0.73904 -0.67359
vn 0.01610 0.77016 -0.63765
vn 0.01098 0.73350 -0.67961
vn 0.01685 0.74655 -0.66512
vn 0.01809 0.77670 -0.62961
vn 0.00244 0.78157 -0.62381
vn 0.01597 0.79196 -0.61037
vn 0.00150 0.80443 -0.59405
vn 0.00035 0.80177 -0.59763
vn -0.00765 0.77392 -0.63324
vn -0.02477 0.79200 -0.61001
vn -0.02792 0.76425 -0.64431
vn -0.00624 0.73695 -0.67592
vn -0.98530 -0.02867 -0.16840
vn -0.99184 -0.01504 -0.12662
vn -0.98747 0.01242 -0.15729
vn -0.89161 0.04290 -0.45077
vn -0.97812 0.00634 -0.20794
vn -0.87989 0.07340 -0.46946
vn -0.87418 0.09083 -0.47702
vn -0.97845 0.01993 -0.20551
vn -0.98679 -0.01453 -0.16133
vn -0.98991 -0.00695 -0.14151
vn -0.99296 -0.02459 -0.11589
vn -0.99184 -0.01504 -0.12662
vn 0.98679 -0.01453 -0.16133
vn 0.99147 -0.02175 -0.12850
vn 0.99296 -0.02459 -0.11589
vn 0.99013 -0.00776 -0.13994
vn 0.97946 0.01523 -0.20109
vn 0.97762 0.02805 -0.20850
vn 0.87418 0.09083 -0.47702
vn 0.86815 0.07667 -0.49035
vn 0.98728 -0.00936 -0.15874
vn 0.90874 -0.00951 -0.41725
vn 0.82610 0.21816 -0.51958
vn 0.99184 -0.01504 -0.12662
vn -0.98871 -0.11935 -0.09057
vn -0.98973 -0.14044 -0.02666
vn -0.99267 -0.10353 -0.06231
vn -0.99170 -0.07094 -0.10722
vn -0.98551 -0.16477 -0.04014
vn -0.99069 -0.09633 -0.09622
vn -0.96314 -0.01226 -0.26872
vn -0.97885 -0.14538 -0.14391
vn -0.98451 -0.17036 -0.04136
vn -0.97949 -0.19539 -0.04928
vn -0.94265 -0.33051 0.04658
vn -0.94227 -0.31027 0.12591
vn -0.98744 -0.15462 -0.03264
vn -0.97123 -0.23582 0.03323
vn -0.96753 -0.23422 0.09505
vn -0.98955 -0.14167 -0.02695
vn 0.98404 -0.17407 -0.03706
vn 0.98955 -0.14167 -0.02695
vn 0.98287 -0.18252 0.02572
vn 0.95753 -0.26718 0.10842
vn 0.98451 -0.17036 -0.04136
vn 0.97123 -0.23582 0.03323
vn 0.91753 -0.36849 0.14953
vn 0.97098 -0.23223 -0.05721
vn 0.98879 -0.10675 -0.10438
vn 0.98031 -0.19145 -0.04842
vn 0.97885 -0.14538 -0.14391
vn 0.98760 -0.07185 -0.13959
vn 0.98807 -0.15069 -0.03174
vn 0.99056 -0.10974 -0.08214
vn 0.99302 -0.07672 -0.08963
vn 0.99214 -0.10677 -0.06532
vn -0.04657 -0.78310 0.62014
vn -0.01684 -0.75737 0.65277
vn -0.21241 -0.73093 0.64855
vn -0.06097 -0.83867 0.54122
vn -0.00412 -0.78928 0.61402
vn -0.02132 -0.83821 0.54493
vn -0.00130 -0.84198 0.53951
vn -0.00013 -0.78942 0.61386
vn -0.00440 -0.74074 0.67177
vn -0.00012 -0.74377 0.66843
vn 0 -0.71709 0.69698
vn 0 -0.71709 0.69698
vn -0.01293 -0.74127 0.67108
vn 0 -0.71709 0.69698
vn 0 -0.71709 0.69698
vn -0.01765 -0.71954 0.69423
vn 0.01293 -0.74127 0.67108
vn 0.01739 -0.73240 0.68065
vn 0 -0.71709 0.69698
vn 0 -0.71709 0.69698
vn 0.00438 -0.74382 0.66836
vn 0 -0.71709 0.69698
vn 0 -0.71709 0.69698
vn 0 -0.74378 0.66843
vn 0.01593 -0.78204 0.62302
vn 0.00013 -0.78942 0.61386
vn 0.00054 -0.84198 0.53951
vn 0.02117 -0.84184 0.53931
vn 0.01223 -0.78186 0.62333
vn 0.06097 -0.83867 0.54122
vn 0.21241 -0.73093 0.64855
vn 0.06674 -0.72514 0.68536
vn 1 0 0
vn 1 0 0
vn 1 0 0
vn 1 0 0
vn 1 0 0
vn 1 0 0
vn 1 0 0
vn 1 0 0
vn 1 0 0
vn 1 0 0
vn 1 0 0
vn 1 0 0
vn 1 0 0
vn 1 0 0
vn 1 0 0
vn 1 0 0
vn -1 0 0
vn -1 0 0
vn -1 0 0
vn -1 0 0
vn -1 0 0
vn -1 0 0
vn -1 0 0
vn -1 0 0
vn -1 0 0
vn -1 0 0
vn -1 0 0
vn -1 0 0
vn -1 0 0
vn -1 0 0
vn -1 0 0
vn -1 0 0
vn 0.00553 0.65218 -0.75804
vn 0.00310 0.65916 -0.75199
vn 0.00822 0.69777 -0.71628
vn 0.01181 0.68927 -0.72441
vn -0.00216 0.65157 -0.75858
vn -0.00678 0.68693 -0.72669
vn -0.02945 0.69856 -0.71495
vn -0.00381 0.66084 -0.75052
vn 0 0.62800 -0.77821
vn -0.00454 0.62895 -0.77743
vn 0 0.61619 -0.78759
vn 0 0.61619 -0.78759
vn 0.00172 0.62901 -0.77740
vn 0 0.61619 -0.78759
vn 0 0.61619 -0.78759
vn 0 0.63101 -0.77577
vn -0.00173 0.62811 -0.77813
vn -0.00371 0.63101 -0.77577
vn 0 0.61619 -0.78759
vn 0 0.61619 -0.78759
vn 0.00244 0.62785 -0.77833
vn 0 0.61619 -0.78759
vn 0 0.61619 -0.78759
vn 0 0.63175 -0.77517
vn 0.00217 0.65157 -0.75858
vn 0.00395 0.65483 -0.75576
vn 0.01129 0.70035 -0.71371
vn 0.01642 0.69099 -0.72268
vn -0.00145 0.65420 -0.75632
vn -0.01181 0.68927 -0.72441
vn -0.01553 0.69405 -0.71975
vn -0.00310 0.65916 -0.75200
vn 0 -0.92661 0.37601
vn 0 -0.92661 0.37601
vn 0 -0.92661 0.37602
vn 0 -0.92661 0.37602
vn 0 -0.92661 0.37601
vn 0 -0.92661 0.37602
vn 0 -0.92661 0.37602
vn 0 -0.92661 0.37601
vn 0 -0.92661 0.37601
vn 0 -0.92661 0.37602
vn 0 -0.92661 0.37602
vn 0 -0.92661 0.37601
vn 0 -0.92661 0.37602
vn 0 -0.92661 0.37602
vn 0 -0.92661 0.37602
vn 0 -0.92661 0.37602
vn 0 -0.92661 0.37601
vn 0 -0.92661 0.37601
vn 0 -0.92661 0.37602
vn 0 -0.92661 0.37601
vn 0 -0.92661 0.37601
vn 0 -0.92661 0.37602
vn 0 -0.92661 0.37602
vn 0 -0.92661 0.37602
vn 0 -0.92661 0.37602
vn 0 -0.92661 0.37602
vn 0 -0.92661 0.37602
vn 0 -0.92661 0.37602
vn 0 -0.92661 0.37602
vn 0 -0.92661 0.37602
vn 0 -0.92661 0.37602
vn 0 -0.92661 0.37601
vn 0.46452 0.50578 0.72692
vn 0.51128 0.63312 0.58116
vn 0.36885 0.77346 0.51547
vn 0.28326 0.68211 0.67416
vn 0.49205 0.36615 0.78982
vn 0.21179 0.61306 0.76112
vn 0.13801 0.48398 0.86413
vn 0.53550 0.27098 0.79988
vn 0.59084 0.45321 0.66746
vn 0.67933 0.28353 0.67684
vn 0.79229 0.33400 0.51061
vn 0.63252 0.51150 0.58163
vn -0.50465 0.46515 0.72730
vn -0.63252 0.51150 0.58163
vn -0.77180 0.36871 0.51805
vn -0.67933 0.28353 0.67684
vn -0.36567 0.49332 0.78925
vn -0.61019 0.21175 0.76343
vn -0.48150 0.13813 0.86549
vn -0.27067 0.53802 0.79829
vn -0.45276 0.59193 0.66680
vn -0.28326 0.68211 0.67416
vn -0.33367 0.79430 0.50768
vn -0.51128 0.63312 0.58116
vn -0.00879 0.80656 0.59109
vn -0.09099 0.75076 0.65428
vn -0.04890 0.62094 0.78233
vn 0 0.77812 0.62812
vn 0.02291 0.80638 0.59096
vn 0 0.77812 0.62812
vn 0 0.76581 0.64307
vn 0.08236 0.74823 0.65830
vn 0.02615 0.85999 0.50965
vn 0.11080 0.82174 0.55899
vn 0.15669 0.87505 0.45798
vn 0.06412 0.92162 0.38276
vn -0.02615 0.85999 0.50965
vn -0.06412 0.92162 0.38276
vn -0.20225 0.88175 0.42616
vn -0.10553 0.80346 0.58593
vn 0.45277 -0.59193 0.66680
vn 0.28326 -0.68211 0.67416
vn 0.33368 -0.79430 0.50769
vn 0.51128 -0.63312 0.58116
vn 0.50465 -0.46514 0.72730
vn 0.63252 -0.51150 0.58163
vn 0.77180 -0.36871 0.51805
vn 0.67933 -0.28353 0.67685
vn 0.36567 -0.49332 0.78925
vn 0.61019 -0.21175 0.76343
vn 0.48150 -0.13813 0.86549
vn 0.27067 -0.53802 0.79829
vn -0.49205 -0.36615 0.78982
vn -0.21179 -0.61305 0.76113
vn -0.13801 -0.48398 0.86413
vn -0.53550 -0.27098 0.79988
vn -0.59084 -0.45321 0.66746
vn -0.67933 -0.28353 0.67685
vn -0.79229 -0.33400 0.51061
vn -0.63252 -0.51150 0.58163
vn -0.46452 -0.50578 0.72692
vn -0.51128 -0.63312 0.58116
vn -0.36886 -0.77346 0.51547
vn -0.28326 -0.68211 0.67416
vn -0.02615 -0.85999 0.50965
vn -0.11080 -0.82174 0.55899
vn -0.15669 -0.87504 0.45798
vn -0.06412 -0.92162 0.38276
vn 0.02615 -0.85999 0.50965
vn 0.06412 -0.92162 0.38276
vn 0.20225 -0.88175 0.42616
vn 0.10553 -0.80346 0.58593
vn 0.00879 -0.80656 0.59109
vn 0.09100 -0.75075 0.65428
vn 0.04890 -0.62094 0.78233
vn 0 -0.77812 0.62812
vn -0.02291 -0.80638 0.59096
vn 0 -0.77812 0.62812
vn 0 -0.76581 0.64307
vn -0.08237 -0.74823 0.65830
vn 0.85644 -0.02619 0.51558
vn 0.81820 -0.11097 0.56413
vn 0.87284 -0.15702 0.46206
vn 0.91945 -0.06414 0.38794
vn 0.85644 0.02619 0.51558
vn 0.91945 0.06414 0.38794
vn 0.87961 0.20225 0.43056
vn 0.80005 0.10573 0.59055
vn 0.80214 0.00879 0.59707
vn 0.74659 0.09094 0.65904
vn 0.61709 0.04891 0.78537
vn 0.77333 0 0.63401
vn 0.80196 -0.02290 0.59694
vn 0.77333 0 0.63401
vn 0.76106 0 0.64868
vn 0.74411 -0.08250 0.66294
vn -0.80214 -0.00879 0.59707
vn -0.74659 -0.09094 0.65904
vn -0.61709 -0.04891 0.78537
vn -0.77333 0 0.63401
vn -0.80196 0.02290 0.59694
vn -0.77333 0 0.63401
vn -0.76106 0 0.64868
vn -0.74411 0.08250 0.66294
vn -0.85644 0.02619 0.51558
vn -0.81820 0.11097 0.56413
vn -0.87284 0.15702 0.46206
vn -0.91945 0.06414 0.38794
vn -0.85644 -0.02619 0.51558
vn -0.91945 -0.06414 0.38794
vn -0.87961 -0.20225 0.43056
vn -0.80005 -0.10573 0.59055
vn 0.74342 -0.66788 0.03569
vn 0.51332 -0.83141 0.21275
vn 0.21486 -0.97415 0.06975
vn 0.68770 -0.72599 0
vn 0.74274 -0.66531 -0.07551
vn 0.68770 -0.72599 0
vn 0.58827 -0.80866 0
vn 0.43115 -0.88441 -0.17869
vn 0.84699 -0.52458 -0.08611
vn 0.70595 -0.64500 -0.29258
vn 0.80906 -0.45048 -0.37749
vn 0.91451 -0.38681 -0.11852
vn 0.84670 -0.52506 0.08608
vn 0.91582 -0.38429 0.11657
vn 0.82006 -0.42557 0.38262
vn 0.63901 -0.71129 0.29281
vn -0.84670 -0.52506 0.08608
vn -0.70492 -0.64632 0.29216
vn -0.81264 -0.44255 0.37916
vn -0.91560 -0.38417 0.11867
vn -0.84699 -0.52458 -0.08611
vn -0.91475 -0.38689 -0.11643
vn -0.81654 -0.43372 -0.38098
vn -0.64003 -0.71017 -0.29328
vn -0.74404 -0.66718 -0.03572
vn -0.51654 -0.82907 -0.21408
vn -0.21561 -0.97397 -0.06999
vn -0.68770 -0.72599 0
vn -0.74143 -0.66679 0.07538
vn -0.68691 -0.72600 0.03297
vn -0.58827 -0.80866 0
vn -0.42876 -0.88577 0.17770
vn -0.01177 -0.12140 0.99253
vn -0.03336 -0.12008 0.99220
vn -0.04140 -0.07604 0.99624
vn -0.01312 -0.08464 0.99633
vn 0.01039 -0.12140 0.99255
vn 0.01312 -0.08464 0.99633
vn 0.04162 -0.08300 0.99568
vn 0.03739 -0.11483 0.99268
vn 0.01156 -0.15216 0.98829
vn 0.03795 -0.15721 0.98684
vn 0.04643 -0.18230 0.98215
vn 0.01646 -0.17264 0.98485
vn -0.01162 -0.15355 0.98807
vn -0.01372 -0.16926 0.98548
vn -0.05404 -0.18140 0.98192
vn -0.03795 -0.15721 0.98684
vn -0.01156 0.15216 0.98829
vn -0.03795 0.15721 0.98684
vn -0.04643 0.18230 0.98215
vn -0.01646 0.17264 0.98485
vn 0.01162 0.15355 0.98807
vn 0.01372 0.16926 0.98548
vn 0.05404 0.18140 0.98192
vn 0.03795 0.15721 0.98684
vn 0.01177 0.12140 0.99253
vn 0.03337 0.12008 0.99220
vn 0.04140 0.07604 0.99624
vn 0.01312 0.08464 0.99633
vn -0.01039 0.12140 0.99255
vn -0.01312 0.08464 0.99633
vn -0.04162 0.08300 0.99568
vn -0.03739 0.11483 0.99268
vn 0.10982 -0.10921 0.98793
vn 0.06454 -0.11596 0.99115
vn 0.07840 -0.07840 0.99384
vn 0.11628 -0.07275 0.99055
vn 0.14662 -0.11776 0.98216
vn 0.16056 -0.07535 0.98414
vn 0.17746 -0.08649 0.98032
vn 0.18424 -0.15216 0.97103
vn 0.12740 -0.15203 0.98013
vn 0.15216 -0.18424 0.97103
vn 0.10314 -0.19065 0.97623
vn 0.07403 -0.15511 0.98512
vn -0.11776 -0.14662 0.98216
vn -0.07535 -0.16056 0.98414
vn -0.08649 -0.17746 0.98032
vn -0.15216 -0.18424 0.97103
vn -0.15203 -0.12740 0.98013
vn -0.18424 -0.15216 0.97103
vn -0.19065 -0.10314 0.97623
vn -0.15511 -0.07404 0.98512
vn -0.10921 -0.10982 0.98793
vn -0.11596 -0.06454 0.99115
vn -0.07839 -0.07839 0.99384
vn -0.07275 -0.11628 0.99055
vn 0.12140 -0.01177 0.99253
vn 0.12008 -0.03336 0.99220
vn 0.07605 -0.04139 0.99624
vn 0.08464 -0.01312 0.99633
vn 0.12140 0.01039 0.99255
vn 0.08464 0.01312 0.99633
vn 0.08300 0.04163 0.99568
vn 0.11483 0.03739 0.99268
vn 0.15216 0.01156 0.98829
vn 0.15721 0.03795 0.98684
vn 0.18230 0.04643 0.98215
vn 0.17264 0.01646 0.98485
vn 0.15355 -0.01162 0.98807
vn 0.16926 -0.01372 0.98548
vn 0.18140 -0.05404 0.98192
vn 0.15721 -0.03795 0.98684
vn -0.15216 -0.01156 0.98829
vn -0.15721 -0.03795 0.98684
vn -0.18230 -0.04643 0.98215
vn -0.17264 -0.01646 0.98485
vn -0.15355 0.01162 0.98807
vn -0.16926 0.01372 0.98548
vn -0.18140 0.05404 0.98192
vn -0.15721 0.03795 0.98684
vn -0.12140 0.01177 0.99253
vn -0.12008 0.03337 0.99220
vn -0.07605 0.04139 0.99624
vn -0.08464 0.01312 0.99633
vn -0.12140 -0.01039 0.99255
vn -0.08464 -0.01312 0.99633
vn -0.08300 -0.04163 0.99568
vn -0.11483 -0.03739 0.99268
vn 0.10920 0.10982 0.98793
vn 0.11596 0.06454 0.99115
vn 0.07839 0.07839 0.99384
vn 0.07275 0.11628 0.99055
vn 0.11776 0.14662 0.98216
vn 0.07535 0.16056 0.98414
vn 0.08648 0.17746 0.98032
vn 0.15215 0.18424 0.97103
vn 0.15203 0.12740 0.98013
vn 0.18424 0.15216 0.97103
vn 0.19065 0.10314 0.97623
vn 0.15511 0.07403 0.98512
vn -0.14662 0.11776 0.98216
vn -0.16056 0.07535 0.98414
vn -0.17746 0.08649 0.98032
vn -0.18424 0.15216 0.97103
vn -0.12739 0.15203 0.98013
vn -0.15215 0.18424 0.97103
vn -0.10314 0.19065 0.97623
vn -0.07404 0.15511 0.98512
vn -0.10982 0.10921 0.98793
vn -0.06454 0.11596 0.99115
vn -0.07840 0.07840 0.99384
vn -0.11628 0.07275 0.99055
vn 0.97695 -0.17089 0.12795
vn 0.98001 -0.15346 0.12663
vn 0.89821 -0.13669 0.41777
vn 0.89245 -0.16277 0.42076
vn 0.96887 -0.21265 0.12674
vn 0.88294 -0.21708 0.41628
vn 0.86042 -0.30907 0.40517
vn 0.95195 -0.28029 0.12338
vn 0.96666 -0.22260 -0.12659
vn 0.94991 -0.28725 -0.12311
vn 0.85766 -0.32292 -0.40017
vn 0.87571 -0.25037 -0.41286
vn 0.97461 -0.18395 -0.12763
vn 0.88535 -0.20477 -0.41740
vn 0.89093 -0.17768 -0.41794
vn 0.97803 -0.16581 -0.12634
vn -0.97679 -0.17229 0.12730
vn -0.89245 -0.16277 0.42076
vn -0.89683 -0.13673 0.42072
vn -0.98036 -0.15117 0.12668
vn -0.97461 -0.18395 -0.12763
vn -0.97789 -0.16584 -0.12742
vn -0.89132 -0.18358 -0.41455
vn -0.88604 -0.20109 -0.41773
vn -0.96666 -0.22260 -0.12659
vn -0.87594 -0.24940 -0.41296
vn -0.85362 -0.33129 -0.40197
vn -0.94991 -0.28725 -0.12311
vn -0.96877 -0.21302 0.12688
vn -0.95195 -0.28029 0.12338
vn -0.86428 -0.30066 0.40326
vn -0.88274 -0.21808 0.41618
vn 0.09816 -0.83489 0.54160
vn 0 -0.87521 0.48374
vn 0 -0.91282 0.40836
vn 0.20488 -0.91891 0.33709
vn 0.12274 -0.72547 0.67722
vn 0.37875 -0.77211 0.51029
vn 0.52646 -0.50724 0.68232
vn 0.17432 -0.55507 0.81334
vn -0.11593 -0.75987 0.63965
vn -0.17345 -0.56120 0.80930
vn -0.52646 -0.50724 0.68232
vn -0.37875 -0.77211 0.51029
vn -0.04792 -0.83797 0.54360
vn -0.23557 -0.91857 0.31738
vn -0.09347 -0.98367 0.15379
vn 0 -0.87521 0.48374
vn 0.04870 -0.83212 -0.55245
vn 0.23801 -0.91680 -0.32068
vn 0.09419 -0.98342 -0.15498
vn 0 -0.86925 -0.49438
vn -0.09975 -0.82896 -0.55035
vn 0 -0.86925 -0.49438
vn 0 -0.90925 -0.41625
vn -0.20714 -0.91703 -0.34081
vn -0.12321 -0.72299 -0.67978
vn -0.37990 -0.77052 -0.51184
vn -0.52166 -0.52033 -0.67611
vn -0.17225 -0.56955 -0.80370
vn 0.11637 -0.75778 -0.64205
vn 0.17139 -0.57547 -0.79966
vn 0.52166 -0.52033 -0.67611
vn 0.37990 -0.77052 -0.51184
vn 0.20137 -0.24107 -0.94939
vn 0.20406 -0.20480 -0.95730
vn 0.59928 -0.20346 -0.77426
vn 0.59037 -0.23170 -0.77316
vn 0.19717 -0.31141 -0.92959
vn 0.58064 -0.29092 -0.76041
vn 0.56026 -0.38604 -0.73286
vn 0.19009 -0.42102 -0.88691
vn -0.19720 -0.31099 -0.92973
vn -0.18810 -0.42430 -0.88577
vn -0.56356 -0.38588 -0.73041
vn -0.58064 -0.29092 -0.76041
vn -0.20145 -0.23943 -0.94978
vn -0.59037 -0.23170 -0.77316
vn -0.59605 -0.20350 -0.77673
vn -0.20562 -0.20756 -0.95637
vn 0.20507 -0.15227 0.96683
vn 0.59940 -0.15668 0.78497
vn 0.60709 -0.12756 0.78433
vn 0.20892 -0.11054 0.97167
vn -0.20507 -0.15227 0.96683
vn -0.20721 -0.11058 0.97203
vn -0.60764 -0.12037 0.78504
vn -0.60086 -0.16100 0.78298
vn -0.20144 -0.23983 0.94969
vn -0.59033 -0.23203 0.77309
vn -0.56966 -0.34677 0.74514
vn -0.19430 -0.37469 0.90656
vn 0.20146 -0.23938 0.94980
vn 0.19230 -0.37817 0.90554
vn 0.57298 -0.34674 0.74261
vn 0.59077 -0.23204 0.77275
vn -0.02254 -0.89520 -0.44510
vn -0.00948 -0.75875 -0.65131
vn -0.01547 -0.77814 -0.62790
vn -0.02662 -0.92099 -0.38867
vn -0.03981 -0.94860 -0.31398
vn 0.04438 -0.96495 -0.25867
vn 0.09914 -0.98801 -0.11837
vn -0.00139 -0.97306 -0.23055
vn 0.00787 -0.87633 -0.48165
vn 0.04838 -0.90301 -0.42688
vn 0.03892 -0.83145 -0.55424
vn 0.00948 -0.75875 -0.65131
vn 0.05563 -0.92041 -0.38697
vn 0.01150 -0.90648 -0.42209
vn -0.05870 -0.84636 -0.52936
vn 0.00101 -0.89409 -0.44789
vn -0.01449 -0.97310 -0.22993
vn -0.08999 -0.95307 -0.28906
vn -0.04473 -0.99220 -0.11633
vn -0.02013 -0.99664 -0.07944
vn 0.06935 -0.96589 -0.24949
vn 0.05591 -0.99582 -0.07226
vn 0.08983 -0.99018 -0.10714
vn 0.09470 -0.95209 -0.29080
vn 0.01607 -0.93281 -0.36002
vn 0.02519 -0.91447 -0.40386
vn -0.00190 -0.79753 -0.60327
vn -0.03945 -0.89423 -0.44587
vn -0.06587 -0.96492 -0.25414
vn -0.10681 -0.95672 -0.27072
vn -0.10563 -0.98703 -0.12089
vn -0.02943 -0.99737 -0.06620
vn 0.03021 -0.96847 -0.24730
vn 0.02445 -0.99826 -0.05373
vn 0.04473 -0.99220 -0.11633
vn 0.04032 -0.95618 -0.29000
vn -0.99607 -0.00059 0.08862
vn -0.96312 0.00271 0.26904
vn -0.96800 0.00726 0.25085
vn -0.99874 0.00846 0.04939
vn -0.99525 0.00556 -0.09715
vn -0.99495 0.01272 -0.09960
vn -0.96156 0.02125 -0.27378
vn -0.96142 0.01380 -0.27475
vn -0.99511 0.00100 -0.09879
vn -0.96154 0.00434 -0.27462
vn -0.95698 0.00179 -0.29016
vn -0.99474 -0.00043 -0.10241
vn -0.99605 0.00057 0.08877
vn -0.99474 0.00171 0.10241
vn -0.95694 0.00847 0.29015
vn -0.95927 0.01061 0.28230
vn -0.99452 0.00265 0.10450
vn -0.95570 0.00713 0.29424
vn -0.95556 0.01079 0.29461
vn -0.99474 0.00247 0.10241
vn -0.99455 -0.00264 -0.10423
vn -0.99452 -0.00252 -0.10450
vn -0.95697 -0.00337 -0.29016
vn -0.95558 -0.00801 -0.29461
vn -0.99455 -0.00219 -0.10423
vn -0.95584 -0.00887 -0.29374
vn -0.95811 -0.01313 -0.28610
vn -0.99549 -0.00123 -0.09485
vn -0.99455 0.00129 0.10429
vn -0.99486 0.00131 0.10126
vn -0.96131 -0.00090 0.27546
vn -0.95573 0.00157 0.29425
vn -0.73405 0.02143 0.67876
vn -0.58950 0.02823 0.80728
vn -0.58964 0.01775 0.80747
vn -0.74385 0.01303 0.66821
vn -0.83353 0.01339 0.55231
vn -0.84785 0.01057 0.53013
vn -0.92256 0.00002 0.38585
vn -0.90616 0.00786 0.42287
vn -0.82875 0.02477 0.55906
vn -0.90598 0.01363 0.42311
vn -0.89874 0.01735 0.43814
vn -0.82637 0.02579 0.56254
vn -0.73387 0.02988 0.67863
vn -0.72995 0.03342 0.68268
vn -0.58925 0.04035 0.80694
vn -0.58932 0.03725 0.80704
vn -0.72962 0.01631 0.68366
vn -0.58961 0.01923 0.80746
vn -0.58939 0.03415 0.80713
vn -0.73006 0.02850 0.68279
vn -0.82536 0.01346 0.56445
vn -0.82510 0.02356 0.56450
vn -0.89876 0.01605 0.43815
vn -0.89715 0.01071 0.44160
vn -0.82544 -0.00055 0.56449
vn -0.89734 0.00050 0.44134
vn -0.90445 -0.00699 0.42652
vn -0.83113 -0.01350 0.55591
vn -0.72977 -0.00066 0.68369
vn -0.73258 -0.01923 0.68041
vn -0.58971 -0.02392 0.80726
vn -0.58973 -0.00135 0.80760
vn 0.12760 0.03466 0.99122
vn 0.37287 0.03242 0.92732
vn 0.37299 0.02039 0.92761
vn 0.12765 0.02179 0.99158
vn -0.12761 0.03466 0.99122
vn -0.12765 0.02179 0.99158
vn -0.37299 0.02039 0.92761
vn -0.37287 0.03242 0.92732
vn -0.12755 0.04573 0.99078
vn -0.37272 0.04278 0.92696
vn -0.37266 0.04634 0.92681
vn -0.12752 0.04953 0.99060
vn 0.12755 0.04573 0.99078
vn 0.12752 0.04953 0.99060
vn 0.37266 0.04634 0.92681
vn 0.37272 0.04278 0.92696
vn 0.12765 0.02363 0.99154
vn 0.37296 0.02210 0.92758
vn 0.37278 0.03922 0.92709
vn 0.12757 0.04192 0.99094
vn -0.12764 0.02363 0.99154
vn -0.12757 0.04192 0.99094
vn -0.37278 0.03922 0.92709
vn -0.37297 0.02210 0.92758
vn -0.12768 -0.00166 0.99181
vn -0.37306 -0.00155 0.92780
vn -0.37305 -0.02752 0.92740
vn -0.12767 -0.02944 0.99138
vn 0.12768 -0.00166 0.99181
vn 0.12767 -0.02945 0.99138
vn 0.37305 -0.02752 0.92740
vn 0.37306 -0.00155 0.92780
vn 0.83345 0.01784 0.55230
vn 0.90615 0.00786 0.42287
vn 0.92256 0.00002 0.38585
vn 0.84787 0.00736 0.53015
vn 0.73405 0.02143 0.67876
vn 0.74385 0.01303 0.66822
vn 0.58964 0.01775 0.80747
vn 0.58950 0.02823 0.80728
vn 0.73120 0.03000 0.68150
vn 0.58932 0.03725 0.80704
vn 0.58925 0.04035 0.80694
vn 0.72995 0.03342 0.68268
vn 0.83338 0.02144 0.55229
vn 0.82633 0.02754 0.56252
vn 0.89874 0.01735 0.43815
vn 0.90175 0.01382 0.43204
vn 0.82525 0.01347 0.56460
vn 0.89729 0.01058 0.44132
vn 0.89708 0.01617 0.44157
vn 0.82643 0.02252 0.56259
vn 0.72966 0.01628 0.68362
vn 0.72942 0.02853 0.68348
vn 0.58939 0.03415 0.80713
vn 0.58962 0.01924 0.80745
vn 0.72977 -0.00066 0.68370
vn 0.58973 -0.00135 0.80760
vn 0.58971 -0.02396 0.80726
vn 0.73258 -0.01923 0.68041
vn 0.82544 -0.00055 0.56449
vn 0.83111 -0.01571 0.55588
vn 0.90445 -0.00699 0.42652
vn 0.89734 0.00235 0.44134
vn 0.99525 0.00556 -0.09715
vn 0.96145 0.01206 -0.27473
vn 0.96234 0.02104 -0.27102
vn 0.99375 0.01370 -0.11080
vn 0.99607 -0.00059 0.08862
vn 0.99778 -0.00197 0.06650
vn 0.98407 -0.00392 0.17774
vn 0.96285 0.00917 0.26989
vn 0.99511 0.00055 0.09879
vn 0.96300 0.00584 0.26945
vn 0.95691 0.01149 0.29014
vn 0.99474 0.00171 0.10241
vn 0.99526 0.00154 -0.09727
vn 0.99474 -0.00171 -0.10241
vn 0.95698 -0.00123 -0.29016
vn 0.95929 0.00752 -0.28231
vn 0.99452 -0.00265 -0.10450
vn 0.95585 -0.00768 -0.29374
vn 0.95561 -0.00342 -0.29462
vn 0.99474 -0.00177 -0.10241
vn 0.99454 0.00257 0.10429
vn 0.99452 0.00252 0.10450
vn 0.95694 0.00898 0.29015
vn 0.95559 0.00714 0.29462
vn 0.99454 0.00219 0.10429
vn 0.95573 0.00157 0.29425
vn 0.96131 -0.00451 0.27544
vn 0.99544 -0.00031 0.09539
vn 0.99455 -0.00219 -0.10423
vn 0.99488 -0.00131 -0.10101
vn 0.96250 -0.00815 -0.27115
vn 0.95582 -0.01139 -0.29374
vn 0.72941 0.04347 -0.68270
vn 0.58892 0.05283 -0.80646
vn 0.58943 0.03395 -0.80711
vn 0.73764 0.02687 -0.67466
vn 0.82596 0.03261 -0.56279
vn 0.83328 0.02200 -0.55241
vn 0.91834 0.00725 -0.39572
vn 0.89920 0.01984 -0.43708
vn 0.82637 0.04783 -0.56109
vn 0.89585 0.03899 -0.44263
vn 0.90353 0.04668 -0.42597
vn 0.83041 0.05053 -0.55486
vn 0.72836 0.05758 -0.68277
vn 0.73137 0.06185 -0.67917
vn 0.58822 0.07180 -0.80551
vn 0.58839 0.06795 -0.80572
vn 0.73219 0.03790 -0.68005
vn 0.58913 0.04544 -0.80676
vn 0.58870 0.05934 -0.80617
vn 0.73198 0.05001 -0.67948
vn 0.83099 0.02995 -0.55548
vn 0.83187 0.04095 -0.55346
vn 0.90466 0.03194 -0.42494
vn 0.90451 0.02140 -0.42592
vn 0.82884 0.02027 -0.55912
vn 0.90470 0.01134 -0.42590
vn 0.89887 0.00270 -0.43820
vn 0.82662 0.00698 -0.56271
vn 0.73251 0.02466 -0.68031
vn 0.73032 0.01060 -0.68302
vn 0.58969 0.01337 -0.80752
vn 0.58947 0.03012 -0.80723
vn 0.72957 -0.02036 -0.68361
vn 0.59125 -0.02499 -0.80610
vn 0.58973 -0.00479 -0.80759
vn 0.73036 -0.00405 -0.68305
vn 0.82630 -0.01602 -0.56301
vn 0.82533 -0.00367 -0.56464
vn 0.89887 -0.00360 -0.43820
vn 0.89714 -0.01201 -0.44159
vn 0.82603 -0.02856 -0.56290
vn 0.89772 -0.01707 -0.44024
vn 0.90143 -0.01984 -0.43246
vn 0.83919 -0.03159 -0.54292
vn 0.73069 -0.03460 -0.68183
vn 0.73513 -0.04554 -0.67640
vn 0.60414 -0.05862 -0.79472
vn 0.59074 -0.04593 -0.80556
vn -0.12742 0.06484 -0.98973
vn -0.37239 0.06067 -0.92609
vn -0.37281 0.03900 -0.92709
vn -0.12758 0.04169 -0.99095
vn 0.12742 0.06484 -0.98973
vn 0.12758 0.04169 -0.99095
vn 0.37281 0.03900 -0.92709
vn 0.37240 0.06067 -0.92609
vn 0.12724 0.08336 -0.98836
vn 0.37194 0.07801 -0.92497
vn 0.37180 0.08242 -0.92465
vn 0.12719 0.08807 -0.98796
vn -0.12724 0.08336 -0.98836
vn -0.12719 0.08807 -0.98796
vn -0.37180 0.08242 -0.92465
vn -0.37194 0.07801 -0.92497
vn -0.12749 0.05578 -0.99027
vn -0.37256 0.05219 -0.92654
vn -0.37220 0.06813 -0.92565
vn -0.12735 0.07281 -0.98918
vn 0.12749 0.05578 -0.99027
vn 0.12735 0.07281 -0.98918
vn 0.37220 0.06813 -0.92565
vn 0.37256 0.05219 -0.92654
vn 0.12760 0.03698 -0.99114
vn 0.37285 0.03460 -0.92725
vn 0.37303 0.01536 -0.92769
vn 0.12767 0.01642 -0.99168
vn -0.12760 0.03698 -0.99114
vn -0.12767 0.01642 -0.99168
vn -0.37302 0.01536 -0.92769
vn -0.37285 0.03460 -0.92725
vn -0.12762 -0.03247 -0.99129
vn -0.37432 -0.02964 -0.92682
vn -0.37306 -0.00550 -0.92779
vn -0.12768 -0.00588 -0.99180
vn 0.12817 -0.03228 -0.99123
vn 0.12768 -0.00588 -0.99180
vn 0.37306 -0.00550 -0.92779
vn 0.37291 -0.02966 -0.92740
vn 0.12799 -0.05844 -0.99005
vn 0.37390 -0.05280 -0.92596
vn 0.37730 -0.07200 -0.92329
vn 0.13235 -0.07952 -0.98801
vn -0.12800 -0.05795 -0.99008
vn -0.12929 -0.08037 -0.98834
vn -0.38503 -0.07175 -0.92011
vn -0.37390 -0.05280 -0.92596
vn -0.82556 0.03586 -0.56317
vn -0.89920 0.01984 -0.43709
vn -0.90916 0.00763 -0.41638
vn -0.84183 0.01779 -0.53946
vn -0.72941 0.04347 -0.68270
vn -0.73353 0.02705 -0.67912
vn -0.58942 0.03395 -0.80711
vn -0.58893 0.05283 -0.80645
vn -0.72946 0.05810 -0.68155
vn -0.58838 0.06795 -0.80572
vn -0.58822 0.07180 -0.80551
vn -0.73144 0.06055 -0.67921
vn -0.82401 0.04813 -0.56453
vn -0.83041 0.05053 -0.55486
vn -0.90397 0.04128 -0.42561
vn -0.89862 0.04118 -0.43679
vn -0.83096 0.03096 -0.55547
vn -0.90451 0.02140 -0.42592
vn -0.90565 0.03282 -0.42276
vn -0.83101 0.04105 -0.55474
vn -0.73219 0.03790 -0.68005
vn -0.73240 0.05024 -0.67902
vn -0.58870 0.05934 -0.80617
vn -0.58913 0.04544 -0.80676
vn -0.73131 0.02471 -0.68159
vn -0.58947 0.03012 -0.80723
vn -0.58968 0.01337 -0.80752
vn -0.73032 0.01060 -0.68302
vn -0.83125 0.01836 -0.55560
vn -0.82661 0.00873 -0.56271
vn -0.89887 0.00270 -0.43821
vn -0.90178 0.01150 -0.43205
vn -0.82521 -0.01681 -0.56457
vn -0.89779 -0.01198 -0.44026
vn -0.89719 -0.00513 -0.44162
vn -0.82664 -0.00366 -0.56272
vn -0.73103 -0.02031 -0.68204
vn -0.72971 -0.00445 -0.68374
vn -0.58973 -0.00479 -0.80759
vn -0.58954 -0.02582 -0.80733
vn -0.73069 -0.03460 -0.68183
vn -0.59080 -0.04390 -0.80563
vn -0.59478 -0.06250 -0.80146
vn -0.74452 -0.04484 -0.66610
vn -0.82610 -0.02565 -0.56294
vn -0.83022 -0.03744 -0.55618
vn -0.90866 -0.01914 -0.41710
vn -0.89771 -0.01707 -0.44025
vn -0.05883 -0.99787 -0.02827
vn -0.10960 -0.99129 -0.07304
vn -0.22384 -0.97415 -0.03042
vn -0.14551 -0.98898 -0.02721
vn -0.06671 -0.99773 0.00932
vn -0.14291 -0.98949 0.02199
vn -0.17601 -0.98077 0.08429
vn -0.12224 -0.99116 0.05154
vn -0.03540 -0.99858 0.03979
vn -0.07268 -0.99374 0.08481
vn -0.10033 -0.97904 0.17725
vn -0.02879 -0.99321 0.11274
vn 0.01495 -0.99884 0.04579
vn 0.03224 -0.99482 0.09637
vn 0.11555 -0.98585 0.12141
vn 0.09102 -0.99132 0.09487
vn 0.05770 -0.99804 0.02414
vn 0.10281 -0.99260 0.06465
vn 0.21677 -0.97588 0.02580
vn 0.16783 -0.98562 0.01976
vn 0.06750 -0.99764 -0.01259
vn 0.14551 -0.98898 -0.02721
vn 0.18969 -0.97718 -0.09563
vn 0.12862 -0.98995 -0.05876
vn 0.03742 -0.99831 -0.04449
vn 0.07775 -0.99227 -0.09675
vn 0.03972 -0.98460 -0.17026
vn 0.03254 -0.99089 -0.13067
vn -0.01484 -0.99857 -0.05138
vn -0.03604 -0.99325 -0.11022
vn -0.13200 -0.98113 -0.14131
vn -0.10000 -0.98896 -0.10936
vn -0.90475 0.03952 -0.42411
vn -0.96839 0.07640 -0.23746
vn -0.96565 0.00475 -0.25980
vn -0.88867 -0.04861 -0.45596
vn -0.79442 0.02794 -0.60673
vn -0.77929 -0.05781 -0.62400
vn -0.61533 -0.01417 -0.78814
vn -0.59065 0.12317 -0.79747
vn -0.84274 0.17620 -0.50867
vn -0.60959 0.36670 -0.70280
vn -0.70259 0.46803 -0.53601
vn -0.92835 0.21814 -0.30095
vn -0.99406 0.09878 -0.04579
vn -0.99792 0.05008 -0.04060
vn -0.98566 0.03408 -0.16528
vn -0.98671 0.09432 -0.13231
vn -0.98390 0.17298 -0.04484
vn -0.97090 0.19805 -0.13461
vn -0.86802 0.45210 -0.20529
vn -0.96839 0.21581 -0.12510
vn -0.97562 0.21242 0.05522
vn -0.96396 0.23507 0.12456
vn -0.87677 0.25490 0.40780
vn -0.94997 0.26587 0.16393
vn -0.99337 0.10289 0.05129
vn -0.98407 0.10178 0.14575
vn -0.98393 0.02110 0.17732
vn -0.99738 0.04491 0.05666
vn -0.86270 0.04283 0.50391
vn -0.86504 -0.03663 0.50037
vn -0.94382 0.00988 0.33031
vn -0.95099 0.08723 0.29667
vn -0.78952 0.16692 0.59059
vn -0.89654 0.29407 0.33127
vn -0.80214 0.39476 0.44803
vn -0.47971 0.33919 0.80921
vn -0.70862 0.07057 0.70205
vn -0.42541 0.14732 0.89293
vn -0.53067 0.00930 0.84752
vn -0.72684 -0.02942 0.68617
vn -0.08379 0.19296 0.97762
vn -0.09886 0.07132 0.99254
vn -0.30496 0.05199 0.95094
vn -0.23605 0.17756 0.95538
vn -0.08565 0.33536 0.93819
vn -0.25270 0.34924 0.90232
vn -0.35258 0.55903 0.75045
vn -0.19125 0.41497 0.88951
vn 0.08565 0.33536 0.93819
vn 0.13428 0.41894 0.89803
vn 0.57341 0.34985 0.74082
vn 0.34258 0.38294 0.85790
vn 0.07713 0.19306 0.97815
vn 0.23605 0.17756 0.95538
vn 0.30436 0.02522 0.95222
vn 0.09886 0.07132 0.99254
vn 0.72575 0.05310 0.68591
vn 0.72641 -0.04116 0.68603
vn 0.53067 0.00930 0.84753
vn 0.47489 0.13787 0.86918
vn 0.78952 0.16692 0.59059
vn 0.48962 0.38387 0.78289
vn 0.61762 0.44546 0.64816
vn 0.91658 0.24289 0.31761
vn 0.87157 0.05777 0.48686
vn 0.96093 0.07336 0.26687
vn 0.94382 0.00988 0.33032
vn 0.86481 -0.02506 0.50147
vn 0.99299 0.10640 0.05142
vn 0.99701 0.05220 0.05690
vn 0.98393 0.02110 0.17732
vn 0.98376 0.10159 0.14797
vn 0.97977 0.18080 0.08585
vn 0.94997 0.26587 0.16393
vn 0.86965 0.43014 0.24226
vn 0.95242 0.27885 0.12306
vn 0.98390 0.17298 -0.04484
vn 0.97213 0.22033 -0.08014
vn 0.88814 0.20141 -0.41308
vn 0.94865 0.24576 -0.19915
vn 0.99406 0.09878 -0.04579
vn 0.98676 0.09379 -0.13229
vn 0.99091 0.01886 -0.13321
vn 0.99739 0.04980 -0.05229
vn 0.89526 0.02160 -0.44501
vn 0.89985 -0.04732 -0.43362
vn 0.95288 -0.02170 -0.30257
vn 0.96839 0.07640 -0.23746
vn 0.86457 0.17165 -0.47228
vn 0.93982 0.23223 -0.25063
vn 0.83858 0.41560 -0.35223
vn 0.60959 0.36670 -0.70280
vn 0.78483 0.04433 -0.61813
vn 0.54177 0.13582 -0.82948
vn 0.61533 -0.01417 -0.78814
vn 0.78139 -0.04772 -0.62221
vn 0.10456 0.22512 -0.96870
vn 0.12618 0.05587 -0.99043
vn 0.37247 0.00186 -0.92804
vn 0.33159 0.18064 -0.92597
vn 0.10896 0.45685 -0.88285
vn 0.33294 0.44247 -0.83269
vn 0.39131 0.64791 -0.65352
vn 0.16790 0.60165 -0.78092
vn -0.10897 0.45685 -0.88285
vn -0.13392 0.60481 -0.78502
vn -0.52626 0.51066 -0.67992
vn -0.33581 0.48897 -0.80507
vn -0.10460 0.22644 -0.96839
vn -0.30302 0.18571 -0.93471
vn -0.37247 0.00186 -0.92804
vn -0.12559 0.04365 -0.99112
vn -0.95816 -0.28196 0.04921
vn -0.99815 -0.02126 0.05694
vn -0.97954 -0.09232 0.17883
vn -0.93149 -0.31816 0.17634
vn -0.70549 -0.70779 0.03630
vn -0.69067 -0.71162 0.12876
vn -0.40354 -0.91176 0.07644
vn -0.36631 -0.93049 0.00117
vn -0.74610 -0.66435 -0.04445
vn -0.36718 -0.93013 -0.00568
vn -0.40923 -0.90963 -0.07149
vn -0.76804 -0.62277 -0.14925
vn -0.96768 -0.24676 -0.05207
vn -0.96524 -0.18760 -0.18200
vn -0.98343 0.02079 -0.18010
vn -0.99829 0.01323 -0.05701
vn -0.59151 -0.63004 0.50315
vn -0.67585 -0.44233 0.58956
vn -0.50442 -0.52464 0.68580
vn -0.44308 -0.66424 0.60205
vn -0.39403 -0.85534 0.33636
vn -0.29987 -0.86801 0.39579
vn -0.18025 -0.95475 0.23655
vn -0.24831 -0.95175 0.18030
vn -0.50416 -0.81024 0.29888
vn -0.23545 -0.95812 0.16298
vn -0.34004 -0.92734 0.15621
vn -0.61143 -0.74715 0.26062
vn -0.70338 -0.57098 0.42337
vn -0.84885 -0.41483 0.32769
vn -0.91860 -0.21233 0.33330
vn -0.82172 -0.33036 0.46438
vn -0.84598 0.07129 0.52843
vn -0.85324 0.09425 0.51293
vn -0.94225 0.03113 0.33345
vn -0.93050 0.03741 0.36437
vn -0.84583 0.05533 0.53058
vn -0.92186 0.04423 0.38500
vn -0.92307 0.03068 0.38340
vn -0.85306 0.03498 0.52064
vn -0.73917 0.06913 0.66996
vn -0.74043 0.04103 0.67088
vn -0.58903 0.04775 0.80670
vn -0.58758 0.08302 0.80490
vn -0.73805 0.09974 0.66733
vn -0.58494 0.12341 0.80163
vn -0.58221 0.15366 0.79839
vn -0.74832 0.11988 0.65241
vn 0.07251 -0.74086 0.66774
vn 0.10230 -0.60630 0.78863
vn 0.30597 -0.57946 0.75539
vn 0.25144 -0.70818 0.65974
vn 0.03000 -0.90530 0.42370
vn 0.17502 -0.87583 0.44977
vn 0.10018 -0.96108 0.25747
vn 0.00030 -0.96935 0.24567
vn -0.05087 -0.89616 0.44081
vn -0.03036 -0.97355 0.22647
vn -0.08102 -0.96599 0.24557
vn -0.15058 -0.87762 0.45509
vn -0.07119 -0.75302 0.65414
vn -0.25141 -0.70819 0.65975
vn -0.30592 -0.57948 0.75539
vn -0.10226 -0.60609 0.78880
vn -0.12611 0.15087 0.98048
vn -0.12522 0.18740 0.97427
vn -0.36666 0.17576 0.91360
vn -0.36906 0.14142 0.91858
vn -0.12697 0.10173 0.98668
vn -0.37119 0.09525 0.92366
vn -0.37247 0.05484 0.92642
vn -0.12745 0.05859 0.99011
vn 0.12698 0.10173 0.98667
vn 0.12746 0.05859 0.99011
vn 0.37248 0.05483 0.92642
vn 0.37128 0.09526 0.92362
vn 0.12615 0.15087 0.98047
vn 0.36909 0.14136 0.91858
vn 0.36684 0.17581 0.91352
vn 0.12523 0.18740 0.97427
vn 0.72046 -0.54077 0.43417
vn 0.81150 -0.35070 0.46742
vn 0.92294 -0.20683 0.32466
vn 0.84883 -0.41485 0.32769
vn 0.46226 -0.83569 0.29655
vn 0.63036 -0.73863 0.23891
vn 0.34006 -0.92734 0.15623
vn 0.23545 -0.95812 0.16299
vn 0.39403 -0.85533 0.33637
vn 0.20657 -0.96165 0.18047
vn 0.18307 -0.95828 0.21952
vn 0.31357 -0.85476 0.41359
vn 0.58406 -0.63328 0.50777
vn 0.44700 -0.67534 0.58660
vn 0.50405 -0.52568 0.68527
vn 0.67917 -0.44049 0.58710
vn 0.73804 0.09973 0.66734
vn 0.74098 0.12135 0.66047
vn 0.58203 0.15367 0.79851
vn 0.58494 0.12340 0.80164
vn 0.74058 0.06969 0.66835
vn 0.58750 0.08302 0.80495
vn 0.58903 0.04775 0.80670
vn 0.74382 0.04080 0.66713
vn 0.84585 0.05707 0.53036
vn 0.84673 0.03248 0.53103
vn 0.92931 0.02946 0.36813
vn 0.92185 0.04423 0.38501
vn 0.84597 0.07881 0.52738
vn 0.92221 0.05170 0.38323
vn 0.93049 0.03405 0.36474
vn 0.86641 0.07681 0.49339
vn 0.97295 -0.22506 -0.05214
vn 0.99815 0.02126 -0.05694
vn 0.98343 0.02079 -0.18010
vn 0.96524 -0.18760 -0.18200
vn 0.71761 -0.69591 -0.02749
vn 0.76804 -0.62277 -0.14925
vn 0.43116 -0.89803 -0.08745
vn 0.40243 -0.91545 -0.00204
vn 0.70548 -0.70779 0.03630
vn 0.36370 -0.93128 0.02105
vn 0.38830 -0.91935 0.06345
vn 0.71250 -0.68898 0.13282
vn 0.95716 -0.28415 0.05580
vn 0.93007 -0.32402 0.17316
vn 0.97740 -0.11357 0.17827
vn 0.99815 -0.02126 0.05694
vn 0.72597 -0.29197 -0.62268
vn 0.75432 0.00751 -0.65646
vn 0.58974 0 -0.80759
vn 0.57034 -0.24930 -0.78267
vn 0.50389 -0.74387 -0.43903
vn 0.40418 -0.73628 -0.54270
vn 0.22373 -0.92720 -0.30040
vn 0.29434 -0.93050 -0.21803
vn 0.61524 -0.69462 -0.37282
vn 0.27311 -0.94209 -0.19460
vn 0.36454 -0.91718 -0.16088
vn 0.72419 -0.62961 -0.28132
vn 0.82060 -0.27942 -0.49853
vn 0.90724 -0.22863 -0.35306
vn 0.94219 0.03842 -0.33286
vn 0.86928 0.00566 -0.49428
vn -0.10190 -0.30549 -0.94673
vn -0.12769 0 -0.99181
vn -0.37307 0 -0.92780
vn -0.34153 -0.26223 -0.90255
vn -0.04232 -0.79021 -0.61137
vn -0.24741 -0.72230 -0.64581
vn -0.12671 -0.93437 -0.33301
vn 0.00036 -0.94877 -0.31596
vn 0.07255 -0.76512 -0.63978
vn 0.03751 -0.95717 -0.28707
vn 0.10163 -0.94350 -0.31539
vn 0.21472 -0.72305 -0.65657
vn 0.10095 -0.33810 -0.93568
vn 0.34153 -0.26223 -0.90255
vn 0.37307 0 -0.92780
vn 0.12769 0 -0.99181
vn -0.83036 -0.23649 -0.50455
vn -0.86928 0.00566 -0.49428
vn -0.94272 0.01531 -0.33324
vn -0.92414 -0.17847 -0.33780
vn -0.57194 -0.73043 -0.37332
vn -0.72419 -0.62961 -0.28132
vn -0.39766 -0.90357 -0.15944
vn -0.27311 -0.94209 -0.19460
vn -0.50389 -0.74387 -0.43903
vn -0.24213 -0.94522 -0.21893
vn -0.22432 -0.93525 -0.27382
vn -0.42593 -0.70201 -0.57075
vn -0.71802 -0.29264 -0.63152
vn -0.57888 -0.28151 -0.76528
vn -0.58974 0 -0.80759
vn -0.75432 0.00751 -0.65646
vn -0.85324 0.00728 0.52146
vn -0.85047 0.01436 0.52583
vn -0.92630 0.01303 0.37657
vn -0.92772 0.00529 0.37323
vn -0.85148 0.00431 0.52436
vn -0.92762 0.00113 0.37351
vn -0.92257 -0.00022 0.38584
vn -0.84789 0.00497 0.53015
vn -0.74470 0.00580 0.66738
vn -0.74390 0.00648 0.66826
vn -0.58971 0.00828 0.80757
vn -0.58972 0.00687 0.80758
vn -0.74492 0.00908 0.66709
vn -0.58970 0.01072 0.80755
vn -0.58959 0.02142 0.80742
vn -0.74286 0.01828 0.66920
vn -0.12767 0.01317 0.99173
vn -0.12763 0.02630 0.99147
vn -0.37293 0.02461 0.92753
vn -0.37304 0.01232 0.92774
vn -0.12768 0.00843 0.99178
vn -0.37305 0.00789 0.92778
vn -0.37305 0.00952 0.92776
vn -0.12768 0.01017 0.99176
vn 0.12768 0.00843 0.99178
vn 0.12767 0.01017 0.99176
vn 0.37305 0.00952 0.92776
vn 0.37305 0.00789 0.92778
vn 0.12767 0.01317 0.99173
vn 0.37303 0.01232 0.92774
vn 0.37295 0.02461 0.92753
vn 0.12764 0.02630 0.99147
vn 0.74492 0.00908 0.66709
vn 0.74285 0.01828 0.66920
vn 0.58958 0.02142 0.80743
vn 0.58970 0.01072 0.80755
vn 0.74519 0.00580 0.66683
vn 0.58972 0.00687 0.80758
vn 0.58971 0.00828 0.80757
vn 0.74390 0.00685 0.66826
vn 0.85270 0.00385 0.52238
vn 0.84788 0.00497 0.53016
vn 0.92253 0.00181 0.38592
vn 0.92670 0.00118 0.37581
vn 0.85320 0.00702 0.52154
vn 0.92865 0.00525 0.37092
vn 0.92630 0.01303 0.37657
vn 0.85063 0.01560 0.52553
vn -0.99060 -0.00339 -0.13672
vn -0.99404 -0.01048 -0.10855
vn -0.97246 -0.00217 -0.23308
vn -0.95730 0.01311 -0.28880
vn -0.99020 0.01710 -0.13862
vn -0.95433 0.02804 -0.29742
vn -0.96092 0.03015 -0.27517
vn -0.99378 0.02515 -0.10847
vn -0.999442 0.01172 -0.03128
vn -0.999243 -0.00130 0.03887
vn -0.98447 -0.00497 0.17548
vn -0.99865 -0.00869 0.05123
vn -0.99706 -0.00209 -0.07655
vn -0.97693 -0.00158 -0.21353
vn -0.97141 0.00197 -0.23739
vn -0.99608 -0.00376 -0.08838
vn -0.99753 -0.00260 0.07022
vn -0.99853 -0.00072 0.05423
vn -0.98662 -0.00040 0.16302
vn -0.97640 -0.00173 0.21598
vn -0.99759 0.00123 0.06939
vn -0.97772 0.00339 0.20991
vn -0.97546 0.00762 0.22003
vn -0.99740 0.00508 0.07188
vn -0.99758 -0.00190 -0.06949
vn -0.99791 -0.00249 -0.06457
vn -0.98568 -0.00741 -0.16845
vn -0.97704 -0.00196 -0.21305
vn -0.85405 0.00237 -0.52018
vn -0.84327 0.01009 -0.53740
vn -0.91937 0.00326 -0.39338
vn -0.92520 -0.00013 -0.37948
vn -0.86143 0.00057 -0.50788
vn -0.92974 -0.00340 -0.36821
vn -0.94276 -0.00600 -0.33342
vn -0.86927 -0.00084 -0.49433
vn -0.74518 0.00074 -0.66687
vn -0.75431 -0.00112 -0.65652
vn -0.58974 0 -0.80759
vn -0.58975 0.00212 -0.80759
vn -0.74485 0.00505 -0.66722
vn -0.58974 0.00694 -0.80756
vn -0.58969 0.01608 -0.80747
vn -0.73892 0.01265 -0.67367
vn -0.99480 0.02124 0.09956
vn -0.99640 0.01899 0.08257
vn -0.97795 0.02166 0.20769
vn -0.97311 0.02629 0.22882
vn -0.99594 -0.00400 0.08993
vn -0.97293 0.02361 0.22989
vn -0.97782 0.01947 0.20856
vn -0.99837 -0.00187 0.05710
vn -0.999888 -0.01331 0.00679
vn -0.99837 -0.00024 -0.05712
vn -0.98360 -0.00388 -0.18032
vn -0.99761 0.00390 -0.06899
vn 0.99480 0.02124 0.09956
vn 0.97332 0.02944 0.22757
vn 0.97371 0.01817 0.22705
vn 0.99823 0.01486 0.05761
vn 0.99984 0.01593 -0.00813
vn 0.99861 -0.00342 -0.05257
vn 0.98360 -0.00388 -0.18032
vn 0.99837 -0.00024 -0.05712
vn 0.99453 0.00394 0.10436
vn 0.99566 -0.03230 0.08729
vn 0.98360 -0.00591 0.18025
vn 0.97784 0.02138 0.20825
vn 0.99791 0.00113 0.06468
vn 0.99791 0.00467 0.06440
vn 0.97581 0.00947 0.21841
vn 0.97605 0.00225 0.21755
vn 0.99779 -0.00006 0.06644
vn 0.97683 -0.00007 0.21402
vn 0.97675 -0.00638 0.21428
vn 0.999013 -0.00538 0.04410
vn 0.99759 -0.00199 -0.06936
vn 0.99722 -0.00346 -0.07450
vn 0.97215 -0.00094 -0.23436
vn 0.97483 -0.00008 -0.22294
vn 0.99758 -0.00190 -0.06949
vn 0.97745 -0.00348 -0.21115
vn 0.97925 -0.00365 -0.20262
vn 0.99818 0.00003 -0.06031
vn 0.999713 -0.00952 -0.02197
vn 0.999355 -0.00157 0.03588
vn 0.98447 -0.00497 0.17548
vn 0.99879 0.00769 0.04856
vn 0.98915 0.01553 -0.14611
vn 0.99378 0.02515 -0.10846
vn 0.96092 0.03015 -0.27516
vn 0.95703 0.02722 -0.28870
vn 0.99060 -0.00339 -0.13672
vn 0.95864 0.00581 -0.28455
vn 0.96473 0.00482 -0.26320
vn 0.99671 -0.00876 -0.08055
vn 0.85379 0.00394 -0.52061
vn 0.92888 -0.00013 -0.37037
vn 0.91937 0.00326 -0.39338
vn 0.84361 0.00823 -0.53689
vn 0.74485 0.00505 -0.66721
vn 0.73892 0.01265 -0.67367
vn 0.58968 0.01607 -0.80748
vn 0.58975 0.00694 -0.80756
vn 0.74939 0.00074 -0.66213
vn 0.58975 0.00212 -0.80758
vn 0.58974 0 -0.80759
vn 0.75431 0 -0.65652
vn 0.85473 -0.00171 -0.51907
vn 0.86927 -0.00084 -0.49433
vn 0.94278 -0.00221 -0.33340
vn 0.92974 -0.00340 -0.36820
vn 0.12769 0.00852 -0.99178
vn 0.37307 0.00797 -0.92777
vn 0.37303 0.01847 -0.92764
vn 0.12766 0.01975 -0.99162
vn -0.12769 0.00852 -0.99178
vn -0.12767 0.01975 -0.99162
vn -0.37302 0.01847 -0.92764
vn -0.37307 0.00797 -0.92777
vn -0.12769 0.00260 -0.99181
vn -0.37308 0.00244 -0.92780
vn -0.37307 0 -0.92780
vn -0.12769 0 -0.99181
vn 0.12769 0.00260 -0.99181
vn 0.12769 0 -0.99181
vn 0.37307 0 -0.92780
vn 0.37308 0.00244 -0.92780
vn -0.85109 -0.04505 -0.52309
vn -0.93016 -0.01801 -0.36671
vn -0.90861 -0.02053 -0.41714
vn -0.83894 -0.03606 -0.54303
vn -0.77152 -0.05430 -0.63388
vn -0.74396 -0.05272 -0.66614
vn -0.60329 -0.06996 -0.79444
vn -0.61689 -0.07624 -0.78335
vn -0.77117 -0.05680 -0.63409
vn -0.62780 -0.07089 -0.77514
vn -0.62876 -0.05601 -0.77558
vn -0.77939 -0.05733 -0.62391
vn -0.86544 -0.03769 -0.49959
vn -0.87730 -0.04632 -0.47770
vn -0.95346 -0.00884 -0.30139
vn -0.93023 -0.01687 -0.36660
vn -0.99708 0.00330 -0.07625
vn -0.99549 -0.00029 -0.09483
vn -0.96251 -0.00734 -0.27113
vn -0.96815 -0.01160 -0.25010
vn -0.99706 0.01014 -0.07599
vn -0.97449 0.00137 -0.22442
vn -0.98593 0.00183 -0.16716
vn -0.99832 0.02291 -0.05331
vn -0.99696 0.00671 0.07768
vn -0.99744 0.02361 0.06743
vn -0.98432 0.00359 0.17635
vn -0.97824 -0.00569 0.20742
vn -0.99618 0.00321 0.08728
vn -0.97210 -0.00373 0.23453
vn -0.96629 -0.00974 0.25727
vn -0.99544 0.00030 0.09540
vn -0.84468 -0.03278 0.53427
vn -0.83701 -0.02982 0.54637
vn -0.90438 -0.01615 0.42641
vn -0.92051 -0.01769 0.39032
vn -0.85385 -0.03951 0.51901
vn -0.92051 -0.01665 0.39036
vn -0.93147 -0.00894 0.36370
vn -0.86496 -0.03220 0.50080
vn -0.73736 -0.04914 0.67371
vn -0.73543 -0.04950 0.67579
vn -0.52797 -0.03555 0.84852
vn -0.58414 -0.05092 0.81005
vn -0.73743 -0.04586 0.67387
vn -0.58409 -0.05354 0.80992
vn -0.58968 -0.04569 0.80634
vn -0.73232 -0.03710 0.67995
vn -0.12448 -0.06194 0.99029
vn -0.12766 -0.05620 0.99022
vn -0.37278 -0.05249 0.92643
vn -0.37292 -0.06027 0.92590
vn -0.12453 -0.04876 0.99102
vn -0.36596 -0.05535 0.92898
vn -0.34477 -0.03382 0.93808
vn -0.09806 -0.01811 0.99502
vn 0.12452 -0.05113 0.99090
vn 0.11534 -0.01313 0.99324
vn 0.30228 -0.03325 0.95264
vn 0.36596 -0.05535 0.92898
vn 0.12764 -0.06117 0.98993
vn 0.36589 -0.06042 0.92869
vn 0.37302 -0.05249 0.92634
vn 0.12757 -0.05617 0.99024
vn 0.73741 -0.04665 0.67383
vn 0.73560 -0.03691 0.67641
vn 0.58940 -0.04561 0.80655
vn 0.58955 -0.05331 0.80597
vn 0.73734 -0.04991 0.67367
vn 0.58414 -0.05092 0.81006
vn 0.56678 -0.03574 0.82310
vn 0.72622 -0.04577 0.68594
vn 0.84457 -0.04052 0.53391
vn 0.85385 -0.04050 0.51895
vn 0.94474 -0.01952 0.32724
vn 0.93154 -0.01502 0.36334
vn 0.84463 -0.03666 0.53410
vn 0.92051 -0.01769 0.39032
vn 0.91144 -0.01557 0.41114
vn 0.83096 -0.02719 0.55566
vn 0.99699 0.00078 0.07756
vn 0.99544 0.00030 0.09540
vn 0.96130 -0.00538 0.27544
vn 0.97209 -0.00976 0.23442
vn 0.99692 0.01016 0.07775
vn 0.97209 0.00136 0.23462
vn 0.98432 0.00359 0.17635
vn 0.99826 0.01930 0.05577
vn 0.99706 0.01014 -0.07599
vn 0.99832 0.02291 -0.05331
vn 0.98595 0.01321 -0.16652
vn 0.97432 -0.00778 -0.22503
vn 0.99627 0.00330 -0.08619
vn 0.97441 -0.00351 -0.22475
vn 0.96241 -0.01335 -0.27128
vn 0.99549 -0.00029 -0.09483
vn 0.86564 -0.03572 -0.49939
vn 0.83852 -0.04299 -0.54317
vn 0.90861 -0.02053 -0.41714
vn 0.91885 -0.01952 -0.39412
vn 0.86458 -0.04573 -0.50041
vn 0.93023 -0.01687 -0.36660
vn 0.95346 -0.00884 -0.30139
vn 0.88915 -0.04460 -0.45544
vn 0.77062 -0.06060 -0.63440
vn 0.77956 -0.05741 -0.62369
vn 0.60524 -0.05649 -0.79403
vn 0.62780 -0.07089 -0.77514
vn 0.75793 -0.05564 -0.64996
vn 0.62758 -0.07231 -0.77519
vn 0.60293 -0.07457 -0.79430
vn 0.74396 -0.05272 -0.66614
vn 0.13896 -0.09604 -0.98563
vn 0.13197 -0.09711 -0.98649
vn 0.38420 -0.08629 -0.91921
vn 0.39635 -0.08798 -0.91388
vn 0.13962 -0.08120 -0.98687
vn 0.40361 -0.08021 -0.91141
vn 0.39732 -0.05850 -0.91581
vn 0.12064 -0.04734 -0.99157
vn -0.13957 -0.08240 -0.98678
vn -0.13653 -0.04290 -0.98971
vn -0.36260 -0.05851 -0.93011
vn -0.40361 -0.08021 -0.91141
vn -0.13686 -0.09652 -0.98588
vn -0.40271 -0.08774 -0.91111
vn -0.38420 -0.08629 -0.91921
vn -0.13199 -0.09600 -0.98659
vn -0.02936 0.02866 0.999158
vn 0.02866 0.02936 0.999158
vn 0.02936 -0.02866 0.999158
vn -0.02866 -0.02936 0.999158
vn -0.16619 0.97156 0.16869
vn 0.16539 0.97231 0.16509
vn 0.18779 0.97533 -0.11603
vn -0.18779 0.97533 -0.11603
vn -0.17182 0.88252 -0.43776
vn 0.17182 0.88252 -0.43776
vn 0.14600 0.74990 -0.64524
vn -0.14600 0.74990 -0.64524
vn -0.19112 0.98157 0
vn 0.19112 0.98157 0
vn 0.19112 0.98157 0
vn -0.19112 0.98157 0
vn -0.18779 -0.97533 -0.11603
vn 0.18779 -0.97533 -0.11603
vn 0.16619 -0.97156 0.16869
vn -0.16539 -0.97231 0.16509
vn -0.14600 -0.74990 -0.64524
vn 0.14600 -0.74990 -0.64524
vn 0.17183 -0.88252 -0.43776
vn -0.17183 -0.88252 -0.43776
vn -0.19112 -0.98157 0
vn 0.19112 -0.98157 0
vn 0.19112 -0.98157 0
vn -0.19112 -0.98157 0
vn 0.81076 -0.53787 0.23099
vn 0.53550 -0.81259 0.23008
vn 0.55526 -0.82438 -0.10996
vn 0.82411 -0.55561 -0.11017
vn -0.82437 -0.55528 -0.10988
vn -0.55558 -0.82412 -0.11027
vn -0.53760 -0.81118 0.23017
vn -0.81217 -0.53579 0.23091
vn 0.74553 -0.50254 -0.43776
vn 0.50254 -0.74553 -0.43776
vn 0.42703 -0.63349 -0.64524
vn 0.63349 -0.42703 -0.64524
vn -0.63349 -0.42703 -0.64524
vn -0.42703 -0.63349 -0.64524
vn -0.50254 -0.74553 -0.43776
vn -0.74553 -0.50254 -0.43776
vn 0.82921 -0.55893 0
vn 0.55894 -0.82921 0
vn 0.55894 -0.82921 0
vn 0.82921 -0.55894 0
vn -0.82921 -0.55894 0
vn -0.55894 -0.82921 0
vn -0.55894 -0.82921 0
vn -0.82921 -0.55893 0
vn 0.97113 0.16636 0.17098
vn 0.97188 -0.16559 0.16742
vn 0.97535 -0.18783 -0.11578
vn 0.97535 0.18783 -0.11578
vn -0.97535 0.18783 -0.11578
vn -0.97535 -0.18783 -0.11578
vn -0.97113 -0.16636 0.17098
vn -0.97188 0.16559 0.16742
vn 0.88252 0.17183 -0.43776
vn 0.88252 -0.17183 -0.43776
vn 0.74990 -0.14600 -0.64524
vn 0.74990 0.14600 -0.64524
vn -0.74990 0.14600 -0.64524
vn -0.74990 -0.14600 -0.64524
vn -0.88252 -0.17183 -0.43776
vn -0.88252 0.17183 -0.43776
vn 0.98157 0.19112 0
vn 0.98157 -0.19112 0
vn 0.98157 -0.19112 0
vn 0.98157 0.19112 0
vn -0.98157 0.19112 0
vn -0.98157 -0.19112 0
vn -0.98157 -0.19112 0
vn -0.98157 0.19112 0
vn 0.53760 0.81118 0.23017
vn 0.81216 0.53579 0.23091
vn 0.82437 0.55528 -0.10988
vn 0.55557 0.82412 -0.11027
vn -0.55525 0.82438 -0.10996
vn -0.82411 0.55562 -0.11018
vn -0.81076 0.53788 0.23099
vn -0.53550 0.81259 0.23008
vn 0.50254 0.74553 -0.43777
vn 0.74553 0.50254 -0.43777
vn 0.63349 0.42703 -0.64524
vn 0.42702 0.63350 -0.64524
vn -0.42702 0.63350 -0.64524
vn -0.63349 0.42703 -0.64524
vn -0.74553 0.50254 -0.43777
vn -0.50254 0.74553 -0.43777
vn 0.55893 0.82921 0
vn 0.82921 0.55894 0
vn 0.82921 0.55894 0
vn 0.55893 0.82921 0
vn -0.55893 0.82921 0
vn -0.82921 0.55894 0
vn -0.82921 0.55894 0
vn -0.55893 0.82921 0
vn -0.00226 0.999768 -0.02142
vn 0.00268 0.999789 -0.02036
vn 0.00025 0.999998 -0.00183
vn -0.00013 0.999998 -0.00201
vn 1 0 0
vn 1 0 0
vn 1 0 0
vn 1 0 0
vn 1 0 0
vn -1 0 0
vn -1 0 0
vn -1 0 0
vn -1 0 0
vn -1 0 0
vn 0.00108 -0.29231 -0.95632
vn -0.00054 -0.29515 -0.95545
vn -0.00818 -0.52712 -0.84975
vn 0.00924 -0.53366 -0.84565
vn 1 0 0
vn 1 0 0
vn 1 0 0
vn 1 0 0
vn -1 0 0
vn -1 0 0
vn -1 0 0
vn -1 0 0
vn 1 0 0
vn 1 0 0
vn 1 0 0
vn 1 0 0
vn -1 0 0
vn -1 0 0
vn -1 0 0
vn -1 0 0
vn -0.03167 -0.98146 0.18903
vn -0.01275 -0.91164 0.41080
vn -0.06109 -0.92247 0.38120
vn -0.05899 -0.96442 0.25771
vn 0.06996 -0.95906 0.27441
vn 0.03905 -0.92160 0.38618
vn 0.01014 -0.91262 0.40869
vn 0.02769 -0.98271 0.18306
vn -0.99467 -0.05053 -0.08992
vn -0.99245 -0.03077 -0.11873
vn -0.99387 -0.06296 -0.09088
vn 0.99393 -0.05970 -0.09236
vn 0.99168 -0.02935 -0.12530
vn 0.99470 -0.05205 -0.08872
vn 0.00452 0.99209 -0.12549
vn 0.03624 0.97732 -0.20864
vn 0.06275 0.96144 -0.26775
vn -0.07102 0.95999 -0.27088
vn -0.05847 0.96822 -0.24318
vn -0.01543 0.99132 -0.13056
vn -0.00559 0.99078 -0.13538
vn 0.01127 0.99631 -0.08513
vn -0.00879 0.99666 -0.08114
vn 0.06593 0.87232 -0.48447
vn 0.05816 0.86201 -0.50354
vn 0.01296 0.79715 -0.60364
vn 0.00313 0.79231 -0.61011
vn -0.03420 0.84305 -0.53675
vn -0.06037 0.87284 -0.48426
vn 0.01014 0.76059 -0.64915
vn 0.00340 0.79618 -0.60505
vn -0.01899 0.75769 -0.65234
vn 0.01551 0.75700 -0.65323
vn 0.00507 0.79503 -0.60654
vn -0.01665 0.76718 -0.64121
vn -0.97365 0.00293 -0.22802
vn -0.93784 0.04815 -0.34372
vn -0.99054 -0.01528 -0.13636
vn 0.99050 -0.01716 -0.13643
vn 0.93585 0.05332 -0.34833
vn 0.94884 0.04707 -0.31224
vn -0.99149 -0.10865 -0.07175
vn -0.98483 -0.10525 -0.13799
vn -0.96726 -0.25295 0.02057
vn -0.98124 -0.19203 0.01721
vn 0.98126 -0.19190 0.01758
vn 0.96715 -0.25332 0.02118
vn 0.98560 -0.12908 -0.10927
vn 0.99154 -0.11104 -0.06725
vn -0.08459 -0.78117 0.61856
vn -0.00672 -0.81554 0.57866
vn -0.00113 -0.72980 0.68366
vn -0.00765 -0.72385 0.68992
vn 0.00758 -0.72707 0.68652
vn 0.00110 -0.73058 0.68282
vn 0.00946 -0.81482 0.57964
vn 0.08855 -0.77322 0.62792
vn 1 0 0
vn 1 0 0
vn 1 0 0
vn 1 0 0
vn -1 0 0
vn -1 0 0
vn -1 0 0
vn -1 0 0
vn 0.00717 0.67483 -0.73794
vn -0.01055 0.67474 -0.73798
vn -0.00113 0.62235 -0.78273
vn 0.00043 0.62313 -0.78212
vn -0.00136 0.62290 -0.78230
vn 0.00061 0.62302 -0.78220
vn 0.00846 0.67474 -0.73801
vn -0.00798 0.67438 -0.73834
vn 0 -0.92661 0.37602
vn 0 -0.92661 0.37602
vn 0 -0.92661 0.37602
vn 0 -0.92661 0.37602
vn 0 -0.92661 0.37601
vn 0 -0.92661 0.37602
vn 0 -0.92661 0.37602
vn 0 -0.92661 0.37602
vn 0.41190 0.65646 0.63198
vn 0.35281 0.44422 0.82353
vn 0.68008 0.39928 0.61487
vn -0.65486 0.41212 0.63349
vn -0.44265 0.35381 0.82394
vn -0.39899 0.68176 0.61320
vn -0.03739 0.74339 0.66782
vn 0.02635 0.77549 0.63081
vn 0.08980 0.87307 0.47925
vn -0.10013 0.87205 0.47906
vn 0.39899 -0.68176 0.61320
vn 0.65486 -0.41212 0.63349
vn 0.44266 -0.35381 0.82394
vn -0.35281 -0.44421 0.82353
vn -0.68008 -0.39928 0.61487
vn -0.41190 -0.65646 0.63198
vn -0.08980 -0.87307 0.47925
vn 0.10013 -0.87205 0.47906
vn 0.03739 -0.74339 0.66782
vn -0.02635 -0.77549 0.63081
vn 0.87023 -0.08994 0.48437
vn 0.86924 0.10019 0.48414
vn 0.73898 0.03737 0.67269
vn 0.77096 -0.02638 0.63634
vn -0.73898 -0.03737 0.67269
vn -0.77096 0.02638 0.63634
vn -0.87023 0.08994 0.48437
vn -0.86924 -0.10019 0.48414
vn 0.55753 -0.82608 0.08215
vn 0.62067 -0.78142 -0.06440
vn 0.83148 -0.50928 -0.22197
vn 0.82263 -0.52250 0.22422
vn -0.83262 -0.50723 0.22240
vn -0.82142 -0.52459 -0.22379
vn -0.55871 -0.82525 -0.08257
vn -0.61928 -0.78182 0.07244
vn -0.02492 -0.10057 0.99462
vn 0.02563 -0.10099 0.99456
vn 0.02811 -0.16610 0.98571
vn -0.02934 -0.16539 0.98579
vn -0.02811 0.16610 0.98571
vn 0.02934 0.16539 0.98579
vn 0.02492 0.10057 0.99462
vn -0.02563 0.10099 0.99456
vn 0.09230 -0.09412 0.99127
vn 0.16732 -0.10800 0.97997
vn 0.11425 -0.17061 0.97869
vn -0.10800 -0.16732 0.97997
vn -0.17061 -0.11425 0.97869
vn -0.09412 -0.09230 0.99127
vn 0.10057 -0.02492 0.99462
vn 0.10099 0.02564 0.99456
vn 0.16610 0.02811 0.98571
vn 0.16539 -0.02934 0.98579
vn -0.16610 -0.02811 0.98571
vn -0.16539 0.02934 0.98579
vn -0.10057 0.02492 0.99462
vn -0.10099 -0.02564 0.99456
vn 0.09411 0.09230 0.99127
vn 0.10800 0.16732 0.97997
vn 0.17061 0.11425 0.97869
vn -0.16731 0.10800 0.97997
vn -0.11425 0.17061 0.97869
vn -0.09230 0.09412 0.99127
vn 0.94797 -0.15779 0.27651
vn 0.92733 -0.25791 0.27119
vn 0.92338 -0.27402 -0.26885
vn 0.94327 -0.18522 -0.27556
vn -0.94782 -0.15760 0.27714
vn -0.94333 -0.18575 -0.27500
vn -0.92264 -0.27596 -0.26940
vn -0.92800 -0.25606 0.27065
vn 0.07631 -0.89183 0.44589
vn 0.30840 -0.65664 0.68827
vn -0.30674 -0.66772 0.67828
vn -0.09587 -0.91954 0.38113
vn 0.09696 -0.91674 -0.38753
vn -0.07730 -0.88773 -0.45383
vn -0.30659 -0.66168 -0.68424
vn 0.30490 -0.67272 -0.67415
vn 0.40844 -0.22560 -0.88447
vn 0.39099 -0.36060 -0.84682
vn -0.39147 -0.36142 -0.84624
vn -0.40790 -0.22582 -0.88466
vn 0.41524 -0.14018 0.89885
vn -0.41543 -0.13949 0.89887
vn -0.39862 -0.30576 0.86464
vn 0.39925 -0.30666 0.86404
vn -0.01870 -0.84588 -0.53304
vn 0.02568 -0.97254 -0.23132
vn 0.02630 -0.84678 -0.53129
vn 0.00237 -0.89416 -0.44774
vn -0.04251 -0.98285 -0.17944
vn 0.07780 -0.98045 -0.18074
vn -0.00002 -0.89001 -0.45594
vn -0.07728 -0.98085 -0.17878
vn 0.03510 -0.98346 -0.17769
vn -0.98624 0.00448 0.16527
vn -0.98225 0.01339 -0.18708
vn -0.98133 0.00168 -0.19232
vn -0.98142 0.00537 0.19182
vn -0.97980 0.00579 0.19989
vn -0.97993 -0.00416 -0.19929
vn -0.98065 -0.00638 -0.19566
vn -0.98087 0.00082 0.19466
vn -0.66765 0.02021 0.74420
vn -0.88033 0.00799 0.47430
vn -0.86743 0.02044 0.49713
vn -0.66363 0.03539 0.74723
vn -0.66260 0.02466 0.74857
vn -0.86385 0.01599 0.50349
vn -0.86693 -0.00515 0.49841
vn -0.66346 -0.01134 0.74813
vn 0.25232 0.02754 0.96725
vn -0.25232 0.02754 0.96725
vn -0.25215 0.04647 0.96657
vn 0.25215 0.04647 0.96657
vn 0.25228 0.03198 0.96713
vn -0.25228 0.03198 0.96712
vn -0.25243 -0.01517 0.96750
vn 0.25243 -0.01517 0.96750
vn 0.88032 0.00830 0.47431
vn 0.66764 0.02021 0.74421
vn 0.66289 0.03541 0.74788
vn 0.86723 0.02009 0.49750
vn 0.86368 0.01573 0.50379
vn 0.66244 0.02466 0.74871
vn 0.66345 -0.01135 0.74813
vn 0.86693 -0.00524 0.49841
vn 0.98186 0.01314 -0.18913
vn 0.98850 0.00067 0.15119
vn 0.98158 0.00492 0.19100
vn 0.98102 0.00153 -0.19392
vn 0.97984 -0.00390 -0.19977
vn 0.97992 0.00533 0.19931
vn 0.98116 -0.00027 0.19321
vn 0.98111 -0.00578 -0.19336
vn 0.66449 0.03947 -0.74626
vn 0.87221 0.02050 -0.48869
vn 0.86628 0.04613 -0.49742
vn 0.66205 0.06509 -0.74663
vn 0.66356 0.04840 -0.74656
vn 0.87042 0.03115 -0.49132
vn 0.86719 0.01035 -0.49788
vn 0.66351 0.01978 -0.74791
vn 0.66314 -0.01361 -0.74837
vn 0.86415 -0.00885 -0.50316
vn 0.86811 -0.02432 -0.49578
vn 0.66797 -0.04637 -0.74274
vn -0.25210 0.05197 -0.96631
vn 0.25210 0.05197 -0.96631
vn 0.25156 0.08364 -0.96422
vn -0.25156 0.08364 -0.96422
vn -0.25193 0.06273 -0.96571
vn 0.25193 0.06273 -0.96571
vn 0.25233 0.02605 -0.96729
vn -0.25233 0.02605 -0.96729
vn -0.25274 -0.01853 -0.96736
vn 0.25251 -0.01848 -0.96742
vn 0.25496 -0.06623 -0.96468
vn -0.25624 -0.06628 -0.96434
vn -0.87129 0.02033 -0.49035
vn -0.66336 0.03950 -0.74726
vn -0.66237 0.06489 -0.74637
vn -0.86666 0.04540 -0.49683
vn -0.87051 0.03164 -0.49112
vn -0.66367 0.04845 -0.74645
vn -0.66318 0.01979 -0.74820
vn -0.86687 0.01035 -0.49843
vn -0.86390 -0.00942 -0.50357
vn -0.66297 -0.01390 -0.74852
vn -0.66841 -0.04669 -0.74232
vn -0.86821 -0.02490 -0.49557
vn -0.13472 -0.99008 -0.03982
vn -0.12713 -0.99100 0.04183
vn -0.05940 -0.99282 0.10382
vn 0.06352 -0.99394 0.08972
vn 0.13656 -0.99006 0.03366
vn 0.13303 -0.98992 -0.04862
vn 0.04692 -0.99275 -0.11068
vn -0.07084 -0.99213 -0.10324
vn -0.93786 0.01813 -0.34655
vn -0.70232 0.01999 -0.71158
vn -0.79050 0.31512 -0.52518
vn -0.99294 0.06944 -0.09618
vn -0.95643 0.26210 -0.12862
vn -0.95091 0.24446 0.18974
vn -0.99184 0.06782 0.10799
vn -0.91151 0.02600 0.41046
vn -0.76670 0.30869 0.56292
vn -0.60653 0.05016 0.79348
vn -0.18209 0.12426 0.97540
vn -0.22305 0.41936 0.87999
vn 0.29040 0.38018 0.87814
vn 0.18039 0.11763 0.97654
vn 0.62215 0.04028 0.78186
vn 0.72829 0.32078 0.60556
vn 0.91646 0.02919 0.39907
vn 0.99158 0.07047 0.10864
vn 0.94417 0.29083 0.15479
vn 0.95920 0.21256 -0.18644
vn 0.99370 0.06540 -0.09103
vn 0.93422 0.00729 -0.35662
vn 0.83572 0.30478 -0.45682
vn 0.68954 0.02994 -0.72363
vn 0.23646 0.11724 -0.96454
vn 0.25394 0.54507 -0.79901
vn -0.28147 0.52509 -0.80315
vn -0.22902 0.11572 -0.96652
vn -0.97670 -0.18025 0.11651
vn -0.55215 -0.83145 0.06186
vn -0.58951 -0.80475 -0.06971
vn -0.98776 -0.10102 -0.11889
vn -0.55923 -0.57094 0.60107
vn -0.28278 -0.91446 0.28947
vn -0.42974 -0.87491 0.22329
vn -0.83427 -0.38729 0.39242
vn -0.89753 0.05882 0.43700
vn -0.88882 0.04144 0.45638
vn -0.66760 0.06055 0.74205
vn -0.66729 0.12490 0.73425
vn 0.18466 -0.66446 0.72415
vn 0.07694 -0.93481 0.34672
vn -0.07881 -0.93544 0.34460
vn -0.18438 -0.66781 0.72113
vn -0.24875 0.16518 0.95438
vn -0.25159 0.07825 0.96466
vn 0.25162 0.07825 0.96466
vn 0.24882 0.16518 0.95436
vn 0.83595 -0.38287 0.39319
vn 0.42394 -0.87926 0.21721
vn 0.27689 -0.91604 0.29019
vn 0.55920 -0.57449 0.59771
vn 0.66520 0.12524 0.73609
vn 0.66891 0.06065 0.74086
vn 0.88935 0.04097 0.45538
vn 0.89417 0.06054 0.44362
vn 0.98851 -0.09346 -0.11883
vn 0.59370 -0.80180 -0.06815
vn 0.55443 -0.82970 0.06480
vn 0.97523 -0.18759 0.11719
vn 0.67087 -0.13562 -0.72906
vn 0.36311 -0.84986 -0.38196
vn 0.50941 -0.82026 -0.26014
vn 0.89725 -0.11762 -0.42557
vn -0.24046 -0.14458 -0.95983
vn -0.10624 -0.86707 -0.48673
vn 0.10911 -0.86718 -0.48589
vn 0.24058 -0.15312 -0.95847
vn -0.90115 -0.09955 -0.42193
vn -0.50512 -0.82326 -0.25904
vn -0.35729 -0.85118 -0.38448
vn -0.67123 -0.14402 -0.72712
vn -0.89255 0.01003 0.45084
vn -0.89047 0.00256 0.45504
vn -0.67066 0.00690 0.74173
vn -0.67041 0.01496 0.74184
vn -0.25236 0.01925 0.96744
vn -0.25240 0.00908 0.96758
vn 0.25240 0.00908 0.96758
vn 0.25236 0.01925 0.96744
vn 0.67040 0.01496 0.74185
vn 0.67079 0.00699 0.74161
vn 0.89044 0.00296 0.45509
vn 0.89285 0.01026 0.45023
vn -0.98133 -0.00073 -0.19232
vn -0.97830 0.02520 -0.20565
vn -0.99827 -0.00081 0.05874
vn -0.98801 -0.00137 -0.15437
vn -0.99201 -0.00136 0.12615
vn -0.98969 0.00434 0.14319
vn -0.99162 -0.00345 -0.12916
vn -0.88837 0.00391 -0.45911
vn -0.90402 -0.00243 -0.42748
vn -0.67371 0.00044 -0.73899
vn -0.66933 0.01023 -0.74290
vn -0.98767 0.02209 0.15499
vn -0.98912 0.00933 0.14679
vn -0.99717 -0.00339 -0.07508
vn 0.98794 0.02099 0.15340
vn 0.99720 0.00210 -0.07469
vn 0.98939 -0.00323 0.14526
vn 0.98990 0.00439 0.14169
vn 0.99082 -0.00298 0.13515
vn 0.98857 -0.00162 -0.15076
vn 0.99067 -0.00226 -0.13624
vn 0.99822 -0.00210 0.05965
vn 0.97840 0.02459 -0.20527
vn 0.98140 -0.00038 -0.19198
vn 0.88951 0.00384 -0.45690
vn 0.66933 0.01023 -0.74290
vn 0.67489 0.00072 -0.73792
vn 0.90263 -0.00205 -0.43042
vn 0.25240 0.01379 -0.96752
vn -0.25240 0.01379 -0.96752
vn -0.25242 0.00127 -0.96762
vn 0.25242 0.00127 -0.96762
vn -0.88527 -0.03002 -0.46410
vn -0.68758 -0.06364 -0.72331
vn -0.70561 -0.06059 -0.70601
vn -0.91031 -0.02754 -0.41300
vn -0.98478 -0.00400 -0.17378
vn -0.99140 0.00908 -0.13054
vn -0.99116 0.00707 0.13248
vn -0.98559 -0.00250 0.16915
vn -0.87925 -0.02418 0.47575
vn -0.89532 -0.02440 0.44476
vn -0.65103 -0.04662 0.75762
vn -0.66415 -0.04578 0.74620
vn -0.25152 -0.05820 0.96610
vn -0.23523 -0.03933 0.97114
vn 0.22851 -0.03847 0.97278
vn 0.25050 -0.05802 0.96638
vn 0.66624 -0.04584 0.74433
vn 0.65721 -0.04584 0.75231
vn 0.89842 -0.02904 0.43818
vn 0.87994 -0.02436 0.47445
vn 0.98520 -0.00353 0.17136
vn 0.99060 0.00863 0.13650
vn 0.99140 0.00964 -0.13054
vn 0.98547 -0.00347 -0.16984
vn 0.88503 -0.02976 -0.46457
vn 0.91275 -0.02912 -0.40748
vn 0.70020 -0.06174 -0.71128
vn 0.68616 -0.06410 -0.72462
vn 0.26520 -0.09267 -0.95973
vn 0.26799 -0.06749 -0.96106
vn -0.26278 -0.06656 -0.96256
vn -0.26637 -0.09248 -0.95942
vn -0.03008 0.00036 0.999547
vn -0.06274 0.02725 0.99766
vn -0.02801 0.06343 0.99759
vn 0.00036 0.03008 0.999547
vn 0.02725 0.06274 0.99766
vn 0.06343 0.02801 0.99759
vn 0.03008 -0.00036 0.999547
vn 0.06274 -0.02725 0.99766
vn 0.02801 -0.06343 0.99759
vn -0.00036 -0.03008 0.999547
vn -0.02725 -0.06274 0.99766
vn -0.06343 -0.02801 0.99759
vn -0.18681 0.98214 0.02265
vn -0.35008 0.91456 0.20256
vn -0.13995 0.93441 0.32757
vn 0.00314 0.98858 0.15066
vn 0.13237 0.93498 0.32907
vn 0.34788 0.91611 0.19933
vn 0.18248 0.98286 0.02610
vn 0.37863 0.91870 -0.11234
vn 0.18375 0.94372 -0.27500
vn 0 0.99295 -0.11853
vn -0.18375 0.94372 -0.27500
vn -0.37864 0.91874 -0.11204
vn -0.15746 0.80876 -0.56666
vn -0.34400 0.83049 -0.43813
vn 0 0.89920 -0.43754
vn 0.34400 0.83049 -0.43813
vn 0.15746 0.80876 -0.56666
vn 0.29224 0.70553 -0.64563
vn 0.14168 0.72774 -0.67106
vn 0.19112 0.98157 0
vn 0 0.76418 -0.64500
vn -0.14168 0.72774 -0.67106
vn -0.19112 0.98157 0
vn -0.29224 0.70553 -0.64563
vn -0.19112 0.98157 0
vn -0.38268 0.92388 0
vn 0 1 0
vn 0.38268 0.92388 0
vn 0.19112 0.98157 0
vn 0.38268 0.92388 0
vn 0.19112 0.98157 0
vn 0.03389 0.17537 0.98392
vn 0 1 0
vn -0.19112 0.98157 0
vn -0.03145 0.17749 0.98362
vn -0.38268 0.92388 0
vn -0.18249 -0.98286 0.02610
vn -0.37863 -0.91870 -0.11234
vn -0.18375 -0.94372 -0.27500
vn 0 -0.99295 -0.11853
vn 0.18375 -0.94372 -0.27500
vn 0.37865 -0.91874 -0.11204
vn 0.18681 -0.98214 0.02265
vn 0.35008 -0.91456 0.20256
vn 0.13995 -0.93441 0.32757
vn -0.00314 -0.98858 0.15066
vn -0.13237 -0.93498 0.32907
vn -0.34788 -0.91610 0.19933
vn -0.15746 -0.80876 -0.56666
vn -0.29224 -0.70552 -0.64562
vn -0.14168 -0.72774 -0.67106
vn -0.19112 -0.98157 0
vn 0 -0.76418 -0.64500
vn 0.14168 -0.72774 -0.67106
vn 0.19112 -0.98157 0
vn 0.29224 -0.70552 -0.64562
vn 0.15746 -0.80876 -0.56666
vn 0.34400 -0.83049 -0.43812
vn 0 -0.89920 -0.43754
vn -0.34400 -0.83049 -0.43813
vn -0.19112 -0.98157 0
vn -0.38269 -0.92388 0
vn -0.19112 -0.98157 0
vn -0.03389 -0.17537 0.98392
vn 0 -1 0
vn 0.19112 -0.98157 0
vn 0.03145 -0.17749 0.98362
vn 0.38269 -0.92388 0
vn 0.19112 -0.98157 0
vn 0.38269 -0.92388 0
vn 0 -1 0
vn -0.38269 -0.92388 0
vn 0.82781 -0.55870 0.05095
vn 0.91561 -0.34817 0.20109
vn 0.75520 -0.48297 0.44318
vn 0.68542 -0.68684 0.24179
vn 0.47436 -0.76226 0.44039
vn 0.55616 -0.82952 0.05078
vn 0.53739 -0.79724 -0.27500
vn 0.70256 -0.70316 -0.10946
vn 0.79724 -0.53739 -0.27500
vn 0.91871 -0.37868 -0.11216
vn -0.82944 -0.55626 0.05114
vn -0.91874 -0.37869 -0.11187
vn -0.79724 -0.53739 -0.27500
vn -0.70314 -0.70257 -0.10946
vn -0.53739 -0.79724 -0.27500
vn -0.55860 -0.82790 0.05059
vn -0.48274 -0.75612 0.44187
vn -0.68654 -0.68571 0.24179
vn -0.76124 -0.47470 0.44179
vn -0.91406 -0.35038 0.20428
vn 0.68322 -0.46054 -0.56666
vn 0.83049 -0.34400 -0.43812
vn 0.63583 -0.63583 -0.43754
vn 0.46054 -0.68322 -0.56666
vn 0.41441 -0.61477 -0.67106
vn 0.55894 -0.82921 0
vn 0.54036 -0.54036 -0.64500
vn 0.61477 -0.41441 -0.67106
vn 0.82921 -0.55893 0
vn 0.70553 -0.29224 -0.64562
vn -0.68322 -0.46054 -0.56666
vn -0.70553 -0.29224 -0.64562
vn -0.61477 -0.41441 -0.67106
vn -0.82921 -0.55893 0
vn -0.54036 -0.54036 -0.64500
vn -0.41441 -0.61477 -0.67106
vn -0.55894 -0.82921 0
vn -0.46054 -0.68322 -0.56666
vn -0.63583 -0.63583 -0.43754
vn -0.83049 -0.34400 -0.43812
vn 0.82921 -0.55894 0
vn 0.92388 -0.38268 0
vn 0.70711 -0.70711 0
vn 0.55894 -0.82921 0
vn 0.55894 -0.82921 0
vn 0.12769 -0.18750 0.97393
vn 0.70711 -0.70711 0
vn 0.82921 -0.55894 0
vn 0.18095 -0.11939 0.97622
vn 0.92388 -0.38269 0
vn -0.82921 -0.55894 0
vn -0.92388 -0.38269 0
vn -0.82921 -0.55894 0
vn -0.18750 -0.12769 0.97393
vn -0.70711 -0.70711 0
vn -0.55894 -0.82921 0
vn -0.11939 -0.18095 0.97622
vn -0.55894 -0.82921 0
vn -0.70711 -0.70711 0
vn -0.92388 -0.38268 0
vn 0.98210 0.18686 0.02370
vn 0.91406 0.35039 0.20428
vn 0.93300 0.14011 0.33149
vn 0.98819 -0.00312 0.15320
vn 0.93356 -0.13258 0.33301
vn 0.98281 -0.18260 0.02711
vn 0.94372 -0.18375 -0.27500
vn 0.99299 0 -0.11824
vn 0.94372 0.18375 -0.27500
vn 0.91873 0.37870 -0.11187
vn -0.98281 0.18260 0.02711
vn -0.91870 0.37868 -0.11216
vn -0.94372 0.18375 -0.27500
vn -0.99299 0 -0.11824
vn -0.94372 -0.18375 -0.27500
vn -0.98210 -0.18686 0.02370
vn -0.93300 -0.14011 0.33149
vn -0.98819 0.00312 0.15320
vn -0.93356 0.13258 0.33301
vn -0.91561 0.34818 0.20109
vn 0.80876 0.15746 -0.56666
vn 0.83049 0.34400 -0.43813
vn 0.89920 0 -0.43754
vn 0.80876 -0.15746 -0.56666
vn 0.72774 -0.14168 -0.67106
vn 0.98157 -0.19112 0
vn 0.76418 0 -0.64500
vn 0.72774 0.14168 -0.67106
vn 0.98157 0.19112 0
vn 0.70552 0.29224 -0.64563
vn -0.80876 0.15746 -0.56666
vn -0.70552 0.29224 -0.64563
vn -0.72774 0.14168 -0.67106
vn -0.98157 0.19112 0
vn -0.76418 0 -0.64500
vn -0.72774 -0.14168 -0.67106
vn -0.98157 -0.19112 0
vn -0.80876 -0.15746 -0.56666
vn -0.89920 0 -0.43754
vn -0.83049 0.34400 -0.43813
vn 0.98157 0.19112 0
vn 0.92388 0.38269 0
vn 1 0 0
vn 0.98157 -0.19112 0
vn 0.98157 -0.19112 0
vn 0.17537 -0.03389 0.98392
vn 1 0 0
vn 0.98157 0.19112 0
vn 0.17749 0.03145 0.98362
vn 0.92388 0.38269 0
vn -0.98157 0.19112 0
vn -0.92388 0.38269 0
vn -0.98157 0.19112 0
vn -0.17537 0.03389 0.98392
vn -1 0 0
vn -0.98157 -0.19112 0
vn -0.17749 -0.03145 0.98362
vn -0.98157 -0.19112 0
vn -1 0 0
vn -0.92388 0.38269 0
vn 0.55859 0.82790 0.05059
vn 0.48274 0.75612 0.44186
vn 0.68654 0.68571 0.24179
vn 0.76124 0.47470 0.44179
vn 0.82943 0.55626 0.05113
vn 0.79724 0.53739 -0.27500
vn 0.70314 0.70258 -0.10946
vn 0.53738 0.79724 -0.27500
vn -0.55616 0.82953 0.05078
vn -0.53738 0.79724 -0.27500
vn -0.70256 0.70316 -0.10946
vn -0.79724 0.53739 -0.27500
vn -0.82781 0.55870 0.05095
vn -0.75520 0.48297 0.44318
vn -0.68541 0.68684 0.24179
vn -0.47436 0.76226 0.44039
vn 0.46054 0.68322 -0.56666
vn 0.63582 0.63583 -0.43755
vn 0.68322 0.46055 -0.56667
vn 0.61477 0.41441 -0.67106
vn 0.82921 0.55894 0
vn 0.54035 0.54036 -0.64500
vn 0.41440 0.61477 -0.67106
vn 0.55893 0.82921 0
vn -0.46054 0.68322 -0.56666
vn -0.41440 0.61477 -0.67106
vn -0.55893 0.82921 0
vn -0.54035 0.54036 -0.64500
vn -0.61477 0.41441 -0.67106
vn -0.82921 0.55894 0
vn -0.68322 0.46055 -0.56667
vn -0.63582 0.63583 -0.43755
vn 0.55893 0.82921 0
vn 0.70710 0.70711 0
vn 0.82921 0.55894 0
vn 0.82921 0.55894 0
vn 0.18750 0.12769 0.97393
vn 0.70710 0.70711 0
vn 0.55893 0.82921 0
vn 0.11939 0.18095 0.97622
vn -0.55893 0.82921 0
vn -0.55893 0.82921 0
vn -0.12768 0.18750 0.97393
vn -0.70710 0.70711 0
vn -0.82921 0.55894 0
vn -0.18095 0.11939 0.97622
vn -0.82921 0.55894 0
vn -0.70710 0.70711 0
vn -0.00048 0.999968 -0.00797
vn -0.00206 0.99974 -0.02271
vn -1 0 0
vn -0.00412 0.999005 -0.04440
vn -0.00069 0.99981 -0.01946
vn 0.00746 0.99884 -0.04749
vn 0.00427 0.999751 -0.02192
vn 1 0 0
vn 0.00060 0.999965 -0.00834
vn 0.00050 0.999998 -0.00192
vn 1 0 0
vn 0 1 0
vn 0 0.77200 0.63562
vn -0.00013 0.999999 -0.00173
vn 0 1 0
vn -0.02461 0.70402 0.70976
vn 0 0.999997 -0.00229
vn -1 0 0
vn 1 0 0
vn 1 0 0
vn 1 0 0
vn -0.00728 -0.54532 -0.83820
vn 1 0 0
vn 1 0 0
vn 0 -0.29943 -0.95412
vn 1 0 0
vn 0.63932 -0.76894 0
vn 1 0 0
vn 1 0 0
vn 0.68770 -0.72599 0
vn 0.21486 -0.97415 0.06975
vn 1 0 0
vn 0.76723 0 0.64137
vn 1 0 0
vn 1 0 0
vn 0.69957 0.02461 0.71414
vn 1 0 0
vn 1 0 0
vn -1 0 0
vn -1 0 0
vn -1 0 0
vn -1 0 0
vn -0.76723 0 0.64137
vn -1 0 0
vn -1 0 0
vn -0.69957 -0.02461 0.71414
vn -1 0 0
vn -0.63900 -0.76903 0.01652
vn -1 0 0
vn -1 0 0
vn -0.68770 -0.72599 0
vn -0.21561 -0.97397 -0.06999
vn -1 0 0
vn 0.00216 -0.29375 -0.95588
vn -1 0 0
vn -1 0 0
vn 0.01447 -0.55813 -0.82963
vn -1 0 0
vn 0.00248 -0.38587 -0.92255
vn 0 -0.26352 -0.96465
vn 0 -0.89011 -0.45575
vn -0.00054 -0.29086 -0.95676
vn 0 -0.26352 -0.96465
vn 0.04793 -0.94263 -0.33039
vn -0.00197 -0.38150 -0.92437
vn -0.01302 -0.69498 -0.71891
vn -0.00253 -0.50875 -0.86091
vn 0.02009 -0.71097 -0.70293
vn 1 0 0
vn 1 0 0
vn -0.02889 -0.87159 -0.48939
vn 1 0 0
vn 1 0 0
vn -0.01162 0.99480 -0.10119
vn 1 0 0
vn 1 0 0
vn 0.06645 0.96196 -0.26497
vn 1 0 0
vn 1 0 0
vn 1 0 0
vn 1 0 0
vn -0.06764 -0.97673 -0.20354
vn -1 0 0
vn -1 0 0
vn 0.04269 -0.97805 -0.20397
vn -1 0 0
vn -1 0 0
vn -1 0 0
vn -1 0 0
vn -0.08059 0.95921 -0.27095
vn -1 0 0
vn -1 0 0
vn -0.01667 0.99443 -0.10403
vn -1 0 0
vn -1 0 0
vn 0.01173 -0.86186 -0.50701
vn 1 0 0
vn 1 0 0
vn -0.04074 -0.98580 0.16289
vn 1 0 0
vn 1 0 0
vn 0.07249 0.87077 -0.48632
vn 1 0 0
vn 1 0 0
vn 0.01700 0.77961 -0.62604
vn 1 0 0
vn 1 0 0
vn 1 0 0
vn 1 0 0
vn -0.00719 -0.91313 0.40759
vn -1 0 0
vn -1 0 0
vn 0.00207 -0.91316 0.40760
vn -1 0 0
vn -1 0 0
vn -1 0 0
vn -1 0 0
vn 0.02381 0.77325 -0.63365
vn -1 0 0
vn -1 0 0
vn -0.06438 0.87124 -0.48661
vn -1 0 0
vn -1 0 0
vn 0.02092 -0.98642 0.16291
vn -0.02237 -0.97639 0.21484
vn -0.04117 -0.999117 0.00843
vn -0.01456 -0.94922 0.31427
vn -0.01073 -0.86634 0.49935
vn -0.02915 -0.91065 0.41214
vn -0.11642 -0.85745 0.50122
vn -0.08210 -0.93255 0.35159
vn -0.99156 -0.01577 -0.12872
vn -0.02633 -0.94286 0.33216
vn -0.09564 -0.94917 0.29987
vn -0.93687 0.05601 -0.34516
vn -0.01040 -0.99794 0.06332
vn 0.02923 -0.97580 0.21670
vn 0.01360 -0.99802 0.06143
vn 0.11551 -0.94124 0.31736
vn 0.93611 0.06009 -0.34654
vn 0.03814 -0.93577 0.35055
vn 0.03557 -0.93150 0.36201
vn 0.99165 -0.01618 -0.12793
vn 0.09278 -0.85837 0.50456
vn 0.03035 -0.91160 0.40995
vn 0.01047 -0.86775 0.49689
vn 0.01198 -0.94962 0.31318
vn 0.03820 -0.999231 0.00886
vn -0.99433 -0.05310 -0.09212
vn -0.99487 -0.05137 -0.08717
vn 0.00321 0.80242 -0.59675
vn -0.99305 -0.02550 -0.11486
vn -0.99432 -0.04727 -0.09538
vn -0.99211 -0.01718 -0.12421
vn -0.98626 -0.03558 -0.16135
vn -0.99315 -0.05314 -0.10408
vn -0.99303 -0.07920 -0.08728
vn -0.99425 -0.06659 -0.08386
vn -0.02635 0.76108 -0.64813
vn 0.99430 -0.05066 -0.09381
vn 0.99421 -0.06027 -0.08896
vn 0.01748 0.76183 -0.64754
vn 0.99285 -0.08182 -0.08690
vn 0.99342 -0.05435 -0.10082
vn 0.98736 -0.06396 -0.14505
vn 0.99093 -0.01614 -0.13342
vn 0.99422 -0.04572 -0.09715
vn 0.97730 0.02555 -0.21033
vn 0.99495 -0.05226 -0.08573
vn 0.00874 0.79826 -0.60226
vn 0.03336 0.98169 -0.18757
vn 0.00479 0.99557 -0.09392
vn 0.02245 0.98624 -0.16379
vn 0.00804 0.98925 -0.14604
vn 0.06818 0.93794 -0.34003
vn 0.05484 0.96162 -0.26885
vn 0.07553 0.92240 -0.37879
vn -0.03892 0.98178 -0.18601
vn -0.07550 0.92167 -0.38055
vn -0.04288 0.96475 -0.25963
vn -0.06828 0.90797 -0.41343
vn -0.05102 0.98036 -0.19049
vn -0.02155 0.98625 -0.16383
vn -0.01552 0.99506 -0.09806
vn -0.00935 0.99318 -0.11622
vn 0.00522 0.99329 -0.11552
vn -0.00044 0.99724 -0.07426
vn 0.03241 0.82901 -0.55829
vn 0.04123 0.86887 -0.49332
vn 0.05366 0.83336 -0.55012
vn 0.01879 0.81870 -0.57391
vn 0.01182 0.77288 -0.63444
vn -0.02967 0.83201 -0.55397
vn -0.00346 0.77307 -0.63431
vn -0.01894 0.81769 -0.57535
vn -0.00938 0.80679 -0.59076
vn -0.05249 0.87355 -0.48389
vn 0.00168 0.75635 -0.65416
vn 0.01156 0.71764 -0.69632
vn 0.00537 0.78475 -0.61979
vn -0.01580 0.78041 -0.62507
vn -0.01584 0.71828 -0.69558
vn 0.00330 0.75397 -0.65690
vn 0.01389 0.71824 -0.69566
vn 0.01315 0.78018 -0.62542
vn -0.00741 0.78748 -0.61630
vn -0.01539 0.72189 -0.69183
vn -0.98915 -0.01832 -0.14577
vn -0.95105 0.02800 -0.30776
vn 0.87502 0.10524 -0.47251
vn -0.94443 0.02376 -0.32786
vn -0.87708 0.08212 -0.47327
vn 0.87121 0.08375 -0.48371
vn -0.98382 0.00120 -0.17916
vn 0.98949 -0.01517 -0.14382
vn 0.98405 0.00525 -0.17781
vn 0.94703 0.01847 -0.32062
vn -0.98929 -0.13908 -0.04422
vn -0.99153 -0.12203 -0.04450
vn -0.01664 0.67998 -0.73304
vn -0.99008 -0.11295 -0.08361
vn -0.97509 -0.07915 -0.20719
vn -0.11519 -0.74780 0.65385
vn -0.98319 -0.16916 -0.06875
vn -0.96455 -0.26390 -0.00135
vn -0.00882 -0.71834 0.69563
vn -0.94325 -0.32066 0.08631
vn 0 -0.92661 0.37601
vn -0.97556 -0.21871 0.02138
vn -0.96984 -0.23513 0.06417
vn 0 -0.92661 0.37602
vn -0.98148 -0.18851 0.03415
vn -0.00227 0.62259 -0.78254
vn 0.98885 -0.14336 -0.04028
vn 0.98676 -0.16219 -0.00061
vn 0 0.62400 -0.78142
vn 0.97198 -0.22526 0.06719
vn 0 -0.92661 0.37602
vn 0.97704 -0.21245 0.01585
vn 0.94842 -0.30345 0.09177
vn 0 -0.92661 0.37602
vn 0.95192 -0.30280 0.04654
vn 0.00869 -0.72482 0.68889
vn 0.98248 -0.17543 -0.06293
vn 0.98096 -0.16865 -0.09630
vn 0.13997 -0.73010 0.66885
vn 0.98990 -0.10988 -0.08957
vn 0.99276 -0.09176 -0.07749
vn 0.00762 0.67792 -0.73509
vn -0.02352 -0.75087 0.66004
vn -0.03329 -0.81335 0.58082
vn -0.00072 -0.81654 0.57728
vn 1 0 0
vn -0.00220 -0.76632 0.64246
vn -0.00006 -0.73057 0.68284
vn 1 0 0
vn 0 -0.83737 0.54663
vn -0.00433 -0.72917 0.68432
vn 0 -0.83737 0.54663
vn 0.02735 -0.74577 0.66564
vn 0 -0.83737 0.54663
vn 0.00433 -0.72995 0.68348
vn 0 -0.83737 0.54663
vn 0 -0.73057 0.68284
vn -1 0 0
vn 0.00511 -0.76519 0.64378
vn 0.00034 -0.81654 0.57728
vn -1 0 0
vn 0.02762 -0.81230 0.58258
vn 1 0 0
vn 1 0 0
vn 1 0 0
vn 0.00566 0.67870 -0.73439
vn 1 0 0
vn 1 0 0
vn 0 0.62363 -0.78172
vn 1 0 0
vn 0 -0.92661 0.37602
vn 1 0 0
vn 1 0 0
vn 0 -0.92661 0.37602
vn -1 0 0
vn -1 0 0
vn 0 -0.92661 0.37602
vn -1 0 0
vn -1 0 0
vn 0 -0.92661 0.37602
vn -1 0 0
vn -0.00185 0.62363 -0.78172
vn -1 0 0
vn -1 0 0
vn -0.00932 0.67681 -0.73610
vn -1 0 0
vn 0.00259 0.64294 -0.76592
vn 0.00210 0.67020 -0.74217
vn -0.00263 0.64245 -0.76632
vn 0 0.61619 -0.78759
vn 0 -0.92661 0.37602
vn 0.00043 0.62237 -0.78272
vn 0 0.61619 -0.78759
vn 0 -0.92661 0.37602
vn -0.00250 0.64322 -0.76568
vn 0 0.61619 -0.78759
vn 0 -0.92661 0.37602
vn 0.00018 0.62210 -0.78293
vn 0 0.61619 -0.78759
vn 0 -0.92661 0.37602
vn 0.00214 0.64158 -0.76706
vn 0.00133 0.67176 -0.74077
vn 0 -0.92661 0.37602
vn 0 -0.92661 0.37602
vn 0 -0.92661 0.37602
vn 0 -0.92661 0.37602
vn 0 -0.92661 0.37601
vn 0 -0.92661 0.37601
vn 0 -0.92661 0.37602
vn 0 -0.92661 0.37602
vn 0.55325 0.52921 0.64331
vn 0.23244 0.79680 0.55775
vn 0.36850 0.55012 0.74938
vn 0.10952 0.66173 0.74170
vn 0.53292 0.23408 0.81315
vn 0.57850 0.34590 0.73870
vn 0.79620 0.23384 0.55801
vn -0.52861 0.55389 0.64325
vn -0.79420 0.23259 0.56138
vn -0.54823 0.36900 0.75052
vn -0.65796 0.10955 0.74504
vn -0.23345 0.53591 0.81136
vn -0.34554 0.58045 0.73735
vn -0.23364 0.79883 0.55433
vn -0.05803 0.80754 0.58695
vn 0.00353 0.79256 0.60978
vn 0.06074 0.81149 0.58120
vn 0 0.89411 0.44786
vn 0.34554 -0.58045 0.73735
vn 0.23364 -0.79883 0.55433
vn 0.52861 -0.55389 0.64325
vn 0.79420 -0.23259 0.56138
vn 0.54823 -0.36900 0.75053
vn 0.65796 -0.10955 0.74504
vn 0.23345 -0.53591 0.81136
vn -0.36850 -0.55012 0.74938
vn -0.10952 -0.66173 0.74170
vn -0.53292 -0.23408 0.81315
vn -0.57850 -0.34590 0.73870
vn -0.79620 -0.23384 0.55801
vn -0.55325 -0.52921 0.64331
vn -0.23244 -0.79680 0.55775
vn -0.06074 -0.81149 0.58120
vn 0 -0.89411 0.44786
vn 0.05803 -0.80754 0.58695
vn 0.01244 -0.81052 0.58557
vn -0.00353 -0.79256 0.60978
vn -0.02395 -0.87191 0.48908
vn 0.80757 -0.06082 0.58663
vn 0.89128 0 0.45346
vn 0.80364 0.05808 0.59228
vn 0.78796 -0.00353 0.61572
vn -0.80364 -0.05808 0.59228
vn -0.78796 0.00353 0.61572
vn -0.80757 0.06082 0.58663
vn -0.89128 0 0.45346
vn 0.69888 -0.69714 0.15987
vn 0.23966 -0.93426 0.26403
vn 0.71657 -0.69744 -0.00997
vn 0.34707 -0.92267 -0.16802
vn 0.69871 -0.69678 -0.16217
vn 0.62423 -0.61642 -0.47995
vn 0.89394 -0.36644 -0.25804
vn 0.88843 -0.45902 -0.00050
vn 0.89824 -0.35421 0.26018
vn 0.61214 -0.62559 0.48366
vn -0.69752 -0.69806 0.16179
vn -0.62655 -0.61244 0.48203
vn -0.89757 -0.35646 0.25943
vn -0.88843 -0.45901 0.00056
vn -0.89463 -0.36423 -0.25878
vn -0.60975 -0.62956 -0.48152
vn -0.70007 -0.69584 -0.16031
vn -0.24141 -0.93280 -0.26759
vn -0.71621 -0.69765 0.01819
vn -0.34561 -0.92347 0.16660
vn -0.02368 -0.13809 0.99014
vn -0.05650 -0.09774 0.99361
vn -0.00035 -0.10305 0.99468
vn 0.05550 -0.09808 0.99363
vn 0.02433 -0.13643 0.99035
vn 0.06542 -0.17139 0.98303
vn 0.00067 -0.16192 0.98680
vn -0.06347 -0.16920 0.98354
vn -0.02433 0.13643 0.99035
vn -0.06542 0.17139 0.98303
vn -0.00067 0.16192 0.98680
vn 0.06347 0.16920 0.98354
vn 0.02368 0.13809 0.99014
vn 0.05650 0.09774 0.99361
vn 0.00035 0.10305 0.99468
vn -0.05550 0.09808 0.99363
vn 0.09400 -0.13315 0.98663
vn 0.09774 -0.05650 0.99361
vn 0.13338 -0.09381 0.98662
vn 0.16920 -0.06347 0.98354
vn 0.15268 -0.15162 0.97658
vn -0.09381 -0.13338 0.98662
vn -0.15162 -0.15268 0.97658
vn -0.17139 -0.06542 0.98303
vn -0.13315 -0.09400 0.98663
vn -0.09808 -0.05550 0.99363
vn 0.13809 -0.02368 0.99014
vn 0.10305 -0.00035 0.99468
vn 0.09807 0.05550 0.99363
vn 0.13643 0.02433 0.99035
vn 0.17139 0.06542 0.98303
vn 0.16192 0.00067 0.98680
vn -0.13643 -0.02433 0.99035
vn -0.16192 -0.00067 0.98680
vn -0.16920 0.06347 0.98354
vn -0.13809 0.02368 0.99014
vn -0.09774 0.05650 0.99361
vn -0.10305 0.00035 0.99468
vn 0.13315 0.09400 0.98663
vn 0.09381 0.13338 0.98662
vn 0.15162 0.15268 0.97658
vn -0.13338 0.09381 0.98662
vn -0.15268 0.15162 0.97658
vn -0.09400 0.13315 0.98663
vn 0.98546 -0.16992 0.00015
vn 0.96527 0.10926 0.23731
vn 0.77075 -0.15011 0.61920
vn 0.94149 -0.19314 0.27621
vn 0.74731 -0.28404 0.60071
vn 0.96751 -0.25283 0.00011
vn 0.73861 -0.32128 -0.59265
vn 0.93660 -0.21799 -0.27435
vn 0.76218 -0.21011 -0.61232
vn 0.96321 0.02021 -0.26797
vn -0.94139 -0.19385 0.27606
vn -0.77070 -0.14933 0.61946
vn -0.95902 0.05212 0.27852
vn -0.98550 -0.16970 -0.00027
vn -0.97000 0.08337 -0.22835
vn -0.76193 -0.21077 -0.61241
vn -0.93684 -0.21681 -0.27446
vn -0.73817 -0.32300 -0.59227
vn -0.96749 -0.25292 0.00014
vn -0.74760 -0.28226 0.60118
vn 0.01259 -0.85757 0.51422
vn 0.20443 -0.82617 0.52502
vn 0.37570 -0.45800 0.80566
vn 0.00195 -0.66276 0.74883
vn -0.37514 -0.45869 0.80553
vn -0.19789 -0.83626 0.51137
vn 0.19912 -0.83344 -0.51550
vn -0.01279 -0.85164 -0.52397
vn -0.20582 -0.82314 -0.52923
vn -0.36975 -0.48600 -0.79189
vn -0.00196 -0.66799 -0.74416
vn 0.36917 -0.48669 -0.79174
vn -0.00042 -0.22800 -0.97366
vn 0.41155 -0.20915 -0.88707
vn 0.28202 0.63018 -0.72342
vn 0.40173 -0.27517 -0.87344
vn 0.00050 -0.37467 -0.92716
vn -0.40176 -0.27465 -0.87359
vn -0.41043 -0.21045 -0.88728
vn -0.33751 0.57026 -0.74892
vn 0.40915 -0.19997 0.89029
vn 0.40537 0.14119 0.90318
vn 0.00044 -0.13434 0.99094
vn -0.41775 -0.11840 0.90081
vn -0.27419 0.49107 0.82684
vn -0.40942 -0.20120 0.88988
vn -0.00050 -0.31505 0.94908
vn -0.00369 -0.82776 -0.56107
vn -0.02247 -0.86852 -0.49515
vn -0.01119 -0.93563 -0.35281
vn 0.08232 -0.97745 -0.19447
vn -0.02884 -0.98208 -0.18625
vn 0.00379 -0.93082 -0.36545
vn 0.01154 -0.86024 -0.50975
vn 0.05798 -0.93921 -0.33841
vn -0.01203 -0.94024 -0.34030
vn 0.02276 -0.98710 -0.15846
vn 0.02801 -0.94496 -0.32598
vn -0.04923 -0.94124 -0.33413
vn -0.01022 -0.98767 -0.15620
vn -0.98310 0.00334 0.18302
vn -0.94285 0.00447 0.33317
vn -0.99162 0.00237 0.12917
vn -0.99987 0.00656 -0.01474
vn -0.98153 0.02240 -0.18998
vn -0.93632 0.02239 -0.35044
vn -0.98232 0.00620 -0.18709
vn -0.93295 0.00510 -0.35997
vn -0.98026 -0.00114 -0.19771
vn -0.999997 0.00072 -0.00252
vn -0.98012 0.00589 0.19833
vn -0.93306 0.01255 0.35951
vn -0.97974 0.00317 0.20026
vn -0.92965 0.01120 0.36828
vn -1 -0.00001 -0.00046
vn -0.92986 -0.00715 -0.36784
vn -0.97975 -0.00545 -0.20015
vn -0.93272 -0.01459 -0.36032
vn -0.98224 -0.00552 -0.18756
vn -0.999999 -0.00021 0.00163
vn -0.98311 -0.00227 0.18302
vn -0.93273 -0.00146 0.36056
vn -0.66481 0.02933 0.74643
vn -0.48499 0.02489 0.87417
vn -0.67041 0.01145 0.74190
vn -0.79264 0.01466 0.60952
vn -0.88816 0.00385 0.45952
vn -0.87116 0.01496 0.49077
vn -0.86453 0.02074 0.50216
vn -0.78205 0.02855 0.62257
vn -0.66260 0.03426 0.74819
vn -0.48472 0.04200 0.87366
vn -0.66261 0.00842 0.74891
vn -0.48494 0.02890 0.87407
vn -0.77981 0.02052 0.62568
vn -0.86353 0.00605 0.50426
vn -0.87152 -0.01666 0.49008
vn -0.78214 -0.00851 0.62304
vn -0.66414 -0.03163 0.74694
vn -0.48516 -0.01369 0.87432
vn 0.25222 0.03921 0.96687
vn 0.48499 0.02489 0.87417
vn 0.25238 0.01559 0.96750
vn 0 0.02846 0.999595
vn -0.25238 0.01559 0.96750
vn -0.25222 0.03921 0.96687
vn -0.25217 0.04461 0.96665
vn 0 0.04802 0.99885
vn 0.25217 0.04461 0.96665
vn 0.48472 0.04200 0.87366
vn 0.25239 0.01072 0.96757
vn 0.48494 0.02890 0.87407
vn 0 0.03305 0.999454
vn -0.25240 0.01071 0.96756
vn -0.25235 -0.04175 0.96674
vn 0 -0.01569 0.999877
vn 0.25239 -0.04175 0.96673
vn 0.48516 -0.01370 0.87432
vn 0.87094 0.01528 0.49115
vn 0.94884 0.00330 0.31573
vn 0.88815 0.00355 0.45954
vn 0.79263 0.01497 0.60952
vn 0.67041 0.01154 0.74190
vn 0.66408 0.02936 0.74709
vn 0.66242 0.03426 0.74835
vn 0.78272 0.02819 0.62174
vn 0.86434 0.02095 0.50248
vn 0.93337 0.01217 0.35870
vn 0.86354 0.00648 0.50423
vn 0.92972 0.01075 0.36810
vn 0.78001 0.02026 0.62543
vn 0.66263 0.00841 0.74890
vn 0.66498 -0.03158 0.74620
vn 0.78214 -0.00907 0.62304
vn 0.87222 -0.01642 0.48883
vn 0.93273 -0.00190 0.36056
vn 0.98202 0.00670 -0.18867
vn 0.93638 0.02168 -0.35033
vn 0.98113 0.02259 -0.19203
vn 0.999903 0.00419 -0.01326
vn 0.99310 -0.00079 0.11728
vn 0.98321 0.00376 0.18242
vn 0.98024 0.00620 0.19770
vn 1 0.00052 0.00038
vn 0.98013 -0.00204 -0.19833
vn 0.93284 0.00510 -0.36025
vn 0.97978 -0.00600 -0.19999
vn 0.92973 -0.00670 -0.36817
vn 1 0.00017 0.00047
vn 0.97973 0.00338 0.20031
vn 0.98251 -0.00249 0.18620
vn 0.999999 -0.00041 -0.00140
vn 0.98267 -0.00580 -0.18529
vn 0.93259 -0.01416 -0.36065
vn 0.66169 0.05570 -0.74771
vn 0.48464 0.04697 -0.87345
vn 0.66727 0.02250 -0.74447
vn 0.78395 0.03133 -0.62003
vn 0.88189 0.01022 -0.47134
vn 0.93811 0.00946 -0.34620
vn 0.86406 0.03491 -0.50218
vn 0.93252 0.03588 -0.35934
vn 0.87002 0.04264 -0.49117
vn 0.78157 0.05462 -0.62142
vn 0.66312 0.06103 -0.74602
vn 0.48380 0.07563 -0.87190
vn 0.66389 0.03469 -0.74703
vn 0.48439 0.05671 -0.87301
vn 0.78429 0.03983 -0.61912
vn 0.86977 0.02080 -0.49303
vn 0.86471 0.00060 -0.50227
vn 0.78193 0.01567 -0.62317
vn 0.66298 0.00380 -0.74863
vn 0.48501 0.02354 -0.87419
vn 0.66346 -0.03161 -0.74754
vn 0.48554 -0.01636 -0.87406
vn 0.78020 -0.01106 -0.62543
vn 0.86397 -0.01846 -0.50320
vn 0.87400 -0.02880 -0.48507
vn 0.78535 -0.03519 -0.61805
vn 0.67443 -0.05811 -0.73605
vn 0.49054 -0.05781 -0.86950
vn -0.25178 0.07230 -0.96508
vn -0.48464 0.04697 -0.87345
vn -0.25232 0.02997 -0.96718
vn 0 0.05371 -0.99856
vn 0.25232 0.02997 -0.96718
vn 0.25178 0.07230 -0.96508
vn 0.25166 0.07849 -0.96463
vn 0 0.08642 -0.99626
vn -0.25166 0.07849 -0.96463
vn -0.48380 0.07563 -0.87191
vn -0.25216 0.04525 -0.96663
vn -0.48439 0.05671 -0.87301
vn 0 0.06482 -0.99790
vn 0.25216 0.04525 -0.96663
vn 0.25241 0.00514 -0.96761
vn 0 0.02692 -0.999638
vn -0.25241 0.00514 -0.96761
vn -0.48501 0.02354 -0.87419
vn -0.25304 -0.04357 -0.96647
vn -0.48541 -0.01657 -0.87413
vn 0.00014 -0.01929 -0.999814
vn 0.25280 -0.04365 -0.96653
vn 0.25861 -0.08444 -0.96228
vn 0.00077 -0.06966 -0.99757
vn -0.25990 -0.08434 -0.96195
vn -0.48983 -0.05818 -0.86987
vn -0.86423 0.03635 -0.50178
vn -0.93845 0.00964 -0.34528
vn -0.88099 0.00972 -0.47304
vn -0.78534 0.03115 -0.61828
vn -0.66614 0.02254 -0.74548
vn -0.66199 0.05584 -0.74743
vn -0.66326 0.06076 -0.74592
vn -0.78119 0.05449 -0.62191
vn -0.87023 0.04154 -0.49089
vn -0.93234 0.03527 -0.35986
vn -0.86945 0.02061 -0.49358
vn -0.78414 0.04016 -0.61929
vn -0.66356 0.03470 -0.74732
vn -0.66280 0.00370 -0.74879
vn -0.78232 0.01565 -0.62268
vn -0.86452 0.00066 -0.50259
vn -0.86393 -0.01792 -0.50330
vn -0.78045 -0.01134 -0.62511
vn -0.66348 -0.03130 -0.74754
vn -0.67493 -0.05779 -0.73562
vn -0.78502 -0.03573 -0.61844
vn -0.87417 -0.02838 -0.48479
vn -0.07090 -0.99532 -0.06559
vn -0.25310 -0.96054 -0.11531
vn -0.28831 -0.95694 -0.03392
vn -0.10360 -0.99460 -0.00605
vn -0.27431 -0.96053 0.04633
vn -0.21947 -0.96890 0.11429
vn -0.07432 -0.99615 0.04640
vn -0.15100 -0.97373 0.17041
vn -0.06024 -0.97977 0.19086
vn -0.00426 -0.99727 0.07374
vn 0.06231 -0.98152 0.18092
vn 0.14941 -0.97664 0.15444
vn 0.06668 -0.99612 0.05742
vn 0.22503 -0.96889 0.10299
vn 0.28557 -0.95780 0.03268
vn 0.10979 -0.99395 0.00103
vn 0.29501 -0.95399 -0.05359
vn 0.24038 -0.96217 -0.12821
vn 0.07790 -0.99554 -0.05320
vn 0.16027 -0.96700 -0.19807
vn 0.05304 -0.97253 -0.22666
vn 0.00478 -0.99643 -0.08429
vn -0.07411 -0.97114 -0.22670
vn -0.17534 -0.96666 -0.18663
vn -0.91957 0.12876 -0.37123
vn -0.97857 0.05249 -0.19911
vn -0.92637 -0.02489 -0.37579
vn -0.84724 -0.00980 -0.53112
vn -0.70522 -0.04663 -0.70745
vn -0.47760 0.07528 -0.87535
vn -0.72364 0.17700 -0.66709
vn -0.55206 0.46576 -0.69159
vn -0.88969 0.34264 -0.30175
vn -0.99722 0.07428 0.00540
vn -0.99391 0.02728 -0.10680
vn -0.98590 0.14132 -0.08957
vn -0.97768 0.21008 0.00247
vn -0.88925 0.30511 0.34078
vn -0.97964 0.17142 0.10446
vn -0.96958 0.05522 0.23847
vn -0.99254 0.02334 0.11965
vn -0.79750 0.01194 0.60320
vn -0.90483 -0.01704 0.42544
vn -0.88710 0.14982 0.43659
vn -0.49176 0.42794 0.75831
vn -0.61504 0.18528 0.76642
vn -0.37796 0.09749 0.92067
vn -0.63587 -0.02653 0.77134
vn -0.00167 0.13296 0.99112
vn -0.21334 0.01798 0.97681
vn -0.16566 0.26556 0.94975
vn -0.01438 0.37984 0.92494
vn 0.51040 0.39408 0.76432
vn 0.18744 0.27530 0.94291
vn 0.39081 0.08847 0.91621
vn 0.20642 0.01261 0.97838
vn 0.80370 0.01125 0.59493
vn 0.64209 -0.02854 0.76610
vn 0.63447 0.18978 0.74929
vn 0.86460 0.35688 0.35369
vn 0.89660 0.13706 0.42110
vn 0.97148 0.05166 0.23142
vn 0.90654 -0.01890 0.42170
vn 0.99703 0.07692 0.00257
vn 0.99286 0.02409 0.11682
vn 0.97997 0.16422 0.11268
vn 0.97656 0.21423 0.02108
vn 0.91109 0.27596 -0.30622
vn 0.98246 0.15347 -0.10596
vn 0.97845 0.04200 -0.20215
vn 0.99449 0.02623 -0.10147
vn 0.84592 -0.00733 -0.53326
vn 0.92675 -0.03071 -0.37443
vn 0.92628 0.12674 -0.35489
vn 0.56691 0.48870 -0.66316
vn 0.71746 0.18406 -0.67184
vn 0.47109 0.07699 -0.87872
vn 0.70053 -0.04427 -0.71225
vn 0.00014 0.13926 -0.99026
vn 0.25679 -0.01215 -0.96639
vn 0.22297 0.33141 -0.91676
vn 0.00860 0.53686 -0.84363
vn -0.21675 0.34530 -0.91312
vn -0.25139 -0.01409 -0.96778
vn -0.99077 -0.13558 -0.00074
vn -0.99177 -0.02408 0.12577
vn -0.93013 -0.26238 0.25694
vn -0.84761 -0.52096 0.10076
vn -0.52048 -0.83908 0.15826
vn -0.55999 -0.82849 -0.00324
vn -0.59124 -0.78835 -0.17011
vn -0.88918 -0.44406 -0.11035
vn -0.96190 -0.08319 -0.26046
vn -0.99288 0.00749 -0.11887
vn -0.70666 -0.49946 0.50117
vn -0.59351 -0.48625 0.64133
vn -0.66947 0.13763 0.72998
vn -0.37974 -0.62494 0.68209
vn -0.43947 -0.76723 0.46715
vn -0.17947 -0.92455 0.33614
vn -0.34932 -0.90377 0.24734
vn -0.68198 -0.65012 0.33502
vn -0.90162 -0.10641 0.41923
vn -0.79962 0.09668 0.59267
vn -0.95819 0.02797 0.28476
vn -0.88953 0.05227 0.45387
vn -0.95268 0.03083 0.30240
vn -0.89116 0.02334 0.45310
vn -0.79800 0.05033 0.60055
vn -0.66905 0.03229 0.74251
vn -0.48387 0.07077 0.87227
vn -0.66602 0.09433 0.73994
vn -0.47941 0.14972 0.86472
vn 0.00034 -0.68235 0.73102
vn 0.20525 -0.59612 0.77622
vn 0.24797 0.18303 0.95132
vn 0.38083 -0.62831 0.67838
vn 0.13411 -0.81894 0.55800
vn 0.19471 -0.92074 0.33812
vn -0.01281 -0.94171 0.33617
vn -0.13258 -0.81845 0.55907
vn -0.20520 -0.59602 0.77631
vn -0.24787 0.18301 0.95135
vn 0.00001 0.17052 0.98535
vn -0.25039 0.12333 0.96026
vn -0.25218 0.04142 0.96679
vn 0 0.08084 0.99673
vn 0.25219 0.04142 0.96679
vn 0.48387 0.07077 0.87227
vn 0.25044 0.12332 0.96025
vn 0.47942 0.14971 0.86472
vn 0.70632 -0.49660 0.50448
vn 0.90007 -0.11385 0.42061
vn 0.92955 -0.26762 0.25360
vn 0.68346 -0.64957 0.33309
vn 0.52847 -0.83543 0.15090
vn 0.32791 -0.91196 0.24660
vn 0.44109 -0.76584 0.46790
vn 0.59516 -0.48598 0.64000
vn 0.66529 0.13830 0.73366
vn 0.80180 0.09464 0.59005
vn 0.66639 0.09447 0.73959
vn 0.66999 0.03224 0.74167
vn 0.79728 0.05020 0.60151
vn 0.89169 0.02273 0.45207
vn 0.95254 0.03042 0.30289
vn 0.88701 0.05815 0.45807
vn 0.95805 0.02543 0.28546
vn 0.99169 -0.12861 0.00092
vn 0.99287 0.00950 -0.11886
vn 0.96004 -0.09024 -0.26491
vn 0.88732 -0.44869 -0.10648
vn 0.58867 -0.78927 -0.17468
vn 0.55861 -0.82940 0.00710
vn 0.85050 -0.51591 0.10244
vn 0.99108 -0.04337 0.12599
vn 0.80462 -0.14168 -0.57664
vn 0.67627 0.00189 -0.73665
vn 0.47653 -0.13003 -0.86949
vn 0.65238 -0.27240 -0.70725
vn 0.45522 -0.74201 -0.49214
vn 0.24160 -0.85203 -0.46441
vn 0.43108 -0.84630 -0.31297
vn 0.79111 -0.47258 -0.38836
vn 0.90958 0.01030 -0.41541
vn -0.00024 -0.16421 -0.98642
vn -0.25242 0 -0.96762
vn -0.47952 -0.13845 -0.86654
vn -0.22343 -0.28606 -0.93180
vn -0.14574 -0.76082 -0.63238
vn -0.26254 -0.84421 -0.46732
vn 0.01734 -0.88136 -0.47214
vn 0.14404 -0.74617 -0.64999
vn 0.22305 -0.30263 -0.92664
vn 0.25242 0 -0.96762
vn -0.80420 -0.13081 -0.57978
vn -0.90960 0.00354 -0.41546
vn -0.79572 -0.46299 -0.39047
vn -0.40630 -0.85844 -0.31305
vn -0.57822 -0.52454 -0.62492
vn -0.67626 0.00161 -0.73666
vn -0.80115 0.01230 0.59834
vn -0.95517 0.00736 0.29598
vn -0.89316 0.00452 0.44972
vn -0.95821 -0.00031 0.28605
vn -0.80009 0.00541 0.59986
vn -0.48512 0.00820 0.87441
vn -0.67094 0.00816 0.74147
vn -0.48506 0.01740 0.87431
vn 0 0.01990 0.999802
vn -0.25240 0.01054 0.96757
vn 0 0.00938 0.999956
vn 0.48512 0.00820 0.87441
vn 0.25240 0.01054 0.96757
vn 0.48506 0.01740 0.87431
vn 0.80118 0.01255 0.59829
vn 0.67107 0.00816 0.74135
vn 0.80055 0.00539 0.59925
vn 0.95436 -0.00087 0.29865
vn 0.89341 0.00434 0.44922
vn 0.95489 0.00752 0.29686
vn -0.99840 -0.00272 -0.05649
vn -0.98591 -0.00362 -0.16726
vn -0.97628 0.01376 -0.21609
vn -0.99811 0.01320 -0.06002
vn -0.99379 -0.00370 0.11118
vn -0.98965 -0.00189 -0.14352
vn -0.95169 0.00088 -0.30706
vn -0.999946 -0.00230 -0.01015
vn -0.98990 0.00007 0.14175
vn -0.98921 0.01337 0.14590
vn -0.999998 0.00048 0.00181
vn -0.99268 -0.00247 -0.12076
vn -0.96235 -0.00471 -0.27178
vn -0.79845 0.00757 -0.60201
vn -0.89537 -0.00015 -0.44531
vn -0.81155 -0.00016 -0.58428
vn -0.48515 0.00115 -0.87443
vn -0.67107 0.00373 -0.74139
vn -0.48512 0.01246 -0.87436
vn -0.999518 0.00772 0.03006
vn -0.98657 0.01682 0.16244
vn -0.999695 -0.00486 0.02421
vn 0.98690 0.01903 0.16022
vn 0.98975 0.01183 0.14235
vn 0.999634 0.01217 0.02416
vn 0.99225 -0.00274 -0.12425
vn 0.999493 -0.00318 0.03168
vn 1 0.00098 -0.00018
vn 0.99000 0.00082 0.14108
vn 0.99303 -0.00459 0.11781
vn 0.999961 -0.00273 -0.00835
vn 0.98649 -0.00209 -0.16378
vn 0.95194 0.00053 -0.30627
vn 0.98963 -0.00187 -0.14363
vn 0.96010 -0.00319 -0.27965
vn 0.99868 -0.00582 -0.05095
vn 0.99832 0.00974 -0.05716
vn 0.97663 0.01132 -0.21463
vn 0.89496 -0.00032 -0.44615
vn 0.79847 0.00750 -0.60199
vn 0.48512 0.01246 -0.87436
vn 0.67225 0.00373 -0.74032
vn 0.48515 0.00115 -0.87443
vn 0.81057 -0.00045 -0.58564
vn 0.25242 0.00543 -0.96760
vn 0 0.01425 -0.999898
vn -0.25242 0.00543 -0.96760
vn 0 0.00131 -0.999999
vn -0.89727 -0.02950 -0.44049
vn -0.94487 -0.01441 -0.32714
vn -0.80366 -0.04717 -0.59322
vn -0.50580 -0.08070 -0.85887
vn -0.70069 -0.06491 -0.71051
vn -0.51100 -0.06710 -0.85696
vn -0.82639 -0.04972 -0.56090
vn -0.96403 -0.00565 -0.26572
vn -0.999994 0.00163 0.00291
vn -0.98756 0.00080 -0.15723
vn -0.999866 0.01588 0.00396
vn -0.95825 -0.00696 0.28583
vn -0.98836 0.00013 0.15211
vn -0.94446 -0.01187 0.32840
vn -0.79085 -0.03653 0.61092
vn -0.88758 -0.02674 0.45988
vn -0.80220 -0.04282 0.59552
vn -0.45882 -0.04421 0.88743
vn -0.66426 -0.05013 0.74582
vn -0.48350 -0.05340 0.87371
vn 0.00077 -0.05935 0.99824
vn -0.24898 -0.05704 0.96683
vn 0.00435 -0.03301 0.999445
vn 0.45921 -0.04424 0.88723
vn 0.24791 -0.05746 0.96708
vn 0.48330 -0.05338 0.87383
vn 0.78989 -0.03698 0.61213
vn 0.66551 -0.05046 0.74469
vn 0.79424 -0.04438 0.60598
vn 0.96107 -0.00742 0.27622
vn 0.88890 -0.02758 0.45727
vn 0.94430 -0.01214 0.32886
vn 0.999997 0.00102 -0.00203
vn 0.98766 0.00064 0.15659
vn 0.999877 0.01566 0.00106
vn 0.96404 -0.00509 -0.26572
vn 0.98816 0.00054 -0.15340
vn 0.94456 -0.01428 -0.32803
vn 0.80461 -0.04695 -0.59194
vn 0.89694 -0.02953 -0.44117
vn 0.82959 -0.05231 -0.55591
vn 0.51262 -0.06706 -0.85599
vn 0.69920 -0.06516 -0.71195
vn 0.50714 -0.08099 -0.85805
vn 0.00052 -0.09731 -0.99525
vn 0.27215 -0.08717 -0.95830
vn -0.00400 -0.06405 -0.99794
vn -0.27330 -0.08756 -0.95794
vn 0 0 1
vn 0 0.999872 0.01598
vn 0 0.82412 -0.56642
vn 0 1 0
vn 0 -0.999872 0.01598
vn 0 -0.82412 -0.56642
vn 0 -1 0
vn 0.70517 -0.70695 0.05437
vn -0.70688 -0.70524 0.05437
vn 0.58274 -0.58274 -0.56642
vn -0.58274 -0.58274 -0.56642
vn 0.70711 -0.70711 0
vn -0.70711 -0.70711 0
vn 0.999853 0 0.01715
vn -0.999853 0 0.01715
vn 0.82412 0 -0.56642
vn -0.82412 0 -0.56642
vn 1 0 0
vn -1 0 0
vn 0.70688 0.70524 0.05437
vn -0.70517 0.70695 0.05437
vn 0.58273 0.58274 -0.56642
vn -0.58273 0.58274 -0.56642
vn 0.70710 0.70711 0
vn -0.70710 0.70711 0
vn -0.00013 0.999973 -0.00741
vn 1 0 0
vn -1 0 0
vn -0.00054 -0.37357 -0.92760
vn 1 0 0
vn -1 0 0
vn 1 0 0
vn -1 0 0
vn -0.02039 -0.94439 0.32821
vn 0.02206 -0.94213 0.33453
vn -0.99389 -0.04886 -0.09896
vn 0.99409 -0.05097 -0.09585
vn 0.03596 0.97775 -0.20667
vn -0.02922 0.98067 -0.19348
vn -0.00304 0.99487 -0.10113
vn 0.02603 0.83490 -0.54979
vn -0.03265 0.84229 -0.53803
vn -0.00156 0.77581 -0.63097
vn 0.00363 0.77527 -0.63162
vn -0.98372 -0.01229 -0.17928
vn 0.98478 -0.00289 -0.17377
vn -0.98700 -0.15234 -0.05120
vn 0.98714 -0.15059 -0.05368
vn -0.01702 -0.76420 0.64476
vn 0.01138 -0.76261 0.64676
vn 1 0 0
vn -1 0 0
vn 0.00127 0.64027 -0.76815
vn 0.00036 0.64052 -0.76794
vn 0 -0.92661 0.37602
vn 0 -0.92661 0.37601
vn 0.51807 0.44366 0.73127
vn -0.44297 0.51907 0.73099
vn 0.00354 0.83442 0.55112
vn 0.44297 -0.51907 0.73099
vn -0.51808 -0.44366 0.73128
vn -0.00354 -0.83442 0.55112
vn 0.83044 -0.00353 0.55710
vn -0.83044 0.00353 0.55710
vn 0.80021 -0.59964 -0.01003
vn -0.80005 -0.59985 0.00997
vn -0.00036 -0.13715 0.99055
vn 0.00036 0.13715 0.99055
vn 0.12798 -0.12637 0.98369
vn -0.12637 -0.12798 0.98369
vn 0.13715 -0.00036 0.99055
vn -0.13715 0.00036 0.99055
vn 0.12637 0.12798 0.98369
vn -0.12798 0.12637 0.98369
vn 0.97996 -0.19919 0.00012
vn -0.97987 -0.19963 -0.00001
vn 0.01438 -0.79586 0.60531
vn -0.01458 -0.79159 -0.61088
vn -0.00003 -0.28157 -0.95954
vn 0.00001 -0.20032 0.97973
vn -0.01822 -0.90967 -0.41493
vn 0.03696 -0.95638 -0.28978
vn -0.00654 -0.95766 -0.28783
vn -0.999988 0.00165 -0.00466
vn -1 -0.00023 0.00008
vn -0.78499 0.02244 0.61911
vn -0.77985 0.00716 0.62592
vn 0 0.04052 0.999179
vn 0 0.01107 0.999939
vn 0.78564 0.02276 0.61827
vn 0.77983 0.00716 0.62595
vn 0.999997 0.00177 -0.00176
vn 1 -0.00002 -0.00004
vn 0.77990 0.04551 -0.62424
vn 0.78356 0.02828 -0.62067
vn 0.78047 -0.02496 -0.62470
vn 0 0.07471 -0.99721
vn 0 0.04676 -0.99891
vn 0.00014 -0.04566 -0.99896
vn -0.77939 0.04652 -0.62481
vn -0.78396 0.02807 -0.62018
vn -0.78052 -0.02441 -0.62465
vn 0.00022 -0.999997 -0.00221
vn -0.85249 0.08172 -0.51631
vn -0.98911 0.14712 0.00398
vn -0.79226 0.09407 0.60289
vn -0.00167 0.26584 0.96402
vn 0.80081 0.09320 0.59163
vn 0.99007 0.14008 0.01169
vn 0.85349 0.07968 -0.51498
vn -0.00001 0.34594 -0.93826
vn -0.87145 -0.49047 -0.00284
vn -0.55765 -0.72891 0.39712
vn -0.79544 0.07417 0.60148
vn -0.00494 -0.83326 0.55285
vn 0.00001 0.12737 0.99186
vn 0.55138 -0.73109 0.40186
vn 0.79576 0.07663 0.60074
vn 0.86860 -0.49551 0.00323
vn 0.69100 -0.52100 -0.50108
vn -0.00048 -0.32351 -0.94622
vn 0.01514 -0.77910 -0.62672
vn -0.77729 -0.26563 -0.57031
vn -0.53853 -0.73799 -0.40664
vn -0.80184 0.00665 0.59750
vn 0 0.01089 0.999941
vn 0.80229 0.00646 0.59690
vn -0.99471 0.00849 -0.10234
vn -0.999998 -0.00134 -0.00161
vn -0.80503 0.00219 -0.59323
vn -0.99785 0.00131 0.06549
vn 0.99777 0.01372 0.06536
vn 0.999998 -0.00071 -0.00193
vn 0.99481 0.00087 -0.10177
vn 0.80396 0.00202 -0.59468
vn 0 0.00561 -0.999984
vn -0.81718 -0.04860 -0.57433
vn -0.999978 0.00586 0.00319
vn -0.79677 -0.04201 0.60282
vn 0.00079 -0.05620 0.99842
vn 0.79408 -0.04360 0.60624
vn 0.99998 0.00611 -0.00172
vn 0.81787 -0.04962 -0.57326
vn 0.00054 -0.08992 -0.99595
vn 0.00036 0.06517 0.99787
vn 0.06517 -0.00036 0.99787
vn -0.00036 -0.06517 0.99787
vn -0.06517 0.00036 0.99787
vn 0.00314 0.95306 0.30276
vn 0.37469 0.92622 0.04157
vn 0 0.96149 -0.27484
vn -0.37711 0.92538 0.03829
vn 0.31521 0.76098 -0.56706
vn 0 0.74162 -0.67082
vn 0 1 0
vn -0.31521 0.76098 -0.56706
vn 0.38268 0.92388 0
vn 0 1 0
vn -0.00137 0.17097 0.98528
vn -0.38268 0.92388 0
vn 0 -0.96149 -0.27484
vn 0.37712 -0.92537 0.03829
vn -0.00314 -0.95306 0.30276
vn -0.37470 -0.92622 0.04157
vn 0 -0.74162 -0.67082
vn 0 -1 0
vn 0.31521 -0.76098 -0.56706
vn -0.31521 -0.76098 -0.56706
vn 0 -1 0
vn 0.00137 -0.17097 0.98528
vn 0.38269 -0.92388 0
vn -0.38269 -0.92388 0
vn 0.62500 -0.62544 0.46711
vn 0.67988 -0.67988 -0.27484
vn 0.92613 -0.37482 0.04231
vn -0.67988 -0.67988 -0.27484
vn -0.62500 -0.62544 0.46711
vn -0.92529 -0.37725 0.03906
vn 0.52440 -0.52440 -0.67083
vn 0.70711 -0.70711 0
vn 0.76098 -0.31521 -0.56706
vn -0.52440 -0.52440 -0.67083
vn -0.70711 -0.70711 0
vn -0.76098 -0.31521 -0.56706
vn 0.70711 -0.70711 0
vn 0.16824 -0.16824 0.97128
vn 0.92388 -0.38269 0
vn -0.70711 -0.70711 0
vn -0.16824 -0.16824 0.97128
vn -0.92388 -0.38269 0
vn 0.95168 -0.00312 0.30707
vn 0.96149 0 -0.27484
vn 0.92529 0.37725 0.03906
vn -0.96149 0 -0.27484
vn -0.95168 0.00312 0.30707
vn -0.92613 0.37482 0.04231
vn 0.74162 0 -0.67082
vn 1 0 0
vn 0.76098 0.31521 -0.56706
vn -0.74162 0 -0.67082
vn -1 0 0
vn -0.76098 0.31521 -0.56706
vn 1 0 0
vn 0.17097 0.00137 0.98528
vn 0.92388 0.38269 0
vn -1 0 0
vn -0.17097 -0.00137 0.98528
vn -0.92388 0.38269 0
vn 0.62500 0.62544 0.46711
vn 0.67987 0.67988 -0.27484
vn -0.67987 0.67988 -0.27484
vn -0.62500 0.62545 0.46711
vn 0.52440 0.52440 -0.67083
vn 0.70710 0.70711 0
vn -0.52440 0.52440 -0.67083
vn -0.70710 0.70711 0
vn 0.70710 0.70711 0
vn 0.16824 0.16824 0.97128
vn -0.70710 0.70711 0
vn -0.16824 0.16824 0.97128
vn -0.00069 0.999139 -0.04148
vn 0.00097 0.999956 -0.00928
vn 1 0 0
vn 0 1 0
vn 0 0.77812 0.62812
vn -0.00047 0.999963 -0.00854
vn -1 0 0
vn 1 0 0
vn -0.00190 -0.38939 -0.92107
vn 1 0 0
vn 0.68770 -0.72599 0
vn 1 0 0
vn 0.77333 0 0.63401
vn 1 0 0
vn -1 0 0
vn -0.77333 0 0.63401
vn -1 0 0
vn -0.68740 -0.72609 0.01649
vn -1 0 0
vn 0.00399 -0.39811 -0.91733
vn -1 0 0
vn 0 -0.26352 -0.96465
vn 0 -0.86925 -0.49438
vn -0.00254 -0.67679 -0.73617
vn 1 0 0
vn 0.03489 0.98427 -0.17316
vn 1 0 0
vn 1 0 0
vn -0.04470 -0.92788 -0.37019
vn -1 0 0
vn -1 0 0
vn -0.04362 0.98412 -0.17204
vn -1 0 0
vn 0.03282 -0.93708 -0.34758
vn 1 0 0
vn 0.03396 0.81921 -0.57249
vn 1 0 0
vn 1 0 0
vn -0.01251 -0.95382 0.30011
vn -1 0 0
vn -1 0 0
vn -0.03147 0.82389 -0.56587
vn -1 0 0
vn 0.00739 -0.95387 0.30013
vn -0.03865 -0.86616 0.49828
vn -0.02849 -0.94134 0.33625
vn -0.98479 0.00649 -0.17362
vn -0.00413 -0.999397 0.03447
vn 0.04872 -0.93238 0.35817
vn 0.98463 0.01015 -0.17435
vn 0.03859 -0.86757 0.49582
vn 0.01826 -0.999171 0.03638
vn -0.99359 -0.03092 -0.10876
vn -0.99197 -0.07147 -0.10436
vn -0.99459 -0.05437 -0.08848
vn -0.02388 0.78537 -0.61856
vn 0.99134 -0.07471 -0.10803
vn 0.99313 -0.02974 -0.11319
vn 0.99454 -0.04892 -0.09213
vn 0.01703 0.78439 -0.62003
vn 0.01272 0.99177 -0.12739
vn 0.05723 0.92332 -0.37974
vn -0.05662 0.92325 -0.38000
vn -0.01809 0.99048 -0.13644
vn 0.01469 0.79977 -0.60013
vn -0.01119 0.79652 -0.60450
vn 0.00350 0.71419 -0.69995
vn 0.00234 0.71309 -0.70106
vn -0.88591 0.05816 -0.46020
vn 0.89005 0.03364 -0.45462
vn -0.98058 -0.17063 -0.09673
vn -0.01725 -0.73875 0.67376
vn -0.95855 -0.27356 0.07972
vn 0 -0.92661 0.37601
vn -0.98964 -0.14106 -0.02680
vn -0.00417 0.64503 -0.76414
vn 0.96520 -0.25171 0.07089
vn 0 -0.92661 0.37601
vn 0.97587 -0.21188 -0.05283
vn 0.04208 -0.72900 0.68322
vn 0.99118 -0.12426 -0.04615
vn 0.00197 0.64336 -0.76556
vn -0.00013 -0.76708 0.64155
vn 1 0 0
vn 0 -0.83737 0.54663
vn 0 -0.83737 0.54663
vn 0.00007 -0.76708 0.64155
vn -1 0 0
vn 1 0 0
vn 0.00155 0.64520 -0.76401
vn 1 0 0
vn 0 -0.92661 0.37602
vn -1 0 0
vn 0 -0.92661 0.37602
vn -1 0 0
vn -0.00340 0.64519 -0.76401
vn 0 0.61619 -0.78759
vn 0 -0.92661 0.37602
vn 0 0.61619 -0.78759
vn 0 -0.92661 0.37602
vn 0.17358 0.72266 0.66905
vn 0.69865 0.19005 0.68976
vn -0.71923 0.17370 0.67270
vn -0.18989 0.70200 0.68639
vn 0.71923 -0.17370 0.67270
vn 0.18989 -0.70200 0.68639
vn -0.69865 -0.19005 0.68976
vn -0.17359 -0.72266 0.66905
vn 0 -0.82981 0.55805
vn 0.45123 -0.82705 -0.33522
vn 0.94128 -0.33761 -0.00042
vn 0.44379 -0.82669 0.34588
vn -0.94129 -0.33760 0.00063
vn -0.44573 -0.82489 -0.34767
vn -0.44946 -0.82866 0.33363
vn 0.05350 -0.13582 0.98929
vn -0.05488 -0.13859 0.98883
vn 0.05488 0.13859 0.98883
vn -0.05350 0.13582 0.98929
vn 0.13859 -0.05488 0.98883
vn -0.13582 -0.05350 0.98929
vn 0.13582 0.05350 0.98929
vn -0.13859 0.05488 0.98883
vn 0.76266 -0.19765 0.61586
vn 0.75353 -0.25128 -0.60750
vn 0.99887 0.04629 0.01112
vn -0.999409 0.03439 -0.00033
vn -0.75381 -0.25010 -0.60764
vn -0.76275 -0.19899 0.61532
vn -0.00029 -0.47799 0.87836
vn 0.00029 -0.50786 -0.86144
vn -0.00080 -0.21065 -0.97756
vn 0.01718 0.61022 -0.79204
vn 0.00087 -0.11303 0.99359
vn -0.02887 0.42259 0.90586
vn 0.03110 -0.93945 -0.34127
vn -0.02498 -0.93798 -0.34580
vn -0.999485 0.01129 -0.03004
vn -0.93552 0.01281 -0.35304
vn -1 0.00031 -0.00053
vn -0.93655 0.00873 0.35042
vn -0.92961 -0.01152 -0.36836
vn -0.999998 0.00002 0.00175
vn -0.92941 0.00499 0.36902
vn -0.79887 0.00880 0.60144
vn -0.78016 0.02790 0.62496
vn -0.48484 0.03544 0.87388
vn -0.78596 -0.02500 0.61778
vn -0.48511 0.00968 0.87440
vn 0 0.01611 0.99987
vn 0 0.04610 0.99894
vn 0.48484 0.03544 0.87388
vn -0.00002 -0.04317 0.999068
vn 0.48511 0.00968 0.87440
vn 0.79887 0.00808 0.60145
vn 0.78037 0.02809 0.62469
vn 0.93678 0.00921 0.34981
vn 0.78499 -0.02484 0.61901
vn 0.92940 0.00543 0.36904
vn 0.999596 0.01118 -0.02614
vn 1 0.00019 0.00053
vn 0.93541 0.01312 -0.35332
vn 0.999999 -0.00041 -0.00127
vn 0.92955 -0.01208 -0.36849
vn 0.79106 0.01750 -0.61149
vn 0.93092 0.02305 -0.36451
vn 0.78394 0.05100 -0.61874
vn 0.48415 0.06537 -0.87254
vn 0.78046 0.00247 -0.62520
vn 0.48475 0.04090 -0.87370
vn 0.79184 -0.04335 -0.60919
vn 0.48601 -0.03865 -0.87310
vn 0 0.03097 -0.99952
vn 0 0.08110 -0.99671
vn -0.48415 0.06537 -0.87254
vn 0 0.00531 -0.999986
vn -0.48475 0.04090 -0.87370
vn 0.00076 -0.08903 -0.99603
vn -0.48589 -0.03834 -0.87318
vn -0.79242 0.01696 -0.60974
vn -0.78381 0.05075 -0.61893
vn -0.93021 0.02562 -0.36614
vn -0.78067 0.00281 -0.62493
vn -0.79159 -0.04289 -0.60954
vn -0.25723 -0.96635 -0.00245
vn -0.17042 -0.97798 0.12044
vn -0.00667 -0.98529 0.17076
vn 0.15948 -0.97911 0.12615
vn 0.27185 -0.96234 0.00291
vn 0.19479 -0.97036 -0.14302
vn 0.00863 -0.97723 -0.21200
vn -0.18213 -0.97181 -0.14974
vn -0.83491 -0.05275 -0.54785
vn -0.47115 0.29834 -0.83007
vn -0.96817 0.14743 -0.20229
vn -0.95316 0.18878 0.23633
vn -0.999343 0.03543 0.00756
vn -0.35243 0.25621 0.90008
vn -0.80318 -0.03717 0.59457
vn 0.39119 0.27435 0.87847
vn 0.00435 0.02802 0.999598
vn 0.95893 0.17203 0.22554
vn 0.79773 -0.03836 0.60180
vn 0.96498 0.16273 -0.20575
vn 0.999346 0.03611 0.00177
vn 0.46281 0.28689 -0.83875
vn 0.84226 -0.04954 -0.53678
vn -0.00386 0.00234 -0.99999
vn -0.79315 -0.56397 0.22989
vn -0.87436 -0.41847 -0.24573
vn -0.999997 -0.00254 -0.00002
vn -0.29085 -0.79208 0.53668
vn -0.80445 -0.14499 0.57606
vn -0.95244 0.03298 0.30293
vn -0.80013 0.02728 0.59920
vn -0.48199 0.11165 0.86903
vn 0.30095 -0.78952 0.53487
vn 0.00002 -0.60939 0.79287
vn 0.00001 0.18889 0.98200
vn 0 0.04280 0.999084
vn 0.48199 0.11164 0.86903
vn 0.80070 -0.55568 0.22381
vn 0.80458 -0.15401 0.57353
vn 0.79912 0.02689 0.60057
vn 0.95253 0.03683 0.30220
vn 0.86767 -0.43029 -0.24901
vn 0.999938 -0.00816 0.00756
vn 0.45980 -0.25793 -0.84974
vn 0.31137 -0.73418 -0.60335
vn 0.81584 0.00310 -0.57826
vn -0.41522 -0.51273 -0.75146
vn 0 0 -1
vn -0.81584 0.00281 -0.57827
vn -0.95574 0.00203 0.29420
vn -0.48511 0.00952 0.87440
vn 0.48511 0.00952 0.87440
vn 0.95532 0.00216 0.29558
vn -0.999719 -0.00593 -0.02293
vn -0.999966 0.00639 0.00524
vn -0.95562 -0.00177 -0.29461
vn -0.48515 0.00491 -0.87442
vn 0.999989 0.00404 0.00229
vn 0.999812 -0.00480 -0.01880
vn 0.95577 -0.00178 -0.29410
vn 0.48515 0.00491 -0.87442
vn -0.51702 -0.07943 -0.85228
vn -0.95303 -0.01130 -0.30268
vn -0.95168 -0.01098 0.30690
vn -0.48039 -0.05544 0.87530
vn 0.48021 -0.05544 0.87540
vn 0.95180 -0.01031 0.30656
vn 0.95270 -0.01196 -0.30366
vn 0.51845 -0.07855 -0.85149
vn -0.34550 -0.93432 -0.08760
vn -0.94695 0.00268 -0.32136
vn -0.93605 0.03148 -0.35046
vn -0.93053 -0.00101 -0.36622
vn -0.93706 -0.01507 -0.34883
vn -0.97459 0.00797 -0.22385
vn -0.30829 -0.94534 0.10625
vn -0.95437 0.01832 0.29807
vn -0.96184 0.00034 0.27363
vn -0.93037 0.01321 0.36639
vn -0.93757 -0.00848 0.34770
vn -0.96478 0.00643 0.26298
vn -0.12071 -0.96798 0.22011
vn -0.48479 0.03745 0.87383
vn -0.48509 0.01409 0.87435
vn -0.48475 0.04033 0.87372
vn -0.48508 -0.03770 0.87366
vn -0.43018 -0.00203 0.90274
vn 0.13325 -0.97070 0.19994
vn 0.48479 0.03744 0.87383
vn 0.48509 0.01409 0.87435
vn 0.48475 0.04033 0.87372
vn 0.48506 -0.03768 0.87367
vn 0.43022 -0.00870 0.90268
vn 0.31645 -0.94504 0.08219
vn 0.95426 0.01759 0.29847
vn 0.96307 -0.00270 0.26925
vn 0.93044 0.01354 0.36619
vn 0.93740 -0.00814 0.34817
vn 0.96730 0.00378 0.25362
vn 0.33055 -0.93671 -0.11538
vn 0.94651 0.00361 -0.32264
vn 0.93601 0.03256 -0.35045
vn 0.93045 -0.00139 -0.36642
vn 0.93692 -0.01552 -0.34919
vn 0.97397 0.00038 -0.22666
vn 0.12235 -0.95689 -0.26343
vn 0.48499 0.02708 -0.87410
vn 0.48396 0.07097 -0.87221
vn 0.48514 0.00465 -0.87443
vn 0.49626 -0.07348 -0.86506
vn 0.50208 -0.03211 -0.86423
vn -0.16173 -0.95451 -0.25050
vn -0.48499 0.02708 -0.87410
vn -0.48396 0.07097 -0.87221
vn -0.48514 0.00465 -0.87443
vn -0.49563 -0.07319 -0.86544
vn -0.50042 -0.03207 -0.86519
vn 0.76607 0.20649 0.60868
vn -0.83490 0.10296 0.54069
vn -0.35258 0.55903 0.75045
vn 0.85260 0.06252 -0.51881
vn 0.39131 0.64791 -0.65352
vn -0.76489 -0.19906 -0.61263
vn -0.72075 0.49180 -0.48851
vn 0.06017 -0.06080 0.99633
vn -0.06080 -0.06017 0.99633
vn 0.06080 0.06017 0.99633
vn -0.06017 0.06080 0.99633
vn 0.29710 0.87297 0.38685
vn -0.29793 0.87479 0.38209
vn 0.36790 0.88819 -0.27526
vn -0.36790 0.88819 -0.27526
vn 0.28359 0.68465 -0.67144
vn 0.38268 0.92388 0
vn -0.28359 0.68465 -0.67144
vn -0.38268 0.92388 0
vn 0.38268 0.92388 0
vn 0.07027 0.17946 0.98125
vn -0.38268 0.92388 0
vn -0.07481 0.18655 0.97959
vn 0.29793 -0.87478 0.38209
vn -0.29710 -0.87297 0.38685
vn 0.36791 -0.88819 -0.27526
vn -0.36791 -0.88819 -0.27526
vn 0.28359 -0.68465 -0.67144
vn 0.38269 -0.92388 0
vn -0.28359 -0.68465 -0.67144
vn -0.38269 -0.92388 0
vn 0.38269 -0.92388 0
vn 0.07482 -0.18655 0.97959
vn -0.38269 -0.92388 0
vn -0.07027 -0.17946 0.98125
vn 0.87158 -0.29737 0.38976
vn -0.87336 -0.29824 0.38508
vn 0.88819 -0.36791 -0.27526
vn -0.88819 -0.36791 -0.27526
vn 0.68465 -0.28359 -0.67144
vn 0.92388 -0.38268 0
vn -0.68465 -0.28359 -0.67144
vn -0.92388 -0.38268 0
vn 0.92388 -0.38269 0
vn 0.17946 -0.07027 0.98125
vn -0.92388 -0.38269 0
vn -0.18655 -0.07482 0.97959
vn 0.87336 0.29825 0.38508
vn -0.87158 0.29737 0.38976
vn 0.88819 0.36791 -0.27526
vn -0.88819 0.36791 -0.27526
vn 0.68465 0.28359 -0.67144
vn 0.92388 0.38269 0
vn -0.68465 0.28359 -0.67144
vn -0.92388 0.38269 0
vn 0.92388 0.38269 0
vn 0.18655 0.07482 0.97959
vn -0.92388 0.38269 0
vn -0.17946 0.07027 0.98125
vn 1 0 0
vn 0.09356 -0.88958 0.44709
vn 0.63279 -0.07034 0.77112
vn -1 0 0
vn -0.09347 -0.98367 0.15379
vn -0.58827 -0.80866 0
vn -0.61709 -0.04891 0.78537
vn -0.07031 -0.63673 0.76787
vn 0 1 0
vn 0.61709 0.04891 0.78537
vn 0.07031 0.63673 0.76787
vn 1 0 0
vn 0 1 0
vn -0.63279 0.07034 0.77112
vn -0.04890 0.62094 0.78233
vn -1 0 0
vn 1 0 0
vn 0.09419 -0.98342 -0.15498
vn 0.58827 -0.80866 0
vn 0 -0.26352 -0.96465
vn -1 0 0
vn -0.11018 -0.96235 -0.24848
vn 0 -0.26352 -0.96465
vn -0.00540 0.99831 -0.05781
vn 1 0 0
vn -0.01173 0.99815 -0.05970
vn -1 0 0
vn 1 0 0
vn -0.02853 -0.76164 -0.64737
vn -1 0 0
vn 0.02089 -0.76238 -0.64679
vn 1 0 0
vn -0.05727 -0.99823 -0.01590
vn -1 0 0
vn 0.03742 -0.999174 -0.01582
vn 1 0 0
vn 0.07993 0.92163 -0.37975
vn -1 0 0
vn -0.07993 0.92163 -0.37975
vn 1 0 0
vn -0.00134 -0.86728 0.49783
vn -1 0 0
vn 0.00096 -0.86728 0.49783
vn 1 0 0
vn 0.01577 0.73616 -0.67663
vn -1 0 0
vn 0.00577 0.73454 -0.67854
vn -0.99245 -0.02007 -0.12097
vn 0.82610 0.21816 -0.51958
vn 0.00030 0.91233 -0.40946
vn 0.99505 -0.05252 -0.08435
vn 0.01715 -0.99881 0.04562
vn 0.87418 0.09083 -0.47702
vn -0.87418 0.09083 -0.47702
vn -0.99345 -0.08912 -0.07154
vn -0.02317 0.72300 -0.69046
vn 0.99349 -0.07569 -0.08519
vn 0.01408 0.72386 -0.68980
vn -0.17620 -0.84487 0.50512
vn -0.98309 -0.00639 -0.18302
vn 0.12892 -0.84865 0.51300
vn 0.98772 -0.05250 -0.14713
vn -0.94265 -0.33051 0.04658
vn 0 -0.83737 0.54663
vn 0.91753 -0.36849 0.14953
vn 0 -0.83737 0.54663
vn 0 -0.83737 0.54663
vn 1 0 0
vn 0 -0.83737 0.54663
vn -1 0 0
vn 1 0 0
vn 0 -0.92661 0.37602
vn 0 0.61619 -0.78759
vn -1 0 0
vn 0 -0.92661 0.37602
vn 0 0.61619 -0.78759
vn -0.96753 -0.23422 0.09505
vn 0 -0.92661 0.37602
vn 0 0.61619 -0.78759
vn 0.98287 -0.18252 0.02572
vn 0 -0.92661 0.37602
vn 0 0.61619 -0.78759
vn 0.71426 -0.40817 0.56853
vn -0.71304 -0.41070 0.56824
vn 0.70599 -0.43145 -0.56163
vn -0.70723 -0.42895 -0.56198
vn -0.97079 0.00377 -0.23989
vn -0.96196 -0.06401 0.26558
vn -0.40758 -0.55535 0.72489
vn -0.47804 0.16596 0.86251
vn 0.40741 -0.55585 0.72460
vn 0.47804 0.16599 0.86251
vn 0.96165 -0.07368 0.26419
vn 0.96907 0.00992 -0.24658
vn 0.48515 0 -0.87443
vn -0.48515 0 -0.87443

# No. texture coordinates 1624:
vt 0 0
vt 0 0.50000
vt 0 0.62500
vt 0 0.75000
vt 0.12500 0
vt 0.12500 0.12500
vt 0.12500 0.50000
vt 0.12500 0.62500
vt 0.12500 0.75000
vt 0.25000 0
vt 0.25000 0.12500
vt 0.25000 0.50000
vt 0.25000 0.62500
vt 0.25000 0.75000
vt 0.37500 0
vt 0.37500 0.12500
vt 0.37500 0.50000
vt 0.37500 0.62500
vt 0.37500 0.75000
vt 0.50000 0
vt 0.50000 0.12500
vt 0.50000 0.50000
vt 0.50000 0.62500
vt 0.50000 0.75000
vt 0.62500 0
vt 0.62500 0.37500
vt 0.62500 0.50000
vt 0.62500 0.62500
vt 0.62500 0.75000
vt 0.75000 0
vt 0.75000 0.37500
vt 0.75000 0.50000
vt 0.75000 0.62500
vt 0.75000 0.75000
vt 0.87500 0
vt 0.87500 0.37500
vt 0.87500 0.50000
vt 0.87500 0.62500
vt 0.87500 0.75000
vt 1 0
vt 1 0.37500
vt 1 0.50000
vt 1 0.62500
vt 1 0.75000
vt 1 0
vt 1 1
vt 0 0.25000
vt 0 0.50000
vt 0 0.75000
vt 0 1
vt 0.62500 0.25000
vt 0.62500 0.50000
vt 0.62500 0.75000
vt 0.62500 1
vt 0.75000 0.25000
vt 0.75000 0.50000
vt 0.75000 0.75000
vt 0.75000 1
vt 0.87500 0.25000
vt 0.87500 0.50000
vt 0.87500 0.75000
vt 0.87500 1
vt 1 0.25000
vt 1 0.50000
vt 1 0.75000
vt 1 1
vt 0 0
vt 0 1
vt 1 0
vt 1 1
vt 1 0.57143
vt 1 0.57143
vt 0 0.02605
vt 0.12500 0.02544
vt 0.12500 0.02544
vt 0.25000 0.02501
vt 0.25000 0.02501
vt 0.37500 0.02501
vt 0.37500 0.02501
vt 0.50000 0.02544
vt 0.50000 0.02544
vt 0.62500 0.02605
vt 0.62500 0.02605
vt 0.75000 0.02649
vt 0.75000 0.02649
vt 0.87500 0.02649
vt 0.87500 0.02649
vt 1 0.02605
vt 1 1
vt 1 0.50000
vt 1 0
vt 1 0.50000
vt 1 0.50000
vt 0 0.25000
vt 0 0.37500
vt 0 0.50000
vt 0 0.37500
vt 0 0.37500
vt 0 0.50000
vt 0 0.62500
vt 0 0.75000
vt 0 0.62500
vt 0 0.62500
vt 0 0.75000
vt 0 0.87500
vt 0 1
vt 0 0.87500
vt 0 0.87500
vt 0.62500 0.50000
vt 0.62500 0.37500
vt 0.62500 0.25000
vt 0.62500 0.37500
vt 0.62500 0.37500
vt 0.62500 0.75000
vt 0.62500 0.62500
vt 0.62500 0.50000
vt 0.62500 0.62500
vt 0.62500 0.62500
vt 0.62500 1
vt 0.62500 0.87500
vt 0.62500 0.75000
vt 0.62500 0.87500
vt 0.62500 0.87500
vt 0.68750 0.25000
vt 0.62500 0.37500
vt 0.68750 0.50000
vt 0.75000 0.37500
vt 0.68750 0.37500
vt 0.68750 0.50000
vt 0.62500 0.37500
vt 0.68750 0.25000
vt 0.75000 0.37500
vt 0.68750 0.37500
vt 0.68750 0.50000
vt 0.62500 0.62500
vt 0.68750 0.75000
vt 0.75000 0.62500
vt 0.68750 0.62500
vt 0.68750 0.75000
vt 0.62500 0.62500
vt 0.68750 0.50000
vt 0.75000 0.62500
vt 0.68750 0.62500
vt 0.68750 0.75000
vt 0.62500 0.87500
vt 0.68750 1
vt 0.75000 0.87500
vt 0.68750 0.87500
vt 0.68750 1
vt 0.62500 0.87500
vt 0.68750 0.75000
vt 0.75000 0.87500
vt 0.68750 0.87500
vt 0.81250 0.25000
vt 0.75000 0.37500
vt 0.81250 0.50000
vt 0.87500 0.37500
vt 0.81250 0.37500
vt 0.81250 0.50000
vt 0.75000 0.37500
vt 0.81250 0.25000
vt 0.87500 0.37500
vt 0.81250 0.37500
vt 0.81250 0.50000
vt 0.75000 0.62500
vt 0.81250 0.75000
vt 0.87500 0.62500
vt 0.81250 0.62500
vt 0.81250 0.75000
vt 0.75000 0.62500
vt 0.81250 0.50000
vt 0.87500 0.62500
vt 0.81250 0.62500
vt 0.81250 0.75000
vt 0.75000 0.87500
vt 0.81250 1
vt 0.87500 0.87500
vt 0.81250 0.87500
vt 0.81250 1
vt 0.75000 0.87500
vt 0.81250 0.75000
vt 0.87500 0.87500
vt 0.81250 0.87500
vt 0.93750 0.25000
vt 0.87500 0.37500
vt 0.93750 0.50000
vt 1 0.37500
vt 0.93750 0.37500
vt 0.93750 0.50000
vt 0.87500 0.37500
vt 0.93750 0.25000
vt 1 0.37500
vt 0.93750 0.37500
vt 0.93750 0.50000
vt 0.87500 0.62500
vt 0.93750 0.75000
vt 1 0.62500
vt 0.93750 0.62500
vt 0.93750 0.75000
vt 0.87500 0.62500
vt 0.93750 0.50000
vt 1 0.62500
vt 0.93750 0.62500
vt 0.93750 0.75000
vt 0.87500 0.87500
vt 0.93750 1
vt 1 0.87500
vt 0.93750 0.87500
vt 0.93750 1
vt 0.87500 0.87500
vt 0.93750 0.75000
vt 1 0.87500
vt 0.93750 0.87500
vt 1 1
vt 0.50000 1
vt 0 1
vt 0.50000 1
vt 0.50000 1
vt 1 0.28572
vt 0.50000 0
vt 0 0.50000
vt 0.50000 1
vt 1 0.78571
vt 0.60000 0.51429
vt 0.50000 1
vt 0 0.50000
vt 0.50000 0
vt 1 0.28572
vt 1 0.78571
vt 0.60000 0.51429
vt 1 0
vt 1 0.28572
vt 1 0.57143
vt 1 0.28572
vt 1 0.28572
vt 0.06250 0.50000
vt 0 0.56250
vt 0.06250 0.62500
vt 0.12500 0.56250
vt 0.06250 0.56250
vt 0.06250 0.62500
vt 0 0.68750
vt 0.06250 0.75000
vt 0.12500 0.68750
vt 0.06250 0.68750
vt 0.18750 0.50000
vt 0.12500 0.56250
vt 0.18750 0.62500
vt 0.25000 0.56250
vt 0.18750 0.56250
vt 0.18750 0.62500
vt 0.12500 0.68750
vt 0.18750 0.75000
vt 0.25000 0.68750
vt 0.18750 0.68750
vt 0.31250 0.50000
vt 0.25000 0.56250
vt 0.31250 0.62500
vt 0.37500 0.56250
vt 0.31250 0.56250
vt 0.31250 0.62500
vt 0.25000 0.68750
vt 0.31250 0.75000
vt 0.37500 0.68750
vt 0.31250 0.68750
vt 0.43750 0.50000
vt 0.37500 0.56250
vt 0.43750 0.62500
vt 0.50000 0.56250
vt 0.43750 0.56250
vt 0.43750 0.62500
vt 0.37500 0.68750
vt 0.43750 0.75000
vt 0.50000 0.68750
vt 0.43750 0.68750
vt 0.56250 0.50000
vt 0.50000 0.56250
vt 0.56250 0.62500
vt 0.62500 0.56250
vt 0.56250 0.56250
vt 0.56250 0.62500
vt 0.50000 0.68750
vt 0.56250 0.75000
vt 0.62500 0.68750
vt 0.56250 0.68750
vt 0.68750 0.37500
vt 0.62500 0.43750
vt 0.68750 0.50000
vt 0.75000 0.43750
vt 0.68750 0.43750
vt 0.68750 0.50000
vt 0.62500 0.56250
vt 0.68750 0.62500
vt 0.75000 0.56250
vt 0.68750 0.56250
vt 0.68750 0.62500
vt 0.62500 0.68750
vt 0.68750 0.75000
vt 0.75000 0.68750
vt 0.68750 0.68750
vt 0.81250 0.37500
vt 0.75000 0.43750
vt 0.81250 0.50000
vt 0.87500 0.43750
vt 0.81250 0.43750
vt 0.81250 0.50000
vt 0.75000 0.56250
vt 0.81250 0.62500
vt 0.87500 0.56250
vt 0.81250 0.56250
vt 0.81250 0.62500
vt 0.75000 0.68750
vt 0.81250 0.75000
vt 0.87500 0.68750
vt 0.81250 0.68750
vt 0.93750 0.37500
vt 0.87500 0.43750
vt 0.93750 0.50000
vt 1 0.43750
vt 0.93750 0.43750
vt 0.93750 0.50000
vt 0.87500 0.56250
vt 0.93750 0.62500
vt 1 0.56250
vt 0.93750 0.56250
vt 0.93750 0.62500
vt 0.87500 0.68750
vt 0.93750 0.75000
vt 1 0.68750
vt 0.93750 0.68750
vt 0.06250 0
vt 0.18750 0
vt 0.31250 0
vt 0.43750 0
vt 0.56250 0
vt 0.68750 0
vt 0.81250 0
vt 0.43750 0
vt 0.43750 0
vt 0.12500 0.01272
vt 0.06250 0
vt 0 0.01302
vt 0.06250 0.02575
vt 0.06250 0.01287
vt 0.25000 0.01251
vt 0.18750 0
vt 0.12500 0.01272
vt 0.18750 0.02523
vt 0.18750 0.01261
vt 0.12500 0.07522
vt 0.18750 0.12500
vt 0.25000 0.07501
vt 0.18750 0.02523
vt 0.18750 0.07511
vt 0.37500 0.01251
vt 0.31250 0
vt 0.25000 0.01251
vt 0.31250 0.02501
vt 0.31250 0.01251
vt 0.25000 0.07501
vt 0.31250 0.12500
vt 0.37500 0.07501
vt 0.31250 0.02501
vt 0.31250 0.07500
vt 0.50000 0.01272
vt 0.43750 0
vt 0.37500 0.01251
vt 0.43750 0.02523
vt 0.43750 0.01261
vt 0.37500 0.07501
vt 0.43750 0.12500
vt 0.50000 0.07522
vt 0.43750 0.02523
vt 0.43750 0.07511
vt 0.62500 0.01302
vt 0.56250 0
vt 0.50000 0.01272
vt 0.56250 0.02575
vt 0.56250 0.01287
vt 0.75000 0.01324
vt 0.68750 0
vt 0.62500 0.01302
vt 0.68750 0.02627
vt 0.68750 0.01313
vt 0.87500 0.01324
vt 0.81250 0
vt 0.75000 0.01324
vt 0.81250 0.02649
vt 0.81250 0.01324
vt 1 0.01302
vt 0.93750 0
vt 0.87500 0.01324
vt 0.93750 0.02627
vt 0.93750 0.01313
vt 1 0.50000
vt 1 0.75000
vt 1 1
vt 1 0.75000
vt 1 0.75000
vt 1 0.75000
vt 1 1
vt 1 0.75000
vt 1 0.50000
vt 1 0.75000
vt 1 0.50000
vt 1 0.25000
vt 1 0
vt 1 0.25000
vt 1 0.25000
vt 1 0.25000
vt 1 0
vt 1 0.25000
vt 1 0.50000
vt 1 0.25000
vt 0 0.37500
vt 0 0.31250
vt 0 0.25000
vt 0 0.31250
vt 0 0.31250
vt 0 0.31250
vt 0 0.25000
vt 0 0.31250
vt 0 0.37500
vt 0 0.31250
vt 0 0.37500
vt 0 0.43750
vt 0 0.50000
vt 0 0.43750
vt 0 0.43750
vt 0 0.43750
vt 0 0.50000
vt 0 0.43750
vt 0 0.37500
vt 0 0.43750
vt 0 0.62500
vt 0 0.56250
vt 0 0.50000
vt 0 0.56250
vt 0 0.56250
vt 0 0.56250
vt 0 0.50000
vt 0 0.56250
vt 0 0.62500
vt 0 0.56250
vt 0 0.62500
vt 0 0.68750
vt 0 0.75000
vt 0 0.68750
vt 0 0.68750
vt 0 0.68750
vt 0 0.75000
vt 0 0.68750
vt 0 0.62500
vt 0 0.68750
vt 0 0.87500
vt 0 0.81250
vt 0 0.75000
vt 0 0.81250
vt 0 0.81250
vt 0 0.81250
vt 0 0.75000
vt 0 0.81250
vt 0 0.87500
vt 0 0.81250
vt 0 0.87500
vt 0 0.93750
vt 0 1
vt 0 0.93750
vt 0 0.93750
vt 0 0.93750
vt 0 1
vt 0 0.93750
vt 0 0.87500
vt 0 0.93750
vt 0.62500 0.37500
vt 0.62500 0.43750
vt 0.62500 0.50000
vt 0.62500 0.43750
vt 0.62500 0.43750
vt 0.62500 0.43750
vt 0.62500 0.50000
vt 0.62500 0.43750
vt 0.62500 0.37500
vt 0.62500 0.43750
vt 0.62500 0.37500
vt 0.62500 0.31250
vt 0.62500 0.25000
vt 0.62500 0.31250
vt 0.62500 0.31250
vt 0.62500 0.31250
vt 0.62500 0.25000
vt 0.62500 0.31250
vt 0.62500 0.37500
vt 0.62500 0.31250
vt 0.62500 0.62500
vt 0.62500 0.68750
vt 0.62500 0.75000
vt 0.62500 0.68750
vt 0.62500 0.68750
vt 0.62500 0.68750
vt 0.62500 0.75000
vt 0.62500 0.68750
vt 0.62500 0.62500
vt 0.62500 0.68750
vt 0.62500 0.62500
vt 0.62500 0.56250
vt 0.62500 0.50000
vt 0.62500 0.56250
vt 0.62500 0.56250
vt 0.62500 0.56250
vt 0.62500 0.50000
vt 0.62500 0.56250
vt 0.62500 0.62500
vt 0.62500 0.56250
vt 0.62500 0.87500
vt 0.62500 0.93750
vt 0.62500 1
vt 0.62500 0.93750
vt 0.62500 0.93750
vt 0.62500 0.93750
vt 0.62500 1
vt 0.62500 0.93750
vt 0.62500 0.87500
vt 0.62500 0.93750
vt 0.62500 0.87500
vt 0.62500 0.81250
vt 0.62500 0.75000
vt 0.62500 0.81250
vt 0.62500 0.81250
vt 0.62500 0.81250
vt 0.62500 0.75000
vt 0.62500 0.81250
vt 0.62500 0.87500
vt 0.62500 0.81250
vt 0.71875 0.37500
vt 0.75000 0.31250
vt 0.71875 0.25000
vt 0.68750 0.31250
vt 0.71875 0.31250
vt 0.68750 0.31250
vt 0.65625 0.25000
vt 0.62500 0.31250
vt 0.65625 0.37500
vt 0.65625 0.31250
vt 0.65625 0.37500
vt 0.62500 0.43750
vt 0.65625 0.50000
vt 0.68750 0.43750
vt 0.65625 0.43750
vt 0.68750 0.43750
vt 0.71875 0.50000
vt 0.75000 0.43750
vt 0.71875 0.37500
vt 0.71875 0.43750
vt 0.71875 0.37500
vt 0.75000 0.43750
vt 0.71875 0.50000
vt 0.68750 0.43750
vt 0.71875 0.43750
vt 0.68750 0.43750
vt 0.65625 0.50000
vt 0.62500 0.43750
vt 0.65625 0.37500
vt 0.65625 0.43750
vt 0.65625 0.37500
vt 0.62500 0.31250
vt 0.65625 0.25000
vt 0.68750 0.31250
vt 0.65625 0.31250
vt 0.68750 0.31250
vt 0.71875 0.25000
vt 0.75000 0.31250
vt 0.71875 0.37500
vt 0.71875 0.31250
vt 0.71875 0.62500
vt 0.75000 0.56250
vt 0.71875 0.50000
vt 0.68750 0.56250
vt 0.71875 0.56250
vt 0.68750 0.56250
vt 0.65625 0.50000
vt 0.62500 0.56250
vt 0.65625 0.62500
vt 0.65625 0.56250
vt 0.65625 0.62500
vt 0.62500 0.68750
vt 0.65625 0.75000
vt 0.68750 0.68750
vt 0.65625 0.68750
vt 0.68750 0.68750
vt 0.71875 0.75000
vt 0.75000 0.68750
vt 0.71875 0.62500
vt 0.71875 0.68750
vt 0.71875 0.62500
vt 0.75000 0.68750
vt 0.71875 0.75000
vt 0.68750 0.68750
vt 0.71875 0.68750
vt 0.68750 0.68750
vt 0.65625 0.75000
vt 0.62500 0.68750
vt 0.65625 0.62500
vt 0.65625 0.68750
vt 0.65625 0.62500
vt 0.62500 0.56250
vt 0.65625 0.50000
vt 0.68750 0.56250
vt 0.65625 0.56250
vt 0.68750 0.56250
vt 0.71875 0.50000
vt 0.75000 0.56250
vt 0.71875 0.62500
vt 0.71875 0.56250
vt 0.71875 0.87500
vt 0.75000 0.81250
vt 0.71875 0.75000
vt 0.68750 0.81250
vt 0.71875 0.81250
vt 0.68750 0.81250
vt 0.65625 0.75000
vt 0.62500 0.81250
vt 0.65625 0.87500
vt 0.65625 0.81250
vt 0.65625 0.87500
vt 0.62500 0.93750
vt 0.65625 1
vt 0.68750 0.93750
vt 0.65625 0.93750
vt 0.68750 0.93750
vt 0.71875 1
vt 0.75000 0.93750
vt 0.71875 0.87500
vt 0.71875 0.93750
vt 0.71875 0.87500
vt 0.75000 0.93750
vt 0.71875 1
vt 0.68750 0.93750
vt 0.71875 0.93750
vt 0.68750 0.93750
vt 0.65625 1
vt 0.62500 0.93750
vt 0.65625 0.87500
vt 0.65625 0.93750
vt 0.65625 0.87500
vt 0.62500 0.81250
vt 0.65625 0.75000
vt 0.68750 0.81250
vt 0.65625 0.81250
vt 0.68750 0.81250
vt 0.71875 0.75000
vt 0.75000 0.81250
vt 0.71875 0.87500
vt 0.71875 0.81250
vt 0.84375 0.37500
vt 0.87500 0.31250
vt 0.84375 0.25000
vt 0.81250 0.31250
vt 0.84375 0.31250
vt 0.81250 0.31250
vt 0.78125 0.25000
vt 0.75000 0.31250
vt 0.78125 0.37500
vt 0.78125 0.31250
vt 0.78125 0.37500
vt 0.75000 0.43750
vt 0.78125 0.50000
vt 0.81250 0.43750
vt 0.78125 0.43750
vt 0.81250 0.43750
vt 0.84375 0.50000
vt 0.87500 0.43750
vt 0.84375 0.37500
vt 0.84375 0.43750
vt 0.84375 0.37500
vt 0.87500 0.43750
vt 0.84375 0.50000
vt 0.81250 0.43750
vt 0.84375 0.43750
vt 0.81250 0.43750
vt 0.78125 0.50000
vt 0.75000 0.43750
vt 0.78125 0.37500
vt 0.78125 0.43750
vt 0.78125 0.37500
vt 0.75000 0.31250
vt 0.78125 0.25000
vt 0.81250 0.31250
vt 0.78125 0.31250
vt 0.81250 0.31250
vt 0.84375 0.25000
vt 0.87500 0.31250
vt 0.84375 0.37500
vt 0.84375 0.31250
vt 0.84375 0.62500
vt 0.87500 0.56250
vt 0.84375 0.50000
vt 0.81250 0.56250
vt 0.84375 0.56250
vt 0.81250 0.56250
vt 0.78125 0.50000
vt 0.75000 0.56250
vt 0.78125 0.62500
vt 0.78125 0.56250
vt 0.78125 0.62500
vt 0.75000 0.68750
vt 0.78125 0.75000
vt 0.81250 0.68750
vt 0.78125 0.68750
vt 0.81250 0.68750
vt 0.84375 0.75000
vt 0.87500 0.68750
vt 0.84375 0.62500
vt 0.84375 0.68750
vt 0.84375 0.62500
vt 0.87500 0.68750
vt 0.84375 0.75000
vt 0.81250 0.68750
vt 0.84375 0.68750
vt 0.81250 0.68750
vt 0.78125 0.75000
vt 0.75000 0.68750
vt 0.78125 0.62500
vt 0.78125 0.68750
vt 0.78125 0.62500
vt 0.75000 0.56250
vt 0.78125 0.50000
vt 0.81250 0.56250
vt 0.78125 0.56250
vt 0.81250 0.56250
vt 0.84375 0.50000
vt 0.87500 0.56250
vt 0.84375 0.62500
vt 0.84375 0.56250
vt 0.84375 0.87500
vt 0.87500 0.81250
vt 0.84375 0.75000
vt 0.81250 0.81250
vt 0.84375 0.81250
vt 0.81250 0.81250
vt 0.78125 0.75000
vt 0.75000 0.81250
vt 0.78125 0.87500
vt 0.78125 0.81250
vt 0.78125 0.87500
vt 0.75000 0.93750
vt 0.78125 1
vt 0.81250 0.93750
vt 0.78125 0.93750
vt 0.81250 0.93750
vt 0.84375 1
vt 0.87500 0.93750
vt 0.84375 0.87500
vt 0.84375 0.93750
vt 0.84375 0.87500
vt 0.87500 0.93750
vt 0.84375 1
vt 0.81250 0.93750
vt 0.84375 0.93750
vt 0.81250 0.93750
vt 0.78125 1
vt 0.75000 0.93750
vt 0.78125 0.87500
vt 0.78125 0.93750
vt 0.78125 0.87500
vt 0.75000 0.81250
vt 0.78125 0.75000
vt 0.81250 0.81250
vt 0.78125 0.81250
vt 0.81250 0.81250
vt 0.84375 0.75000
vt 0.87500 0.81250
vt 0.84375 0.87500
vt 0.84375 0.81250
vt 0.96875 0.37500
vt 1 0.31250
vt 0.96875 0.25000
vt 0.93750 0.31250
vt 0.96875 0.31250
vt 0.93750 0.31250
vt 0.90625 0.25000
vt 0.87500 0.31250
vt 0.90625 0.37500
vt 0.90625 0.31250
vt 0.90625 0.37500
vt 0.87500 0.43750
vt 0.90625 0.50000
vt 0.93750 0.43750
vt 0.90625 0.43750
vt 0.93750 0.43750
vt 0.96875 0.50000
vt 1 0.43750
vt 0.96875 0.37500
vt 0.96875 0.43750
vt 0.96875 0.37500
vt 1 0.43750
vt 0.96875 0.50000
vt 0.93750 0.43750
vt 0.96875 0.43750
vt 0.93750 0.43750
vt 0.90625 0.50000
vt 0.87500 0.43750
vt 0.90625 0.37500
vt 0.90625 0.43750
vt 0.90625 0.37500
vt 0.87500 0.31250
vt 0.90625 0.25000
vt 0.93750 0.31250
vt 0.90625 0.31250
vt 0.93750 0.31250
vt 0.96875 0.25000
vt 1 0.31250
vt 0.96875 0.37500
vt 0.96875 0.31250
vt 0.96875 0.62500
vt 1 0.56250
vt 0.96875 0.50000
vt 0.93750 0.56250
vt 0.96875 0.56250
vt 0.93750 0.56250
vt 0.90625 0.50000
vt 0.87500 0.56250
vt 0.90625 0.62500
vt 0.90625 0.56250
vt 0.90625 0.62500
vt 0.87500 0.68750
vt 0.90625 0.75000
vt 0.93750 0.68750
vt 0.90625 0.68750
vt 0.93750 0.68750
vt 0.96875 0.75000
vt 1 0.68750
vt 0.96875 0.62500
vt 0.96875 0.68750
vt 0.96875 0.62500
vt 1 0.68750
vt 0.96875 0.75000
vt 0.93750 0.68750
vt 0.96875 0.68750
vt 0.93750 0.68750
vt 0.90625 0.75000
vt 0.87500 0.68750
vt 0.90625 0.62500
vt 0.90625 0.68750
vt 0.90625 0.62500
vt 0.87500 0.56250
vt 0.90625 0.50000
vt 0.93750 0.56250
vt 0.90625 0.56250
vt 0.93750 0.56250
vt 0.96875 0.50000
vt 1 0.56250
vt 0.96875 0.62500
vt 0.96875 0.56250
vt 0.96875 0.87500
vt 1 0.81250
vt 0.96875 0.75000
vt 0.93750 0.81250
vt 0.96875 0.81250
vt 0.93750 0.81250
vt 0.90625 0.75000
vt 0.87500 0.81250
vt 0.90625 0.87500
vt 0.90625 0.81250
vt 0.90625 0.87500
vt 0.87500 0.93750
vt 0.90625 1
vt 0.93750 0.93750
vt 0.90625 0.93750
vt 0.93750 0.93750
vt 0.96875 1
vt 1 0.93750
vt 0.96875 0.87500
vt 0.96875 0.93750
vt 0.96875 0.87500
vt 1 0.93750
vt 0.96875 1
vt 0.93750 0.93750
vt 0.96875 0.93750
vt 0.93750 0.93750
vt 0.90625 1
vt 0.87500 0.93750
vt 0.90625 0.87500
vt 0.90625 0.93750
vt 0.90625 0.87500
vt 0.87500 0.81250
vt 0.90625 0.75000
vt 0.93750 0.81250
vt 0.90625 0.81250
vt 0.93750 0.81250
vt 0.96875 0.75000
vt 1 0.81250
vt 0.96875 0.87500
vt 0.96875 0.81250
vt 0.50000 1
vt 0.75000 1
vt 1 1
vt 0.75000 1
vt 0.75000 1
vt 0.75000 1
vt 1 1
vt 0.75000 1
vt 0.50000 1
vt 0.75000 1
vt 0.50000 1
vt 0.25000 1
vt 0 1
vt 0.25000 1
vt 0.25000 1
vt 0.25000 1
vt 0 1
vt 0.25000 1
vt 0.50000 1
vt 0.25000 1
vt 0.80000 0.65000
vt 1 0.67857
vt 1 0.42857
vt 0.80000 0.40000
vt 0.90000 0.53929
vt 0.80000 0.40000
vt 1 0.14286
vt 0.75000 0
vt 0.55000 0.25714
vt 0.77500 0.20000
vt 0.55000 0.25714
vt 0.25000 0
vt 0 0.25000
vt 0.30000 0.50714
vt 0.27500 0.25357
vt 0.30000 0.50714
vt 0 0.75000
vt 0.25000 1
vt 0.55000 0.75714
vt 0.27500 0.75357
vt 0.55000 0.75714
vt 0.75000 1
vt 1 0.89286
vt 0.80000 0.65000
vt 0.77500 0.82500
vt 0.80000 0.65000
vt 1 0.89286
vt 0.75000 1
vt 0.55000 0.75714
vt 0.77500 0.82500
vt 0.55000 0.75714
vt 0.25000 1
vt 0 0.75000
vt 0.30000 0.50714
vt 0.27500 0.75357
vt 0.30000 0.50714
vt 0 0.25000
vt 0.25000 0
vt 0.55000 0.25714
vt 0.27500 0.25357
vt 0.55000 0.25714
vt 0.75000 0
vt 1 0.14286
vt 0.80000 0.40000
vt 0.77500 0.20000
vt 0.80000 0.40000
vt 1 0.42857
vt 1 0.67857
vt 0.80000 0.65000
vt 0.90000 0.53929
vt 1 0.28572
vt 1 0.14286
vt 1 0
vt 1 0.14286
vt 1 0.14286
vt 1 0.14286
vt 1 0
vt 1 0.14286
vt 1 0.28572
vt 1 0.14286
vt 1 0.28572
vt 1 0.42857
vt 1 0.57143
vt 1 0.42857
vt 1 0.42857
vt 1 0.42857
vt 1 0.57143
vt 1 0.42857
vt 1 0.28572
vt 1 0.42857
vt 0.09375 0.56250
vt 0.12500 0.53125
vt 0.09375 0.50000
vt 0.06250 0.53125
vt 0.09375 0.53125
vt 0.06250 0.53125
vt 0.03125 0.50000
vt 0 0.53125
vt 0.03125 0.56250
vt 0.03125 0.53125
vt 0.03125 0.56250
vt 0 0.59375
vt 0.03125 0.62500
vt 0.06250 0.59375
vt 0.03125 0.59375
vt 0.06250 0.59375
vt 0.09375 0.62500
vt 0.12500 0.59375
vt 0.09375 0.56250
vt 0.09375 0.59375
vt 0.09375 0.68750
vt 0.12500 0.65625
vt 0.09375 0.62500
vt 0.06250 0.65625
vt 0.09375 0.65625
vt 0.06250 0.65625
vt 0.03125 0.62500
vt 0 0.65625
vt 0.03125 0.68750
vt 0.03125 0.65625
vt 0.03125 0.68750
vt 0 0.71875
vt 0.03125 0.75000
vt 0.06250 0.71875
vt 0.03125 0.71875
vt 0.06250 0.71875
vt 0.09375 0.75000
vt 0.12500 0.71875
vt 0.09375 0.68750
vt 0.09375 0.71875
vt 0.21875 0.56250
vt 0.25000 0.53125
vt 0.21875 0.50000
vt 0.18750 0.53125
vt 0.21875 0.53125
vt 0.18750 0.53125
vt 0.15625 0.50000
vt 0.12500 0.53125
vt 0.15625 0.56250
vt 0.15625 0.53125
vt 0.15625 0.56250
vt 0.12500 0.59375
vt 0.15625 0.62500
vt 0.18750 0.59375
vt 0.15625 0.59375
vt 0.18750 0.59375
vt 0.21875 0.62500
vt 0.25000 0.59375
vt 0.21875 0.56250
vt 0.21875 0.59375
vt 0.21875 0.68750
vt 0.25000 0.65625
vt 0.21875 0.62500
vt 0.18750 0.65625
vt 0.21875 0.65625
vt 0.18750 0.65625
vt 0.15625 0.62500
vt 0.12500 0.65625
vt 0.15625 0.68750
vt 0.15625 0.65625
vt 0.15625 0.68750
vt 0.12500 0.71875
vt 0.15625 0.75000
vt 0.18750 0.71875
vt 0.15625 0.71875
vt 0.18750 0.71875
vt 0.21875 0.75000
vt 0.25000 0.71875
vt 0.21875 0.68750
vt 0.21875 0.71875
vt 0.34375 0.56250
vt 0.37500 0.53125
vt 0.34375 0.50000
vt 0.31250 0.53125
vt 0.34375 0.53125
vt 0.31250 0.53125
vt 0.28125 0.50000
vt 0.25000 0.53125
vt 0.28125 0.56250
vt 0.28125 0.53125
vt 0.28125 0.56250
vt 0.25000 0.59375
vt 0.28125 0.62500
vt 0.31250 0.59375
vt 0.28125 0.59375
vt 0.31250 0.59375
vt 0.34375 0.62500
vt 0.37500 0.59375
vt 0.34375 0.56250
vt 0.34375 0.59375
vt 0.34375 0.68750
vt 0.37500 0.65625
vt 0.34375 0.62500
vt 0.31250 0.65625
vt 0.34375 0.65625
vt 0.31250 0.65625
vt 0.28125 0.62500
vt 0.25000 0.65625
vt 0.28125 0.68750
vt 0.28125 0.65625
vt 0.28125 0.68750
vt 0.25000 0.71875
vt 0.28125 0.75000
vt 0.31250 0.71875
vt 0.28125 0.71875
vt 0.31250 0.71875
vt 0.34375 0.75000
vt 0.37500 0.71875
vt 0.34375 0.68750
vt 0.34375 0.71875
vt 0.46875 0.56250
vt 0.50000 0.53125
vt 0.46875 0.50000
vt 0.43750 0.53125
vt 0.46875 0.53125
vt 0.43750 0.53125
vt 0.40625 0.50000
vt 0.37500 0.53125
vt 0.40625 0.56250
vt 0.40625 0.53125
vt 0.40625 0.56250
vt 0.37500 0.59375
vt 0.40625 0.62500
vt 0.43750 0.59375
vt 0.40625 0.59375
vt 0.43750 0.59375
vt 0.46875 0.62500
vt 0.50000 0.59375
vt 0.46875 0.56250
vt 0.46875 0.59375
vt 0.46875 0.68750
vt 0.50000 0.65625
vt 0.46875 0.62500
vt 0.43750 0.65625
vt 0.46875 0.65625
vt 0.43750 0.65625
vt 0.40625 0.62500
vt 0.37500 0.65625
vt 0.40625 0.68750
vt 0.40625 0.65625
vt 0.40625 0.68750
vt 0.37500 0.71875
vt 0.40625 0.75000
vt 0.43750 0.71875
vt 0.40625 0.71875
vt 0.43750 0.71875
vt 0.46875 0.75000
vt 0.50000 0.71875
vt 0.46875 0.68750
vt 0.46875 0.71875
vt 0.59375 0.56250
vt 0.62500 0.53125
vt 0.59375 0.50000
vt 0.56250 0.53125
vt 0.59375 0.53125
vt 0.56250 0.53125
vt 0.53125 0.50000
vt 0.50000 0.53125
vt 0.53125 0.56250
vt 0.53125 0.53125
vt 0.53125 0.56250
vt 0.50000 0.59375
vt 0.53125 0.62500
vt 0.56250 0.59375
vt 0.53125 0.59375
vt 0.56250 0.59375
vt 0.59375 0.62500
vt 0.62500 0.59375
vt 0.59375 0.56250
vt 0.59375 0.59375
vt 0.59375 0.68750
vt 0.62500 0.65625
vt 0.59375 0.62500
vt 0.56250 0.65625
vt 0.59375 0.65625
vt 0.56250 0.65625
vt 0.53125 0.62500
vt 0.50000 0.65625
vt 0.53125 0.68750
vt 0.53125 0.65625
vt 0.53125 0.68750
vt 0.50000 0.71875
vt 0.53125 0.75000
vt 0.56250 0.71875
vt 0.53125 0.71875
vt 0.56250 0.71875
vt 0.59375 0.75000
vt 0.62500 0.71875
vt 0.59375 0.68750
vt 0.59375 0.71875
vt 0.71875 0.43750
vt 0.75000 0.40625
vt 0.71875 0.37500
vt 0.68750 0.40625
vt 0.71875 0.40625
vt 0.68750 0.40625
vt 0.65625 0.37500
vt 0.62500 0.40625
vt 0.65625 0.43750
vt 0.65625 0.40625
vt 0.65625 0.43750
vt 0.62500 0.46875
vt 0.65625 0.50000
vt 0.68750 0.46875
vt 0.65625 0.46875
vt 0.68750 0.46875
vt 0.71875 0.50000
vt 0.75000 0.46875
vt 0.71875 0.43750
vt 0.71875 0.46875
vt 0.71875 0.56250
vt 0.75000 0.53125
vt 0.71875 0.50000
vt 0.68750 0.53125
vt 0.71875 0.53125
vt 0.68750 0.53125
vt 0.65625 0.50000
vt 0.62500 0.53125
vt 0.65625 0.56250
vt 0.65625 0.53125
vt 0.65625 0.56250
vt 0.62500 0.59375
vt 0.65625 0.62500
vt 0.68750 0.59375
vt 0.65625 0.59375
vt 0.68750 0.59375
vt 0.71875 0.62500
vt 0.75000 0.59375
vt 0.71875 0.56250
vt 0.71875 0.59375
vt 0.71875 0.68750
vt 0.75000 0.65625
vt 0.71875 0.62500
vt 0.68750 0.65625
vt 0.71875 0.65625
vt 0.68750 0.65625
vt 0.65625 0.62500
vt 0.62500 0.65625
vt 0.65625 0.68750
vt 0.65625 0.65625
vt 0.65625 0.68750
vt 0.62500 0.71875
vt 0.65625 0.75000
vt 0.68750 0.71875
vt 0.65625 0.71875
vt 0.68750 0.71875
vt 0.71875 0.75000
vt 0.75000 0.71875
vt 0.71875 0.68750
vt 0.71875 0.71875
vt 0.84375 0.43750
vt 0.87500 0.40625
vt 0.84375 0.37500
vt 0.81250 0.40625
vt 0.84375 0.40625
vt 0.81250 0.40625
vt 0.78125 0.37500
vt 0.75000 0.40625
vt 0.78125 0.43750
vt 0.78125 0.40625
vt 0.78125 0.43750
vt 0.75000 0.46875
vt 0.78125 0.50000
vt 0.81250 0.46875
vt 0.78125 0.46875
vt 0.81250 0.46875
vt 0.84375 0.50000
vt 0.87500 0.46875
vt 0.84375 0.43750
vt 0.84375 0.46875
vt 0.84375 0.56250
vt 0.87500 0.53125
vt 0.84375 0.50000
vt 0.81250 0.53125
vt 0.84375 0.53125
vt 0.81250 0.53125
vt 0.78125 0.50000
vt 0.75000 0.53125
vt 0.78125 0.56250
vt 0.78125 0.53125
vt 0.78125 0.56250
vt 0.75000 0.59375
vt 0.78125 0.62500
vt 0.81250 0.59375
vt 0.78125 0.59375
vt 0.81250 0.59375
vt 0.84375 0.62500
vt 0.87500 0.59375
vt 0.84375 0.56250
vt 0.84375 0.59375
vt 0.84375 0.68750
vt 0.87500 0.65625
vt 0.84375 0.62500
vt 0.81250 0.65625
vt 0.84375 0.65625
vt 0.81250 0.65625
vt 0.78125 0.62500
vt 0.75000 0.65625
vt 0.78125 0.68750
vt 0.78125 0.65625
vt 0.78125 0.68750
vt 0.75000 0.71875
vt 0.78125 0.75000
vt 0.81250 0.71875
vt 0.78125 0.71875
vt 0.81250 0.71875
vt 0.84375 0.75000
vt 0.87500 0.71875
vt 0.84375 0.68750
vt 0.84375 0.71875
vt 0.96875 0.43750
vt 1 0.40625
vt 0.96875 0.37500
vt 0.93750 0.40625
vt 0.96875 0.40625
vt 0.93750 0.40625
vt 0.90625 0.37500
vt 0.87500 0.40625
vt 0.90625 0.43750
vt 0.90625 0.40625
vt 0.90625 0.43750
vt 0.87500 0.46875
vt 0.90625 0.50000
vt 0.93750 0.46875
vt 0.90625 0.46875
vt 0.93750 0.46875
vt 0.96875 0.50000
vt 1 0.46875
vt 0.96875 0.43750
vt 0.96875 0.46875
vt 0.96875 0.56250
vt 1 0.53125
vt 0.96875 0.50000
vt 0.93750 0.53125
vt 0.96875 0.53125
vt 0.93750 0.53125
vt 0.90625 0.50000
vt 0.87500 0.53125
vt 0.90625 0.56250
vt 0.90625 0.53125
vt 0.90625 0.56250
vt 0.87500 0.59375
vt 0.90625 0.62500
vt 0.93750 0.59375
vt 0.90625 0.59375
vt 0.93750 0.59375
vt 0.96875 0.62500
vt 1 0.59375
vt 0.96875 0.56250
vt 0.96875 0.59375
vt 0.96875 0.68750
vt 1 0.65625
vt 0.96875 0.62500
vt 0.93750 0.65625
vt 0.96875 0.65625
vt 0.93750 0.65625
vt 0.90625 0.62500
vt 0.87500 0.65625
vt 0.90625 0.68750
vt 0.90625 0.65625
vt 0.90625 0.68750
vt 0.87500 0.71875
vt 0.90625 0.75000
vt 0.93750 0.71875
vt 0.90625 0.71875
vt 0.93750 0.71875
vt 0.96875 0.75000
vt 1 0.71875
vt 0.96875 0.68750
vt 0.96875 0.71875
vt 0.43750 0
vt 0.21875 0
vt 0.03125 0
vt 0.25000 0
vt 0.23438 0
vt 0.25000 0
vt 0.09375 0
vt 0.15625 0
vt 0.31250 0
vt 0.20313 0
vt 0.31250 0
vt 0.21875 0
vt 0.28125 0
vt 0.37500 0
vt 0.29688 0
vt 0.37500 0
vt 0.34375 0
vt 0.40625 0
vt 0.43750 0
vt 0.39063 0
vt 0.43750 0
vt 0.46875 0
vt 0.53125 0
vt 0.50000 0
vt 0.48438 0
vt 0.50000 0
vt 0.59375 0
vt 0.65625 0
vt 0.56250 0
vt 0.57813 0
vt 0.56250 0
vt 0.71875 0
vt 0.78125 0
vt 0.62500 0
vt 0.67188 0
vt 0.62500 0
vt 0.84375 0
vt 0.65625 0
vt 0.43750 0
vt 0.64063 0
vt 0.06250 0.01931
vt 0.09375 0.02559
vt 0.12500 0.01908
vt 0.09375 0.01280
vt 0.09375 0.01919
vt 0.09375 0.01280
vt 0.12500 0.00636
vt 0.09375 0
vt 0.06250 0.00644
vt 0.09375 0.00640
vt 0.06250 0.00644
vt 0.03125 0
vt 0 0.00651
vt 0.03125 0.01295
vt 0.03125 0.00647
vt 0.03125 0.01295
vt 0 0.01954
vt 0.03125 0.02590
vt 0.06250 0.01931
vt 0.03125 0.01942
vt 0.18750 0.01892
vt 0.21875 0.02512
vt 0.25000 0.01876
vt 0.21875 0.01256
vt 0.21875 0.01884
vt 0.21875 0.01256
vt 0.25000 0.00625
vt 0.21875 0
vt 0.18750 0.00631
vt 0.21875 0.00628
vt 0.18750 0.00631
vt 0.15625 0
vt 0.12500 0.00636
vt 0.15625 0.01267
vt 0.15625 0.00633
vt 0.15625 0.01267
vt 0.12500 0.01908
vt 0.15625 0.02533
vt 0.18750 0.01892
vt 0.15625 0.01900
vt 0.18750 0.05017
vt 0.15625 0.02533
vt 0.12500 0.05033
vt 0.15625 0.07517
vt 0.15625 0.05025
vt 0.15625 0.07517
vt 0.12500 0.10011
vt 0.15625 0.12500
vt 0.18750 0.10006
vt 0.15625 0.10008
vt 0.18750 0.10006
vt 0.21875 0.12500
vt 0.25000 0.10000
vt 0.21875 0.07506
vt 0.21875 0.10003
vt 0.21875 0.07506
vt 0.25000 0.05001
vt 0.21875 0.02512
vt 0.18750 0.05017
vt 0.21875 0.05009
vt 0.31250 0.01876
vt 0.34375 0.02501
vt 0.37500 0.01876
vt 0.34375 0.01251
vt 0.34375 0.01876
vt 0.34375 0.01251
vt 0.37500 0.00625
vt 0.34375 0
vt 0.31250 0.00625
vt 0.34375 0.00625
vt 0.31250 0.00625
vt 0.28125 0
vt 0.25000 0.00625
vt 0.28125 0.01251
vt 0.28125 0.00625
vt 0.28125 0.01251
vt 0.25000 0.01876
vt 0.28125 0.02501
vt 0.31250 0.01876
vt 0.28125 0.01876
vt 0.31250 0.05001
vt 0.28125 0.02501
vt 0.25000 0.05001
vt 0.28125 0.07500
vt 0.28125 0.05001
vt 0.28125 0.07500
vt 0.25000 0.10000
vt 0.28125 0.12500
vt 0.31250 0.10000
vt 0.28125 0.10000
vt 0.31250 0.10000
vt 0.34375 0.12500
vt 0.37500 0.10000
vt 0.34375 0.07500
vt 0.34375 0.10000
vt 0.34375 0.07500
vt 0.37500 0.05001
vt 0.34375 0.02501
vt 0.31250 0.05001
vt 0.34375 0.05001
vt 0.43750 0.01892
vt 0.46875 0.02533
vt 0.50000 0.01908
vt 0.46875 0.01267
vt 0.46875 0.01900
vt 0.46875 0.01267
vt 0.50000 0.00636
vt 0.46875 0
vt 0.43750 0.00631
vt 0.46875 0.00633
vt 0.43750 0.00631
vt 0.40625 0
vt 0.37500 0.00625
vt 0.40625 0.01256
vt 0.40625 0.00628
vt 0.40625 0.01256
vt 0.37500 0.01876
vt 0.40625 0.02512
vt 0.43750 0.01892
vt 0.40625 0.01884
vt 0.43750 0.05017
vt 0.40625 0.02512
vt 0.37500 0.05001
vt 0.40625 0.07506
vt 0.40625 0.05009
vt 0.40625 0.07506
vt 0.37500 0.10000
vt 0.40625 0.12500
vt 0.43750 0.10006
vt 0.40625 0.10003
vt 0.43750 0.10006
vt 0.46875 0.12500
vt 0.50000 0.10011
vt 0.46875 0.07517
vt 0.46875 0.10008
vt 0.46875 0.07517
vt 0.50000 0.05033
vt 0.46875 0.02533
vt 0.43750 0.05017
vt 0.46875 0.05025
vt 0.56250 0.01931
vt 0.59375 0.02590
vt 0.62500 0.01954
vt 0.59375 0.01295
vt 0.59375 0.01942
vt 0.59375 0.01295
vt 0.62500 0.00651
vt 0.59375 0
vt 0.56250 0.00644
vt 0.59375 0.00647
vt 0.56250 0.00644
vt 0.53125 0
vt 0.50000 0.00636
vt 0.53125 0.01280
vt 0.53125 0.00640
vt 0.53125 0.01280
vt 0.50000 0.01908
vt 0.53125 0.02559
vt 0.56250 0.01931
vt 0.53125 0.01919
vt 0.68750 0.01970
vt 0.71875 0.02638
vt 0.75000 0.01987
vt 0.71875 0.01319
vt 0.71875 0.01978
vt 0.71875 0.01319
vt 0.75000 0.00662
vt 0.71875 0
vt 0.68750 0.00657
vt 0.71875 0.00659
vt 0.68750 0.00657
vt 0.65625 0
vt 0.62500 0.00651
vt 0.65625 0.01308
vt 0.65625 0.00654
vt 0.65625 0.01308
vt 0.62500 0.01954
vt 0.65625 0.02616
vt 0.68750 0.01970
vt 0.65625 0.01962
vt 0.81250 0.01987
vt 0.84375 0.02649
vt 0.87500 0.01987
vt 0.84375 0.01324
vt 0.84375 0.01987
vt 0.84375 0.01324
vt 0.87500 0.00662
vt 0.84375 0
vt 0.81250 0.00662
vt 0.84375 0.00662
vt 0.81250 0.00662
vt 0.78125 0
vt 0.75000 0.00662
vt 0.78125 0.01324
vt 0.78125 0.00662
vt 0.78125 0.01324
vt 0.75000 0.01987
vt 0.78125 0.02649
vt 0.81250 0.01987
vt 0.78125 0.01987
vt 0.93750 0.01970
vt 0.96875 0.02616
vt 1 0.01954
vt 0.96875 0.01308
vt 0.96875 0.01962
vt 0.96875 0.01308
vt 1 0.00651
vt 0.96875 0
vt 0.93750 0.00657
vt 0.96875 0.00654
vt 0.93750 0.00657
vt 0.90625 0
vt 0.87500 0.00662
vt 0.90625 0.01319
vt 0.90625 0.00659
vt 0.90625 0.01319
vt 0.87500 0.01987
vt 0.90625 0.02638
vt 0.93750 0.01970
vt 0.90625 0.01978

# No. faces 2176:

usemtl material01

f 545/395/2721 1633/93/3927 548/398/2724 1/399/2177
f 546/396/2722 1778/92/4074 545/395/2721 1/399/2177
f 547/397/2723 2102/46/4458 546/396/2722 1/399/2177
f 548/398/2724 1775/89/4071 547/397/2723 1/399/2177
f 548/400/2724 1633/93/3927 551/403/2727 2/404/2178
f 549/401/2725 1775/89/4071 548/400/2724 2/404/2178
f 550/402/2726 2101/46/4457 549/401/2725 2/404/2178
f 551/403/2727 1776/90/4072 550/402/2726 2/404/2178
f 551/405/2727 1633/93/3927 554/408/2730 3/409/2179
f 552/406/2728 1776/90/4072 551/405/2727 3/409/2179
f 553/407/2729 2099/45/4455 552/406/2728 3/409/2179
f 554/408/2730 1777/91/4073 553/407/2729 3/409/2179
f 554/410/2730 1633/93/3927 545/413/2721 4/414/2180
f 555/411/2731 1777/91/4073 554/410/2730 4/414/2180
f 556/412/2732 2100/45/4456 555/411/2731 4/414/2180
f 545/413/2721 1778/92/4074 556/412/2732 4/414/2180
f 557/415/2733 1634/98/3928 560/418/2736 5/419/2181
f 558/416/2734 1782/97/4078 557/415/2733 5/419/2181
f 559/417/2735 2104/47/4460 558/416/2734 5/419/2181
f 560/418/2736 1779/94/4075 559/417/2735 5/419/2181
f 560/420/2736 1634/98/3928 563/423/2739 6/424/2182
f 561/421/2737 1779/94/4075 560/420/2736 6/424/2182
f 562/422/2738 2103/47/4459 561/421/2737 6/424/2182
f 563/423/2739 1780/95/4076 562/422/2738 6/424/2182
f 563/425/2739 1634/98/3928 566/428/2742 7/429/2183
f 564/426/2740 1780/95/4076 563/425/2739 7/429/2183
f 565/427/2741 2105/48/4461 564/426/2740 7/429/2183
f 566/428/2742 1781/96/4077 565/427/2741 7/429/2183
f 566/430/2742 1634/98/3928 557/433/2733 8/434/2184
f 567/431/2743 1781/96/4077 566/430/2742 8/434/2184
f 568/432/2744 2106/48/4462 567/431/2743 8/434/2184
f 557/433/2733 1782/97/4078 568/432/2744 8/434/2184
f 569/435/2745 1635/103/3929 571/438/2747 9/439/2185
f 570/436/2746 1785/102/4082 569/435/2745 9/439/2185
f 567/437/2743 2106/48/4462 570/436/2746 9/439/2185
f 571/438/2747 1781/99/4077 567/437/2743 9/439/2185
f 571/440/2747 1635/103/3929 573/443/2749 10/444/2186
f 565/441/2741 1781/99/4077 571/440/2747 10/444/2186
f 572/442/2748 2105/48/4461 565/441/2741 10/444/2186
f 573/443/2749 1783/100/4079 572/442/2748 10/444/2186
f 573/445/2749 1635/103/3929 576/448/2753 11/449/2187
f 574/446/2750 1783/100/4079 573/445/2749 11/449/2187
f 575/447/2751 2107/49/4463 574/446/2750 11/449/2187
f 576/448/2753 1784/101/4080 575/447/2751 11/449/2187
f 576/450/2753 1635/103/3929 569/453/2745 12/454/2188
f 577/451/2754 1784/101/4080 576/450/2753 12/454/2188
f 578/452/2756 2108/49/4465 577/451/2754 12/454/2188
f 569/453/2745 1785/102/4082 578/452/2756 12/454/2188
f 579/455/2757 1636/108/3930 581/458/2759 13/459/2189
f 580/456/2758 1788/107/4086 579/455/2757 13/459/2189
f 577/457/2755 2108/49/4466 580/456/2758 13/459/2189
f 581/458/2759 1784/104/4081 577/457/2755 13/459/2189
f 581/460/2759 1636/108/3930 583/463/2761 14/464/2190
f 575/461/2752 1784/104/4081 581/460/2759 14/464/2190
f 582/462/2760 2107/49/4464 575/461/2752 14/464/2190
f 583/463/2761 1786/105/4083 582/462/2760 14/464/2190
f 583/465/2761 1636/108/3930 586/468/2765 15/469/2191
f 584/466/2762 1786/105/4083 583/465/2761 15/469/2191
f 585/467/2763 2109/50/4467 584/466/2762 15/469/2191
f 586/468/2765 1787/106/4084 585/467/2763 15/469/2191
f 586/470/2765 1636/108/3930 579/473/2757 16/474/2192
f 587/471/2766 1787/106/4084 586/470/2765 16/474/2192
f 588/472/2768 2110/50/4469 587/471/2766 16/474/2192
f 579/473/2757 1788/107/4086 588/472/2768 16/474/2192
f 589/475/2769 1637/113/3931 592/478/2772 17/479/2193
f 590/476/2770 1792/112/4090 589/475/2769 17/479/2193
f 591/477/2771 2114/52/4474 590/476/2770 17/479/2193
f 592/478/2772 1789/109/4087 591/477/2771 17/479/2193
f 592/480/2772 1637/113/3931 595/483/2775 18/484/2194
f 593/481/2773 1789/109/4087 592/480/2772 18/484/2194
f 594/482/2774 2113/52/4473 593/481/2773 18/484/2194
f 595/483/2775 1790/110/4088 594/482/2774 18/484/2194
f 595/485/2775 1637/113/3931 598/488/2778 19/489/2195
f 596/486/2776 1790/110/4088 595/485/2775 19/489/2195
f 597/487/2777 2111/51/4471 596/486/2776 19/489/2195
f 598/488/2778 1791/111/4089 597/487/2777 19/489/2195
f 598/490/2778 1637/113/3931 589/493/2769 20/494/2196
f 599/491/2779 1791/111/4089 598/490/2778 20/494/2196
f 600/492/2780 2112/51/4472 599/491/2779 20/494/2196
f 589/493/2769 1792/112/4090 600/492/2780 20/494/2196
f 601/495/2781 1638/118/3932 604/498/2785 21/499/2197
f 602/496/2782 1795/117/4094 601/495/2781 21/499/2197
f 603/497/2783 2116/53/4477 602/496/2782 21/499/2197
f 604/498/2785 1793/114/4091 603/497/2783 21/499/2197
f 604/500/2785 1638/118/3932 607/503/2789 22/504/2198
f 605/501/2786 1793/114/4091 604/500/2785 22/504/2198
f 606/502/2788 2115/53/4475 605/501/2786 22/504/2198
f 607/503/2789 1794/115/4093 606/502/2788 22/504/2198
f 607/505/2789 1638/118/3932 609/508/2791 23/509/2199
f 608/506/2790 1794/115/4093 607/505/2789 23/509/2199
f 593/507/2773 2113/52/4473 608/506/2790 23/509/2199
f 609/508/2791 1789/116/4087 593/507/2773 23/509/2199
f 609/510/2791 1638/118/3932 601/513/2781 24/514/2200
f 591/511/2771 1789/116/4087 609/510/2791 24/514/2200
f 610/512/2792 2114/52/4474 591/511/2771 24/514/2200
f 601/513/2781 1795/117/4094 610/512/2792 24/514/2200
f 611/515/2793 1639/123/3933 614/518/2797 25/519/2201
f 612/516/2794 1798/122/4098 611/515/2793 25/519/2201
f 613/517/2795 2118/54/4481 612/516/2794 25/519/2201
f 614/518/2797 1796/119/4095 613/517/2795 25/519/2201
f 614/520/2797 1639/123/3933 617/523/2801 26/524/2202
f 615/521/2798 1796/119/4095 614/520/2797 26/524/2202
f 616/522/2800 2117/54/4479 615/521/2798 26/524/2202
f 617/523/2801 1797/120/4097 616/522/2800 26/524/2202
f 617/525/2801 1639/123/3933 619/528/2803 27/529/2203
f 618/526/2802 1797/120/4097 617/525/2801 27/529/2203
f 605/527/2787 2115/53/4476 618/526/2802 27/529/2203
f 619/528/2803 1793/121/4092 605/527/2787 27/529/2203
f 619/530/2803 1639/123/3933 611/533/2793 28/534/2204
f 603/531/2784 1793/121/4092 619/530/2803 28/534/2204
f 620/532/2804 2116/53/4478 603/531/2784 28/534/2204
f 611/533/2793 1798/122/4098 620/532/2804 28/534/2204
f 621/535/2805 1640/128/3934 624/538/2808 29/539/2205
f 622/536/2806 1801/127/4101 621/535/2805 29/539/2205
f 623/537/2807 2119/55/4483 622/536/2806 29/539/2205
f 624/538/2808 1799/124/4099 623/537/2807 29/539/2205
f 624/540/2808 1640/128/3934 626/543/2810 30/544/2206
f 625/541/2809 1799/124/4099 624/540/2808 30/544/2206
f 596/542/2776 2111/51/4471 625/541/2809 30/544/2206
f 626/543/2810 1790/125/4088 596/542/2776 30/544/2206
f 626/545/2810 1640/128/3934 628/548/2812 31/549/2207
f 594/546/2774 1790/125/4088 626/545/2810 31/549/2207
f 627/547/2811 2113/52/4473 594/546/2774 31/549/2207
f 628/548/2812 1800/126/4100 627/547/2811 31/549/2207
f 628/550/2812 1640/128/3934 621/553/2805 32/554/2208
f 629/551/2813 1800/126/4100 628/550/2812 32/554/2208
f 630/552/2814 2121/56/4485 629/551/2813 32/554/2208
f 621/553/2805 1801/127/4101 630/552/2814 32/554/2208
f 631/555/2815 1641/133/3935 634/558/2818 33/559/2209
f 632/556/2816 1804/132/4104 631/555/2815 33/559/2209
f 633/557/2817 2122/56/4486 632/556/2816 33/559/2209
f 634/558/2818 1802/129/4102 633/557/2817 33/559/2209
f 634/560/2818 1641/133/3935 636/563/2820 34/564/2210
f 635/561/2819 1802/129/4102 634/560/2818 34/564/2210
f 590/562/2770 2114/52/4474 635/561/2819 34/564/2210
f 636/563/2820 1792/130/4090 590/562/2770 34/564/2210
f 636/565/2820 1641/133/3935 638/568/2822 35/569/2211
f 600/566/2780 1792/130/4090 636/565/2820 35/569/2211
f 637/567/2821 2112/51/4472 600/566/2780 35/569/2211
f 638/568/2822 1803/131/4103 637/567/2821 35/569/2211
f 638/570/2822 1641/133/3935 631/573/2815 36/574/2212
f 639/571/2823 1803/131/4103 638/570/2822 36/574/2212
f 640/572/2824 2120/55/4484 639/571/2823 36/574/2212
f 631/573/2815 1804/132/4104 640/572/2824 36/574/2212
f 641/575/2825 1642/138/3936 643/578/2827 37/579/2213
f 642/576/2826 1806/137/4107 641/575/2825 37/579/2213
f 629/577/2813 2121/56/4485 642/576/2826 37/579/2213
f 643/578/2827 1800/134/4100 629/577/2813 37/579/2213
f 643/580/2827 1642/138/3936 644/583/2828 38/584/2214
f 627/581/2811 1800/134/4100 643/580/2827 38/584/2214
f 608/582/2790 2113/52/4473 627/581/2811 38/584/2214
f 644/583/2828 1794/135/4093 608/582/2790 38/584/2214
f 644/585/2828 1642/138/3936 646/588/2831 39/589/2215
f 606/586/2788 1794/135/4093 644/585/2828 39/589/2215
f 645/587/2829 2115/53/4475 606/586/2788 39/589/2215
f 646/588/2831 1805/136/4105 645/587/2829 39/589/2215
f 646/590/2831 1642/138/3936 641/593/2825 40/594/2216
f 647/591/2832 1805/136/4105 646/590/2831 40/594/2216
f 648/592/2834 2123/57/4487 647/591/2832 40/594/2216
f 641/593/2825 1806/137/4107 648/592/2834 40/594/2216
f 649/595/2835 1643/143/3937 652/598/2839 41/599/2217
f 650/596/2836 1808/142/4110 649/595/2835 41/599/2217
f 651/597/2837 2124/57/4489 650/596/2836 41/599/2217
f 652/598/2839 1807/139/4108 651/597/2837 41/599/2217
f 652/600/2839 1643/143/3937 654/603/2842 42/604/2218
f 653/601/2840 1807/139/4108 652/600/2839 42/604/2218
f 602/602/2782 2116/53/4477 653/601/2840 42/604/2218
f 654/603/2842 1795/140/4094 602/602/2782 42/604/2218
f 654/605/2842 1643/143/3937 655/608/2843 43/609/2219
f 610/606/2792 1795/140/4094 654/605/2842 43/609/2219
f 635/607/2819 2114/52/4474 610/606/2792 43/609/2219
f 655/608/2843 1802/141/4102 635/607/2819 43/609/2219
f 655/610/2843 1643/143/3937 649/613/2835 44/614/2220
f 633/611/2817 1802/141/4102 655/610/2843 44/614/2220
f 656/612/2844 2122/56/4486 633/611/2817 44/614/2220
f 649/613/2835 1808/142/4110 656/612/2844 44/614/2220
f 657/615/2845 1644/148/3938 659/618/2847 45/619/2221
f 658/616/2846 1810/147/4113 657/615/2845 45/619/2221
f 647/617/2833 2123/57/4488 658/616/2846 45/619/2221
f 659/618/2847 1805/144/4106 647/617/2833 45/619/2221
f 659/620/2847 1644/148/3938 660/623/2848 46/624/2222
f 645/621/2830 1805/144/4106 659/620/2847 46/624/2222
f 618/622/2802 2115/53/4476 645/621/2830 46/624/2222
f 660/623/2848 1797/145/4097 618/622/2802 46/624/2222
f 660/625/2848 1644/148/3938 662/628/2851 47/629/2223
f 616/626/2800 1797/145/4097 660/625/2848 47/629/2223
f 661/627/2849 2117/54/4479 616/626/2800 47/629/2223
f 662/628/2851 1809/146/4111 661/627/2849 47/629/2223
f 662/630/2851 1644/148/3938 657/633/2845 48/634/2224
f 663/631/2852 1809/146/4111 662/630/2851 48/634/2224
f 664/632/2854 2125/58/4491 663/631/2852 48/634/2224
f 657/633/2845 1810/147/4113 664/632/2854 48/634/2224
f 665/635/2855 1645/153/3939 668/638/2859 49/639/2225
f 666/636/2856 1812/152/4116 665/635/2855 49/639/2225
f 667/637/2857 2126/58/4493 666/636/2856 49/639/2225
f 668/638/2859 1811/149/4114 667/637/2857 49/639/2225
f 668/640/2859 1645/153/3939 670/643/2862 50/644/2226
f 669/641/2860 1811/149/4114 668/640/2859 50/644/2226
f 612/642/2794 2118/54/4481 669/641/2860 50/644/2226
f 670/643/2862 1798/150/4098 612/642/2794 50/644/2226
f 670/645/2862 1645/153/3939 671/648/2863 51/649/2227
f 620/646/2804 1798/150/4098 670/645/2862 51/649/2227
f 653/647/2841 2116/53/4478 620/646/2804 51/649/2227
f 671/648/2863 1807/151/4109 653/647/2841 51/649/2227
f 671/650/2863 1645/153/3939 665/653/2855 52/654/2228
f 651/651/2838 1807/151/4109 671/650/2863 52/654/2228
f 672/652/2864 2124/57/4490 651/651/2838 52/654/2228
f 665/653/2855 1812/152/4116 672/652/2864 52/654/2228
f 673/655/2865 1646/158/3940 676/658/2868 53/659/2229
f 674/656/2866 1815/157/4119 673/655/2865 53/659/2229
f 675/657/2867 2127/59/4495 674/656/2866 53/659/2229
f 676/658/2868 1813/154/4117 675/657/2867 53/659/2229
f 676/660/2868 1646/158/3940 678/663/2870 54/664/2230
f 677/661/2869 1813/154/4117 676/660/2868 54/664/2230
f 622/662/2806 2119/55/4483 677/661/2869 54/664/2230
f 678/663/2870 1801/155/4101 622/662/2806 54/664/2230
f 678/665/2870 1646/158/3940 680/668/2872 55/669/2231
f 630/666/2814 1801/155/4101 678/665/2870 55/669/2231
f 679/667/2871 2121/56/4485 630/666/2814 55/669/2231
f 680/668/2872 1814/156/4118 679/667/2871 55/669/2231
f 680/670/2872 1646/158/3940 673/673/2865 56/674/2232
f 681/671/2873 1814/156/4118 680/670/2872 56/674/2232
f 682/672/2874 2129/60/4497 681/671/2873 56/674/2232
f 673/673/2865 1815/157/4119 682/672/2874 56/674/2232
f 683/675/2875 1647/163/3941 686/678/2878 57/679/2233
f 684/676/2876 1818/162/4122 683/675/2875 57/679/2233
f 685/677/2877 2130/60/4498 684/676/2876 57/679/2233
f 686/678/2878 1816/159/4120 685/677/2877 57/679/2233
f 686/680/2878 1647/163/3941 688/683/2880 58/684/2234
f 687/681/2879 1816/159/4120 686/680/2878 58/684/2234
f 632/682/2816 2122/56/4486 687/681/2879 58/684/2234
f 688/683/2880 1804/160/4104 632/682/2816 58/684/2234
f 688/685/2880 1647/163/3941 690/688/2882 59/689/2235
f 640/686/2824 1804/160/4104 688/685/2880 59/689/2235
f 689/687/2881 2120/55/4484 640/686/2824 59/689/2235
f 690/688/2882 1817/161/4121 689/687/2881 59/689/2235
f 690/690/2882 1647/163/3941 683/693/2875 60/694/2236
f 691/691/2883 1817/161/4121 690/690/2882 60/694/2236
f 692/692/2884 2128/59/4496 691/691/2883 60/694/2236
f 683/693/2875 1818/162/4122 692/692/2884 60/694/2236
f 693/695/2885 1648/168/3942 695/698/2887 61/699/2237
f 694/696/2886 1820/167/4125 693/695/2885 61/699/2237
f 681/697/2873 2129/60/4497 694/696/2886 61/699/2237
f 695/698/2887 1814/164/4118 681/697/2873 61/699/2237
f 695/700/2887 1648/168/3942 696/703/2888 62/704/2238
f 679/701/2871 1814/164/4118 695/700/2887 62/704/2238
f 642/702/2826 2121/56/4485 679/701/2871 62/704/2238
f 696/703/2888 1806/165/4107 642/702/2826 62/704/2238
f 696/705/2888 1648/168/3942 698/708/2891 63/709/2239
f 648/706/2834 1806/165/4107 696/705/2888 63/709/2239
f 697/707/2889 2123/57/4487 648/706/2834 63/709/2239
f 698/708/2891 1819/166/4123 697/707/2889 63/709/2239
f 698/710/2891 1648/168/3942 693/713/2885 64/714/2240
f 699/711/2892 1819/166/4123 698/710/2891 64/714/2240
f 700/712/2894 2131/61/4499 699/711/2892 64/714/2240
f 693/713/2885 1820/167/4125 700/712/2894 64/714/2240
f 701/715/2895 1649/173/3943 704/718/2899 65/719/2241
f 702/716/2896 1822/172/4128 701/715/2895 65/719/2241
f 703/717/2897 2132/61/4501 702/716/2896 65/719/2241
f 704/718/2899 1821/169/4126 703/717/2897 65/719/2241
f 704/720/2899 1649/173/3943 706/723/2902 66/724/2242
f 705/721/2900 1821/169/4126 704/720/2899 66/724/2242
f 650/722/2836 2124/57/4489 705/721/2900 66/724/2242
f 706/723/2902 1808/170/4110 650/722/2836 66/724/2242
f 706/725/2902 1649/173/3943 707/728/2903 67/729/2243
f 656/726/2844 1808/170/4110 706/725/2902 67/729/2243
f 687/727/2879 2122/56/4486 656/726/2844 67/729/2243
f 707/728/2903 1816/171/4120 687/727/2879 67/729/2243
f 707/730/2903 1649/173/3943 701/733/2895 68/734/2244
f 685/731/2877 1816/171/4120 707/730/2903 68/734/2244
f 708/732/2904 2130/60/4498 685/731/2877 68/734/2244
f 701/733/2895 1822/172/4128 708/732/2904 68/734/2244
f 709/735/2905 1650/178/3944 711/738/2907 69/739/2245
f 710/736/2906 1824/177/4131 709/735/2905 69/739/2245
f 699/737/2893 2131/61/4500 710/736/2906 69/739/2245
f 711/738/2907 1819/174/4124 699/737/2893 69/739/2245
f 711/740/2907 1650/178/3944 712/743/2908 70/744/2246
f 697/741/2890 1819/174/4124 711/740/2907 70/744/2246
f 658/742/2846 2123/57/4488 697/741/2890 70/744/2246
f 712/743/2908 1810/175/4113 658/742/2846 70/744/2246
f 712/745/2908 1650/178/3944 714/748/2911 71/749/2247
f 664/746/2854 1810/175/4113 712/745/2908 71/749/2247
f 713/747/2909 2125/58/4491 664/746/2854 71/749/2247
f 714/748/2911 1823/176/4129 713/747/2909 71/749/2247
f 714/750/2911 1650/178/3944 709/753/2905 72/754/2248
f 715/751/2912 1823/176/4129 714/750/2911 72/754/2248
f 716/752/2914 2133/62/4503 715/751/2912 72/754/2248
f 709/753/2905 1824/177/4131 716/752/2914 72/754/2248
f 717/755/2915 1651/183/3945 720/758/2919 73/759/2249
f 718/756/2916 1826/182/4134 717/755/2915 73/759/2249
f 719/757/2917 2134/62/4505 718/756/2916 73/759/2249
f 720/758/2919 1825/179/4132 719/757/2917 73/759/2249
f 720/760/2919 1651/183/3945 722/763/2922 74/764/2250
f 721/761/2920 1825/179/4132 720/760/2919 74/764/2250
f 666/762/2856 2126/58/4493 721/761/2920 74/764/2250
f 722/763/2922 1812/180/4116 666/762/2856 74/764/2250
f 722/765/2922 1651/183/3945 723/768/2923 75/769/2251
f 672/766/2864 1812/180/4116 722/765/2922 75/769/2251
f 705/767/2901 2124/57/4490 672/766/2864 75/769/2251
f 723/768/2923 1821/181/4127 705/767/2901 75/769/2251
f 723/770/2923 1651/183/3945 717/773/2915 76/774/2252
f 703/771/2898 1821/181/4127 723/770/2923 76/774/2252
f 724/772/2924 2132/61/4502 703/771/2898 76/774/2252
f 717/773/2915 1826/182/4134 724/772/2924 76/774/2252
f 725/775/2925 1652/188/3946 727/778/2927 77/779/2253
f 562/776/2738 1780/187/4076 725/775/2925 77/779/2253
f 726/777/2926 2103/63/4459 562/776/2738 77/779/2253
f 727/778/2927 1827/184/4135 726/777/2926 77/779/2253
f 727/780/2927 1652/188/3946 729/783/2929 78/784/2254
f 728/781/2928 1827/184/4135 727/780/2927 78/784/2254
f 674/782/2866 2127/59/4495 728/781/2928 78/784/2254
f 729/783/2929 1815/185/4119 674/782/2866 78/784/2254
f 729/785/2929 1652/188/3946 731/788/2931 79/789/2255
f 682/786/2874 1815/185/4119 729/785/2929 79/789/2255
f 730/787/2930 2129/60/4497 682/786/2874 79/789/2255
f 731/788/2931 1828/186/4136 730/787/2930 79/789/2255
f 731/790/2931 1652/188/3946 725/793/2925 80/794/2256
f 732/791/2932 1828/186/4136 731/790/2931 80/794/2256
f 564/792/2740 2105/64/4461 732/791/2932 80/794/2256
f 725/793/2925 1780/187/4076 564/792/2740 80/794/2256
f 733/795/2933 1653/193/3947 735/798/2935 81/799/2257
f 568/796/2744 1782/192/4078 733/795/2933 81/799/2257
f 734/797/2934 2106/64/4462 568/796/2744 81/799/2257
f 735/798/2935 1829/189/4137 734/797/2934 81/799/2257
f 735/800/2935 1653/193/3947 737/803/2937 82/804/2258
f 736/801/2936 1829/189/4137 735/800/2935 82/804/2258
f 684/802/2876 2130/60/4498 736/801/2936 82/804/2258
f 737/803/2937 1818/190/4122 684/802/2876 82/804/2258
f 737/805/2937 1653/193/3947 739/808/2939 83/809/2259
f 692/806/2884 1818/190/4122 737/805/2937 83/809/2259
f 738/807/2938 2128/59/4496 692/806/2884 83/809/2259
f 739/808/2939 1830/191/4138 738/807/2938 83/809/2259
f 739/810/2939 1653/193/3947 733/813/2933 84/814/2260
f 740/811/2940 1830/191/4138 739/810/2939 84/814/2260
f 558/812/2734 2104/63/4460 740/811/2940 84/814/2260
f 733/813/2933 1782/192/4078 558/812/2734 84/814/2260
f 741/815/2941 1654/198/3948 742/818/2942 85/819/2261
f 572/816/2748 1783/197/4079 741/815/2941 85/819/2261
f 732/817/2932 2105/64/4461 572/816/2748 85/819/2261
f 742/818/2942 1828/194/4136 732/817/2932 85/819/2261
f 742/820/2942 1654/198/3948 743/823/2943 86/824/2262
f 730/821/2930 1828/194/4136 742/820/2942 86/824/2262
f 694/822/2886 2129/60/4497 730/821/2930 86/824/2262
f 743/823/2943 1820/195/4125 694/822/2886 86/824/2262
f 743/825/2943 1654/198/3948 745/828/2946 87/829/2263
f 700/826/2894 1820/195/4125 743/825/2943 87/829/2263
f 744/827/2944 2131/61/4499 700/826/2894 87/829/2263
f 745/828/2946 1831/196/4139 744/827/2944 87/829/2263
f 745/830/2946 1654/198/3948 741/833/2941 88/834/2264
f 746/831/2947 1831/196/4139 745/830/2946 88/834/2264
f 574/832/2750 2107/65/4463 746/831/2947 88/834/2264
f 741/833/2941 1783/197/4079 574/832/2750 88/834/2264
f 747/835/2949 1655/203/3949 749/838/2952 89/839/2265
f 578/836/2756 1785/202/4082 747/835/2949 89/839/2265
f 748/837/2950 2108/65/4465 578/836/2756 89/839/2265
f 749/838/2952 1832/199/4141 748/837/2950 89/839/2265
f 749/840/2952 1655/203/3949 751/843/2955 90/844/2266
f 750/841/2953 1832/199/4141 749/840/2952 90/844/2266
f 702/842/2896 2132/61/4501 750/841/2953 90/844/2266
f 751/843/2955 1822/200/4128 702/842/2896 90/844/2266
f 751/845/2955 1655/203/3949 752/848/2956 91/849/2267
f 708/846/2904 1822/200/4128 751/845/2955 91/849/2267
f 736/847/2936 2130/60/4498 708/846/2904 91/849/2267
f 752/848/2956 1829/201/4137 736/847/2936 91/849/2267
f 752/850/2956 1655/203/3949 747/853/2949 92/854/2268
f 734/851/2934 1829/201/4137 752/850/2956 92/854/2268
f 570/852/2746 2106/64/4462 734/851/2934 92/854/2268
f 747/853/2949 1785/202/4082 570/852/2746 92/854/2268
f 753/855/2957 1656/208/3950 754/858/2958 93/859/2269
f 582/856/2760 1786/207/4083 753/855/2957 93/859/2269
f 746/857/2948 2107/65/4464 582/856/2760 93/859/2269
f 754/858/2958 1831/204/4140 746/857/2948 93/859/2269
f 754/860/2958 1656/208/3950 755/863/2959 94/864/2270
f 744/861/2945 1831/204/4140 754/860/2958 94/864/2270
f 710/862/2906 2131/61/4500 744/861/2945 94/864/2270
f 755/863/2959 1824/205/4131 710/862/2906 94/864/2270
f 755/865/2959 1656/208/3950 757/868/2962 95/869/2271
f 716/866/2914 1824/205/4131 755/865/2959 95/869/2271
f 756/867/2960 2133/62/4503 716/866/2914 95/869/2271
f 757/868/2962 1833/206/4143 756/867/2960 95/869/2271
f 757/870/2962 1656/208/3950 753/873/2957 96/874/2272
f 758/871/2963 1833/206/4143 757/870/2962 96/874/2272
f 584/872/2762 2109/66/4467 758/871/2963 96/874/2272
f 753/873/2957 1786/207/4083 584/872/2762 96/874/2272
f 759/875/2965 1657/213/3951 761/878/2968 97/879/2273
f 588/876/2768 1788/212/4086 759/875/2965 97/879/2273
f 760/877/2966 2110/66/4469 588/876/2768 97/879/2273
f 761/878/2968 1834/209/4145 760/877/2966 97/879/2273
f 761/880/2968 1657/213/3951 763/883/2971 98/884/2274
f 762/881/2969 1834/209/4145 761/880/2968 98/884/2274
f 718/882/2916 2134/62/4505 762/881/2969 98/884/2274
f 763/883/2971 1826/210/4134 718/882/2916 98/884/2274
f 763/885/2971 1657/213/3951 764/888/2972 99/889/2275
f 724/886/2924 1826/210/4134 763/885/2971 99/889/2275
f 750/887/2954 2132/61/4502 724/886/2924 99/889/2275
f 764/888/2972 1832/211/4142 750/887/2954 99/889/2275
f 764/890/2972 1657/213/3951 759/893/2965 100/894/2276
f 748/891/2951 1832/211/4142 764/890/2972 100/894/2276
f 580/892/2758 2108/65/4466 748/891/2951 100/894/2276
f 759/893/2965 1788/212/4086 580/892/2758 100/894/2276
f 765/895/2973 1658/218/3952 768/898/2977 101/899/2277
f 766/896/2974 1838/217/4152 765/895/2973 101/899/2277
f 767/897/2976 2142/70/4532 766/896/2974 101/899/2277
f 768/898/2977 1835/214/4147 767/897/2976 101/899/2277
f 768/900/2977 1658/218/3952 771/903/2981 102/904/2278
f 769/901/2978 1835/214/4147 768/900/2977 102/904/2278
f 770/902/2979 2141/70/4530 769/901/2978 102/904/2278
f 771/903/2981 1836/215/4148 770/902/2979 102/904/2278
f 771/905/2981 1658/218/3952 774/908/2986 103/909/2279
f 772/906/2982 1836/215/4148 771/905/2981 103/909/2279
f 773/907/2984 2137/68/4515 772/906/2982 103/909/2279
f 774/908/2986 1837/216/4150 773/907/2984 103/909/2279
f 774/910/2986 1658/218/3952 765/913/2973 104/914/2280
f 775/911/2987 1837/216/4150 774/910/2986 104/914/2280
f 776/912/2989 2138/68/4519 775/911/2987 104/914/2280
f 765/913/2973 1838/217/4152 776/912/2989 104/914/2280
f 777/915/2991 1659/224/3953 780/918/2995 105/919/2281
f 778/916/2992 1842/223/4160 777/915/2991 105/919/2281
f 779/917/2993 2143/71/4534 778/916/2992 105/919/2281
f 780/918/2995 1839/219/4154 779/917/2993 105/919/2281
f 780/920/2995 1659/224/3953 783/923/3000 106/924/2282
f 781/921/2996 1839/219/4154 780/920/2995 106/924/2282
f 782/922/2998 2139/69/4523 781/921/2996 106/924/2282
f 783/923/3000 1840/220/4156 782/922/2998 106/924/2282
f 783/925/3000 1659/224/3953 786/928/3006 107/929/2283
f 784/926/3001 1840/220/4156 783/925/3000 107/929/2283
f 785/927/3004 2135/67/4507 784/926/3001 107/929/2283
f 786/928/3006 1841/221/4158 785/927/3004 107/929/2283
f 786/930/3006 1659/224/3953 788/933/3009 108/934/2284
f 787/931/3007 1841/221/4158 786/930/3006 108/934/2284
f 772/932/2983 2137/68/4518 787/931/3007 108/934/2284
f 788/933/3009 1836/222/4149 772/932/2983 108/934/2284
f 788/935/3009 1659/224/3953 777/938/2991 109/939/2285
f 770/936/2980 1836/222/4149 788/935/3009 109/939/2285
f 789/937/3010 2141/70/4531 770/936/2980 109/939/2285
f 777/938/2991 1842/223/4160 789/937/3010 109/939/2285
f 790/940/3011 1660/230/3954 792/943/3013 110/944/2286
f 791/941/3012 1846/229/4167 790/940/3011 110/944/2286
f 766/942/2975 2142/70/4533 791/941/3012 110/944/2286
f 792/943/3013 1838/225/4153 766/942/2975 110/944/2286
f 792/945/3013 1660/230/3954 794/948/3016 111/949/2287
f 776/946/2990 1838/225/4153 792/945/3013 111/949/2287
f 793/947/3014 2138/68/4522 776/946/2990 111/949/2287
f 794/948/3016 1843/226/4161 793/947/3014 111/949/2287
f 794/950/3016 1660/230/3954 797/953/3021 112/954/2288
f 795/951/3017 1843/226/4161 794/950/3016 112/954/2288
f 796/952/3019 2136/67/4510 795/951/3017 112/954/2288
f 797/953/3021 1844/227/4163 796/952/3019 112/954/2288
f 797/955/3021 1660/230/3954 800/958/3027 113/959/2289
f 798/956/3022 1844/227/4163 797/955/3021 113/959/2289
f 799/957/3025 2140/69/4527 798/956/3022 113/959/2289
f 800/958/3027 1845/228/4165 799/957/3025 113/959/2289
f 800/960/3027 1660/230/3954 790/963/3011 114/964/2290
f 801/961/3028 1845/228/4165 800/960/3027 114/964/2290
f 802/962/3030 2144/71/4536 801/961/3028 114/964/2290
f 790/963/3011 1846/229/4167 802/962/3030 114/964/2290
f 803/965/3031 1661/235/3955 805/968/3034 115/969/2291
f 799/966/3026 1845/234/4166 803/965/3031 115/969/2291
f 804/967/3032 2140/69/4529 799/966/3026 115/969/2291
f 805/968/3034 1847/231/4168 804/967/3032 115/969/2291
f 805/970/3034 1661/235/3955 807/973/3037 116/974/2292
f 806/971/3035 1847/231/4168 805/970/3034 116/974/2292
f 781/972/2997 2139/69/4526 806/971/3035 116/974/2292
f 807/973/3037 1839/232/4155 781/972/2997 116/974/2292
f 807/975/3037 1661/235/3955 809/978/3039 117/979/2293
f 779/976/2994 1839/232/4155 807/975/3037 117/979/2293
f 808/977/3038 2143/72/4535 779/976/2994 117/979/2293
f 809/978/3039 1848/233/4170 808/977/3038 117/979/2293
f 809/980/3039 1661/235/3955 803/983/3031 118/984/2294
f 810/981/3040 1848/233/4170 809/980/3039 118/984/2294
f 801/982/3029 2144/72/4537 810/981/3040 118/984/2294
f 803/983/3031 1845/234/4166 801/982/3029 118/984/2294
f 811//3041 1662//3956 813//3044 119//2295
f 812//3042 1851//4174 811//3041 119//2295
f 778//2992 2143//4534 812//3042 119//2295
f 813//3044 1842//4160 778//2992 119//2295
f 813//3044 1662//3956 815//3047 120//2296
f 789//3010 1842//4160 813//3044 120//2296
f 814//3045 2141//4531 789//3010 120//2296
f 815//3047 1849//4171 814//3045 120//2296
f 815//3047 1662//3956 818//3051 121//2297
f 816//3048 1849//4171 815//3047 121//2297
f 817//3050 2147//4542 816//3048 121//2297
f 818//3051 1850//4173 817//3050 121//2297
f 818//3051 1662//3956 811//3041 122//2298
f 819//3052 1850//4173 818//3051 122//2298
f 820//3053 2145//4538 819//3052 122//2298
f 811//3041 1851//4174 820//3053 122//2298
f 821//3055 1663//3957 824//3059 123//2299
f 822//3056 1854//4179 821//3055 123//2299
f 823//3058 2146//4540 822//3056 123//2299
f 824//3059 1852//4176 823//3058 123//2299
f 824//3059 1663//3957 827//3063 124//2300
f 825//3060 1852//4176 824//3059 124//2300
f 826//3061 2148//4544 825//3060 124//2300
f 827//3063 1853//4177 826//3061 124//2300
f 827//3063 1663//3957 829//3066 125//2301
f 828//3064 1853//4177 827//3063 125//2301
f 791//3012 2142//4533 828//3064 125//2301
f 829//3066 1846//4167 791//3012 125//2301
f 829//3066 1663//3957 821//3055 126//2302
f 802//3030 1846//4167 829//3066 126//2302
f 830//3067 2144//4536 802//3030 126//2302
f 821//3055 1854//4179 830//3067 126//2302
f 831//3069 1664//3958 833//3072 127//2303
f 832//3070 1857//4184 831//3069 127//2303
f 819//3052 2145//4538 832//3070 127//2303
f 833//3072 1850//4173 819//3052 127//2303
f 833//3072 1664//3958 835//3075 128//2304
f 817//3050 1850//4173 833//3072 128//2304
f 834//3073 2147//4542 817//3050 128//2304
f 835//3075 1855//4181 834//3073 128//2304
f 835//3075 1664//3958 838//3079 129//2305
f 836//3076 1855//4181 835//3075 129//2305
f 837//3078 2151//4550 836//3076 129//2305
f 838//3079 1856//4183 837//3078 129//2305
f 838//3079 1664//3958 831//3069 130//2306
f 839//3080 1856//4183 838//3079 130//2306
f 840//3081 2149//4546 839//3080 130//2306
f 831//3069 1857//4184 840//3081 130//2306
f 841//3083 1665//3959 844//3087 131//2307
f 842//3084 1860//4189 841//3083 131//2307
f 843//3086 2150//4548 842//3084 131//2307
f 844//3087 1858//4186 843//3086 131//2307
f 844//3087 1665//3959 847//3091 132//2308
f 845//3088 1858//4186 844//3087 132//2308
f 846//3089 2152//4552 845//3088 132//2308
f 847//3091 1859//4187 846//3089 132//2308
f 847//3091 1665//3959 849//3094 133//2309
f 848//3092 1859//4187 847//3091 133//2309
f 825//3060 2148//4544 848//3092 133//2309
f 849//3094 1852//4176 825//3060 133//2309
f 849//3094 1665//3959 841//3083 134//2310
f 823//3058 1852//4176 849//3094 134//2310
f 850//3095 2146//4540 823//3058 134//2310
f 841//3083 1860//4189 850//3095 134//2310
f 851//3097 1666//3960 853//3099 135//2311
f 852//3098 1863//4194 851//3097 135//2311
f 832//3071 2145//4539 852//3098 135//2311
f 853//3099 1857//4185 832//3071 135//2311
f 853//3099 1666//3960 855//3101 136//2312
f 840//3082 1857//4185 853//3099 136//2312
f 854//3100 2149//4547 840//3082 136//2312
f 855//3101 1861//4191 854//3100 136//2312
f 855//3101 1666//3960 858//3105 137//2313
f 856//3102 1861//4191 855//3101 137//2313
f 857//3103 2157//4565 856//3102 137//2313
f 858//3105 1862//4192 857//3103 137//2313
f 858//3105 1666//3960 851//3097 138//2314
f 859//3106 1862//4192 858//3105 138//2314
f 860//3108 2154//4558 859//3106 138//2314
f 851//3097 1863//4194 860//3108 138//2314
f 861//3109 1667//3961 864//3113 139//2315
f 862//3110 1866//4198 861//3109 139//2315
f 863//3111 2154//4558 862//3110 139//2315
f 864//3113 1864//4195 863//3111 139//2315
f 864//3113 1667//3961 867//3117 140//2316
f 865//3114 1864//4195 864//3113 140//2316
f 866//3116 2158//4567 865//3114 140//2316
f 867//3117 1865//4197 866//3116 140//2316
f 867//3117 1667//3961 869//3119 141//2317
f 868//3118 1865//4197 867//3117 141//2317
f 842//3085 2150//4549 868//3118 141//2317
f 869//3119 1860//4190 842//3085 141//2317
f 869//3119 1667//3961 861//3109 142//2318
f 850//3096 1860//4190 869//3119 142//2318
f 870//3120 2146//4541 850//3096 142//2318
f 861//3109 1866//4198 870//3120 142//2318
f 871//3121 1668//3962 874//3125 143//2319
f 872//3122 1869//4201 871//3121 143//2319
f 873//3124 2153//4554 872//3122 143//2319
f 874//3125 1867//4199 873//3124 143//2319
f 874//3125 1668//3962 877//3128 144//2320
f 875//3126 1867//4199 874//3125 144//2320
f 876//3127 2157//4566 875//3126 144//2320
f 877//3128 1868//4200 876//3127 144//2320
f 877//3128 1668//3962 871//3121 145//2321
f 878//3129 1868//4200 877//3128 145//2321
f 879//3130 2155//4561 878//3129 145//2321
f 871//3121 1869//4201 879//3130 145//2321
f 880//3132 1669//3963 883//3136 146//2322
f 881//3133 1872//4205 880//3132 146//2322
f 882//3135 2156//4563 881//3133 146//2322
f 883//3136 1870//4203 882//3135 146//2322
f 883//3136 1669//3963 886//3139 147//2323
f 884//3137 1870//4203 883//3136 147//2323
f 885//3138 2158//4568 884//3137 147//2323
f 886//3139 1871//4204 885//3138 147//2323
f 886//3139 1669//3963 880//3132 148//2324
f 887//3140 1871//4204 886//3139 148//2324
f 888//3141 2153//4557 887//3140 148//2324
f 880//3132 1872//4205 888//3141 148//2324
f 889//3143 1670//3964 891//3145 149//2325
f 814//3046 1849//4172 889//3143 149//2325
f 890//3144 2141//4530 814//3046 149//2325
f 891//3145 1873//4207 890//3144 149//2325
f 891//3145 1670//3964 894//3148 150//2326
f 892//3146 1873//4207 891//3145 150//2326
f 893//3147 2153//4556 892//3146 150//2326
f 894//3148 1874//4208 893//3147 150//2326
f 894//3148 1670//3964 889//3143 151//2327
f 895//3149 1874//4208 894//3148 151//2327
f 816//3049 2147//4543 895//3149 151//2327
f 889//3143 1849//4172 816//3049 151//2327
f 896//3150 1671//3965 898//3152 152//2328
f 826//3062 1853//4178 896//3150 152//2328
f 897//3151 2148//4545 826//3062 152//2328
f 898//3152 1875//4209 897//3151 152//2328
f 898//3152 1671//3965 901//3155 153//2329
f 899//3153 1875//4209 898//3152 153//2329
f 900//3154 2153//4556 899//3153 153//2329
f 901//3155 1876//4210 900//3154 153//2329
f 901//3155 1671//3965 896//3150 154//2330
f 902//3156 1876//4210 901//3155 154//2330
f 828//3065 2142//4532 902//3156 154//2330
f 896//3150 1853//4178 828//3065 154//2330
f 903//3157 1672//3966 904//3158 155//2331
f 900//3154 1876//4210 903//3157 155//2331
f 892//3146 2153//4556 900//3154 155//2331
f 904//3158 1873//4207 892//3146 155//2331
f 904//3158 1672//3966 905//3159 156//2332
f 890//3144 1873//4207 904//3158 156//2332
f 769//2978 2141//4530 890//3144 156//2332
f 905//3159 1835//4147 769//2978 156//2332
f 905//3159 1672//3966 903//3157 157//2333
f 767//2976 1835//4147 905//3159 157//2333
f 902//3156 2142//4532 767//2976 157//2333
f 903//3157 1876//4210 902//3156 157//2333
f 906//3160 1673//3967 907//3161 158//2334
f 834//3074 1855//4182 906//3160 158//2334
f 895//3149 2147//4543 834//3074 158//2334
f 907//3161 1874//4208 895//3149 158//2334
f 907//3161 1673//3967 909//3163 159//2335
f 893//3147 1874//4208 907//3161 159//2335
f 908//3162 2153//4556 893//3147 159//2335
f 909//3163 1877//4211 908//3162 159//2335
f 909//3163 1673//3967 906//3160 160//2336
f 910//3164 1877//4211 909//3163 160//2336
f 836//3077 2151//4551 910//3164 160//2336
f 906//3160 1855//4182 836//3077 160//2336
f 911//3165 1674//3968 913//3167 161//2337
f 846//3090 1859//4188 911//3165 161//2337
f 912//3166 2152//4553 846//3090 161//2337
f 913//3167 1878//4212 912//3166 161//2337
f 913//3167 1674//3968 915//3169 162//2338
f 914//3168 1878//4212 913//3167 162//2338
f 899//3153 2153//4556 914//3168 162//2338
f 915//3169 1875//4209 899//3153 162//2338
f 915//3169 1674//3968 911//3165 163//2339
f 897//3151 1875//4209 915//3169 163//2339
f 848//3093 2148//4545 897//3151 163//2339
f 911//3165 1859//4188 848//3093 163//2339
f 916//3170 1675//3969 918//3172 164//2340
f 917//3171 1879//4213 916//3170 164//2340
f 910//3164 2151//4551 917//3171 164//2340
f 918//3172 1877//4211 910//3164 164//2340
f 918//3172 1675//3969 919//3173 165//2341
f 908//3162 1877//4211 918//3172 165//2341
f 872//3123 2153//4556 908//3162 165//2341
f 919//3173 1869//4202 872//3123 165//2341
f 919//3173 1675//3969 916//3170 166//2342
f 879//3131 1869//4202 919//3173 166//2342
f 920//3174 2155//4562 879//3131 166//2342
f 916//3170 1879//4213 920//3174 166//2342
f 921//3175 1676//3970 923//3177 167//2343
f 922//3176 1880//4214 921//3175 167//2343
f 881//3134 2156//4564 922//3176 167//2343
f 923//3177 1872//4206 881//3134 167//2343
f 923//3177 1676//3970 924//3178 168//2344
f 888//3142 1872//4206 923//3177 168//2344
f 914//3168 2153//4556 888//3142 168//2344
f 924//3178 1878//4212 914//3168 168//2344
f 924//3178 1676//3970 921//3175 169//2345
f 912//3166 1878//4212 924//3178 169//2345
f 925//3179 2152//4553 912//3166 169//2345
f 921//3175 1880//4214 925//3179 169//2345
f 926//3180 1677//3971 928//3183 170//2346
f 873//3124 1867//4199 926//3180 170//2346
f 927//3181 2153//4554 873//3124 170//2346
f 928//3183 1881//4215 927//3181 170//2346
f 928//3183 1677//3971 930//3186 171//2347
f 929//3184 1881//4215 928//3183 171//2347
f 859//3107 2154//4560 929//3184 171//2347
f 930//3186 1862//4193 859//3107 171//2347
f 930//3186 1677//3971 926//3180 172//2348
f 857//3104 1862//4193 930//3186 172//2348
f 875//3126 2157//4566 857//3104 172//2348
f 926//3180 1867//4199 875//3126 172//2348
f 931//3187 1678//3972 932//3188 173//2349
f 885//3138 1871//4204 931//3187 173//2349
f 865//3115 2158//4568 885//3138 173//2349
f 932//3188 1864//4196 865//3115 173//2349
f 932//3188 1678//3972 933//3189 174//2350
f 863//3112 1864//4196 932//3188 174//2350
f 929//3185 2154//4559 863//3112 174//2350
f 933//3189 1881//4216 929//3185 174//2350
f 933//3189 1678//3972 931//3187 175//2351
f 927//3182 1881//4216 933//3189 175//2351
f 887//3140 2153//4555 927//3182 175//2351
f 931//3187 1871//4204 887//3140 175//2351
f 934//3190 1679//3973 936//3193 176//2352
f 935//3191 1884//4221 934//3190 176//2352
f 878//3129 2155//4561 935//3191 176//2352
f 936//3193 1868//4200 878//3129 176//2352
f 936//3193 1679//3973 938//3196 177//2353
f 876//3127 1868//4200 936//3193 177//2353
f 937//3194 2157//4566 876//3127 177//2353
f 938//3196 1882//4217 937//3194 177//2353
f 938//3196 1679//3973 941//3201 178//2354
f 939//3197 1882//4217 938//3196 178//2354
f 940//3199 2159//4569 939//3197 178//2354
f 941//3201 1883//4219 940//3199 178//2354
f 941//3201 1679//3973 934//3190 179//2355
f 942//3202 1883//4219 941//3201 179//2355
f 943//3204 2165//4583 942//3202 179//2355
f 934//3190 1884//4221 943//3204 179//2355
f 944//3206 1680//3974 947//3211 180//2356
f 945//3207 1887//4227 944//3206 180//2356
f 946//3209 2166//4586 945//3207 180//2356
f 947//3211 1885//4223 946//3209 180//2356
f 947//3211 1680//3974 950//3216 181//2357
f 948//3212 1885//4223 947//3211 181//2357
f 949//3214 2160//4571 948//3212 181//2357
f 950//3216 1886//4225 949//3214 181//2357
f 950//3216 1680//3974 952//3219 182//2358
f 951//3217 1886//4225 950//3216 182//2358
f 884//3137 2158//4568 951//3217 182//2358
f 952//3219 1870//4203 884//3137 182//2358
f 952//3219 1680//3974 944//3206 183//2359
f 882//3135 1870//4203 952//3219 183//2359
f 953//3220 2156//4563 882//3135 183//2359
f 944//3206 1887//4227 953//3220 183//2359
f 954//3222 1681//3975 955//3223 184//2360
f 937//3195 1882//4218 954//3222 184//2360
f 856//3102 2157//4565 937//3195 184//2360
f 955//3223 1861//4191 856//3102 184//2360
f 955//3223 1681//3975 957//3226 185//2361
f 854//3100 1861//4191 955//3223 185//2361
f 956//3224 2149//4547 854//3100 185//2361
f 957//3226 1888//4229 956//3224 185//2361
f 957//3226 1681//3975 960//3230 186//2362
f 958//3227 1888//4229 957//3226 186//2362
f 959//3229 2161//4573 958//3227 186//2362
f 960//3230 1889//4231 959//3229 186//2362
f 960//3230 1681//3975 954//3222 187//2363
f 961//3231 1889//4231 960//3230 187//2363
f 939//3198 2159//4570 961//3231 187//2363
f 954//3222 1882//4218 939//3198 187//2363
f 962//3232 1682//3976 964//3234 188//2364
f 949//3215 1886//4226 962//3232 188//2364
f 963//3233 2160//4572 949//3215 188//2364
f 964//3234 1890//4232 963//3233 188//2364
f 964//3234 1682//3976 967//3238 189//2365
f 965//3235 1890//4232 964//3234 189//2365
f 966//3236 2162//4575 965//3235 189//2365
f 967//3238 1891//4233 966//3236 189//2365
f 967//3238 1682//3976 969//3241 190//2366
f 968//3239 1891//4233 967//3238 190//2366
f 868//3118 2150//4549 968//3239 190//2366
f 969//3241 1865//4197 868//3118 190//2366
f 969//3241 1682//3976 962//3232 191//2367
f 866//3116 1865//4197 969//3241 191//2367
f 951//3218 2158//4567 866//3116 191//2367
f 962//3232 1886//4226 951//3218 191//2367
f 970//3242 1683//3977 971//3243 192//2368
f 956//3225 1888//4230 970//3242 192//2368
f 839//3080 2149//4546 956//3225 192//2368
f 971//3243 1856//4183 839//3080 192//2368
f 971//3243 1683//3977 973//3246 193//2369
f 837//3078 1856//4183 971//3243 193//2369
f 972//3244 2151//4550 837//3078 193//2369
f 973//3246 1892//4235 972//3244 193//2369
f 973//3246 1683//3977 976//3251 194//2370
f 974//3247 1892//4235 973//3246 194//2370
f 975//3249 2163//4577 974//3247 194//2370
f 976//3251 1893//4237 975//3249 194//2370
f 976//3251 1683//3977 970//3242 195//2371
f 977//3252 1893//4237 976//3251 195//2371
f 958//3228 2161//4574 977//3252 195//2371
f 970//3242 1888//4230 958//3228 195//2371
f 978//3254 1684//3978 980//3257 196//2372
f 966//3237 1891//4234 978//3254 196//2372
f 979//3255 2162//4576 966//3237 196//2372
f 980//3257 1894//4239 979//3255 196//2372
f 980//3257 1684//3978 983//3262 197//2373
f 981//3258 1894//4239 980//3257 197//2373
f 982//3260 2164//4580 981//3258 197//2373
f 983//3262 1895//4241 982//3260 197//2373
f 983//3262 1684//3978 985//3265 198//2374
f 984//3263 1895//4241 983//3262 198//2374
f 845//3088 2152//4552 984//3263 198//2374
f 985//3265 1858//4186 845//3088 198//2374
f 985//3265 1684//3978 978//3254 199//2375
f 843//3086 1858//4186 985//3265 199//2375
f 968//3240 2150//4548 843//3086 199//2375
f 978//3254 1891//4234 968//3240 199//2375
f 986//3266 1685//3979 987//3267 200//2376
f 972//3245 1892//4236 986//3266 200//2376
f 917//3171 2151//4551 972//3245 200//2376
f 987//3267 1879//4213 917//3171 200//2376
f 987//3267 1685//3979 988//3268 201//2377
f 920//3174 1879//4213 987//3267 201//2377
f 935//3192 2155//4562 920//3174 201//2377
f 988//3268 1884//4222 935//3192 201//2377
f 988//3268 1685//3979 990//3271 202//2378
f 943//3205 1884//4222 988//3268 202//2378
f 989//3269 2165//4585 943//3205 202//2378
f 990//3271 1896//4243 989//3269 202//2378
f 990//3271 1685//3979 986//3266 203//2379
f 991//3272 1896//4243 990//3271 203//2379
f 974//3248 2163//4579 991//3272 203//2379
f 986//3266 1892//4236 974//3248 203//2379
f 992//3274 1686//3980 994//3277 204//2380
f 982//3261 1895//4242 992//3274 204//2380
f 993//3275 2164//4582 982//3261 204//2380
f 994//3277 1897//4245 993//3275 204//2380
f 994//3277 1686//3980 996//3280 205//2381
f 995//3278 1897//4245 994//3277 205//2381
f 945//3208 2166//4588 995//3278 205//2381
f 996//3280 1887//4228 945//3208 205//2381
f 996//3280 1686//3980 997//3281 206//2382
f 953//3221 1887//4228 996//3280 206//2382
f 922//3176 2156//4564 953//3221 206//2382
f 997//3281 1880//4214 922//3176 206//2382
f 997//3281 1686//3980 992//3274 207//2383
f 925//3179 1880//4214 997//3281 207//2383
f 984//3264 2152//4553 925//3179 207//2383
f 992//3274 1895//4242 984//3264 207//2383
f 998//3282 1687//3981 999//3283 208//2384
f 940//3200 1883//4220 998//3282 208//2384
f 961//3231 2159//4570 940//3200 208//2384
f 999//3283 1889//4231 961//3231 208//2384
f 999//3283 1687//3981 1000//3284 209//2385
f 959//3229 1889//4231 999//3283 209//2385
f 977//3253 2161//4573 959//3229 209//2385
f 1000//3284 1893//4238 977//3253 209//2385
f 1000//3284 1687//3981 1001//3285 210//2386
f 975//3250 1893//4238 1000//3284 210//2386
f 991//3273 2163//4578 975//3250 210//2386
f 1001//3285 1896//4244 991//3273 210//2386
f 1001//3285 1687//3981 998//3282 211//2387
f 989//3270 1896//4244 1001//3285 211//2387
f 942//3203 2165//4584 989//3270 211//2387
f 998//3282 1883//4220 942//3203 211//2387
f 1002//3286 1688//3982 1003//3287 212//2388
f 946//3210 1885//4224 1002//3286 212//2388
f 995//3279 2166//4587 946//3210 212//2388
f 1003//3287 1897//4246 995//3279 212//2388
f 1003//3287 1688//3982 1004//3288 213//2389
f 993//3276 1897//4246 1003//3287 213//2389
f 981//3259 2164//4581 993//3276 213//2389
f 1004//3288 1894//4240 981//3259 213//2389
f 1004//3288 1688//3982 1005//3289 214//2390
f 979//3256 1894//4240 1004//3288 214//2390
f 965//3235 2162//4575 979//3256 214//2390
f 1005//3289 1890//4232 965//3235 214//2390
f 1005//3289 1688//3982 1002//3286 215//2391
f 963//3233 1890//4232 1005//3289 215//2391
f 948//3213 2160//4572 963//3233 215//2391
f 1002//3286 1885//4224 948//3213 215//2391
f 1006//3290 1689//3983 1008//3292 216//2392
f 726//2926 1827//4135 1006//3290 216//2392
f 1007//3291 2103//4459 726//2926 216//2392
f 1008//3292 1898//4247 1007//3291 216//2392
f 1008//3292 1689//3983 1011//3295 217//2393
f 1009//3293 1898//4247 1008//3292 217//2393
f 1010//3294 2137//4517 1009//3293 217//2393
f 1011//3295 1899//4248 1010//3294 217//2393
f 1011//3295 1689//3983 1006//3290 218//2394
f 1012//3296 1899//4248 1011//3295 218//2394
f 728//2928 2127//4495 1012//3296 218//2394
f 1006//3290 1827//4135 728//2928 218//2394
f 1013//3297 1690//3984 1015//3299 219//2395
f 738//2938 1830//4138 1013//3297 219//2395
f 1014//3298 2128//4496 738//2938 219//2395
f 1015//3299 1900//4249 1014//3298 219//2395
f 1015//3299 1690//3984 1018//3302 220//2396
f 1016//3300 1900//4249 1015//3299 220//2396
f 1017//3301 2138//4520 1016//3300 220//2396
f 1018//3302 1901//4250 1017//3301 220//2396
f 1018//3302 1690//3984 1013//3297 221//2397
f 1019//3303 1901//4250 1018//3302 221//2397
f 740//2940 2104//4460 1019//3303 221//2397
f 1013//3297 1830//4138 740//2940 221//2397
f 1020//3304 1691//3985 1021//3305 222//2398
f 1017//3301 1901//4250 1020//3304 222//2398
f 775//2988 2138//4521 1017//3301 222//2398
f 1021//3305 1837//4151 775//2988 222//2398
f 1021//3305 1691//3985 1022//3306 223//2399
f 773//2985 1837//4151 1021//3305 223//2399
f 1009//3293 2137//4517 773//2985 223//2399
f 1022//3306 1898//4247 1009//3293 223//2399
f 1022//3306 1691//3985 1023//3307 224//2400
f 1007//3291 1898//4247 1022//3306 224//2400
f 561//2737 2103//4459 1007//3291 224//2400
f 1023//3307 1779//4075 561//2737 224//2400
f 1023//3307 1691//3985 1020//3304 225//2401
f 559//2735 1779//4075 1023//3307 225//2401
f 1019//3303 2104//4460 559//2735 225//2401
f 1020//3304 1901//4250 1019//3303 225//2401
f 1024//3308 1692//3986 1026//3310 226//2402
f 1025//3309 1903//4252 1024//3308 226//2402
f 625//2809 2111//4471 1025//3309 226//2402
f 1026//3310 1799//4099 625//2809 226//2402
f 1026//3310 1692//3986 1028//3312 227//2403
f 623//2807 1799//4099 1026//3310 227//2403
f 1027//3311 2119//4483 623//2807 227//2403
f 1028//3312 1902//4251 1027//3311 227//2403
f 1028//3312 1692//3986 1024//3308 228//2404
f 1029//3313 1902//4251 1028//3312 228//2404
f 1030//3314 2135//4509 1029//3313 228//2404
f 1024//3308 1903//4252 1030//3314 228//2404
f 1031//3315 1693//3987 1034//3318 229//2405
f 1032//3316 1905//4254 1031//3315 229//2405
f 1033//3317 2136//4514 1032//3316 229//2405
f 1034//3318 1904//4253 1033//3317 229//2405
f 1034//3318 1693//3987 1036//3320 230//2406
f 1035//3319 1904//4253 1034//3318 230//2406
f 639//2823 2120//4484 1035//3319 230//2406
f 1036//3320 1803//4103 639//2823 230//2406
f 1036//3320 1693//3987 1031//3315 231//2407
f 637//2821 1803//4103 1036//3320 231//2407
f 1037//3321 2112//4472 637//2821 231//2407
f 1031//3315 1905//4254 1037//3321 231//2407
f 1038//3322 1694//3988 1039//3323 232//2408
f 1037//3321 1905//4254 1038//3322 232//2408
f 599//2779 2112//4472 1037//3321 232//2408
f 1039//3323 1791//4089 599//2779 232//2408
f 1039//3323 1694//3988 1040//3324 233//2409
f 597//2777 1791//4089 1039//3323 233//2409
f 1025//3309 2111//4471 597//2777 233//2409
f 1040//3324 1903//4252 1025//3309 233//2409
f 1040//3324 1694//3988 1042//3326 234//2410
f 1030//3314 1903//4252 1040//3324 234//2410
f 1041//3325 2135//4508 1030//3314 234//2410
f 1042//3326 1906//4255 1041//3325 234//2410
f 1042//3326 1694//3988 1038//3322 235//2411
f 1043//3327 1906//4255 1042//3326 235//2411
f 1032//3316 2136//4514 1043//3327 235//2411
f 1038//3322 1905//4254 1032//3316 235//2411
f 1044//3328 1695//3989 1045//3329 236//2412
f 1027//3311 1902//4251 1044//3328 236//2412
f 677//2869 2119//4483 1027//3311 236//2412
f 1045//3329 1813//4117 677//2869 236//2412
f 1045//3329 1695//3989 1046//3330 237//2413
f 675//2867 1813//4117 1045//3329 237//2413
f 1012//3296 2127//4495 675//2867 237//2413
f 1046//3330 1899//4248 1012//3296 237//2413
f 1046//3330 1695//3989 1047//3331 238//2414
f 1010//3294 1899//4248 1046//3330 238//2414
f 787//3008 2137//4516 1010//3294 238//2414
f 1047//3331 1841//4159 787//3008 238//2414
f 1047//3331 1695//3989 1044//3328 239//2415
f 785//3005 1841//4159 1047//3331 239//2415
f 1029//3313 2135//4509 785//3005 239//2415
f 1044//3328 1902//4251 1029//3313 239//2415
f 1048//3332 1696//3990 1049//3333 240//2416
f 1033//3317 1904//4253 1048//3332 240//2416
f 795//3018 2136//4513 1033//3317 240//2416
f 1049//3333 1843//4162 795//3018 240//2416
f 1049//3333 1696//3990 1050//3334 241//2417
f 793//3015 1843//4162 1049//3333 241//2417
f 1016//3300 2138//4520 793//3015 241//2417
f 1050//3334 1900//4249 1016//3300 241//2417
f 1050//3334 1696//3990 1051//3335 242//2418
f 1014//3298 1900//4249 1050//3334 242//2418
f 691//2883 2128//4496 1014//3298 242//2418
f 1051//3335 1817//4121 691//2883 242//2418
f 1051//3335 1696//3990 1048//3332 243//2419
f 689//2881 1817//4121 1051//3335 243//2419
f 1035//3319 2120//4484 689//2881 243//2419
f 1048//3332 1904//4253 1035//3319 243//2419
f 1052//3336 1697//3991 1054//3338 244//2420
f 1053//3337 1909//4258 1052//3336 244//2420
f 784//3003 2135//4508 1053//3337 244//2420
f 1054//3338 1840//4157 784//3002 244//2420
f 1054//3338 1697//3991 1056//3340 245//2421
f 782//2999 1840//4157 1054//3338 245//2421
f 1055//3339 2139//4525 782//2999 245//2421
f 1056//3340 1907//4256 1055//3339 245//2421
f 1056//3340 1697//3991 1059//3343 246//2422
f 1057//3341 1907//4256 1056//3340 246//2422
f 1058//3342 2169//4591 1057//3341 246//2422
f 1059//3343 1908//4257 1058//3342 246//2422
f 1059//3343 1697//3991 1052//3336 247//2423
f 1060//3344 1908//4257 1059//3343 247//2423
f 1061//3345 2167//4589 1060//3344 247//2423
f 1052//3336 1909//4258 1061//3345 247//2423
f 1062//3346 1698//3992 1065//3349 248//2424
f 1063//3347 1912//4261 1062//3346 248//2424
f 1064//3348 2168//4590 1063//3347 248//2424
f 1065//3349 1910//4259 1064//3348 248//2424
f 1065//3349 1698//3992 1068//3352 249//2425
f 1066//3350 1910//4259 1065//3349 249//2425
f 1067//3351 2170//4592 1066//3350 249//2425
f 1068//3352 1911//4260 1067//3351 249//2425
f 1068//3352 1698//3992 1070//3354 250//2426
f 1069//3353 1911//4260 1068//3352 250//2426
f 798//3024 2140//4528 1069//3353 250//2426
f 1070//3354 1844//4164 798//3023 250//2426
f 1070//3354 1698//3992 1062//3346 251//2427
f 796//3020 1844//4164 1070//3354 251//2427
f 1071//3355 2136//4512 796//3020 251//2427
f 1062//3346 1912//4261 1071//3355 251//2427
f 1072//3356 1699//3993 1074//3358 252//2428
f 1073//3357 1914//4263 1072//3356 252//2428
f 555//2731 2100//4456 1073//3357 252//2428
f 1074//3358 1777//4073 555//2731 252//2428
f 1074//3358 1699//3993 1076//3360 253//2429
f 553//2729 1777//4073 1074//3358 253//2429
f 1075//3359 2099//4455 553//2729 253//2429
f 1076//3360 1913//4262 1075//3359 253//2429
f 1076//3360 1699//3993 1078//3362 254//2430
f 1077//3361 1913//4262 1076//3360 254//2430
f 615//2799 2117//4480 1077//3361 254//2430
f 1078//3362 1796//4096 615//2799 254//2430
f 1078//3362 1699//3993 1072//3356 255//2431
f 613//2796 1796//4096 1078//3362 255//2431
f 1079//3363 2118//4482 613//2796 255//2431
f 1072//3356 1914//4263 1079//3363 255//2431
f 1080//3364 1700//3994 1082//3366 256//2432
f 1081//3365 1916//4265 1080//3364 256//2432
f 587//2767 2110//4470 1081//3365 256//2432
f 1082//3366 1787//4085 587//2767 256//2432
f 1082//3366 1700//3994 1084//3368 257//2433
f 585//2764 1787//4085 1082//3366 257//2433
f 1083//3367 2109//4468 585//2764 257//2433
f 1084//3368 1915//4264 1083//3367 257//2433
f 1084//3368 1700//3994 1086//3370 258//2434
f 1085//3369 1915//4264 1084//3368 258//2434
f 549//2725 2101//4457 1085//3369 258//2434
f 1086//3370 1775//4071 549//2725 258//2434
f 1086//3370 1700//3994 1080//3364 259//2435
f 547//2723 1775//4071 1086//3370 259//2435
f 1087//3371 2102//4458 547//2723 259//2435
f 1080//3364 1916//4265 1087//3371 259//2435
f 1088//3372 1701//3995 1090//3374 260//2436
f 1075//3359 1913//4262 1088//3372 260//2436
f 1089//3373 2099//4455 1075//3359 260//2436
f 1090//3374 1917//4266 1089//3373 260//2436
f 1090//3374 1701//3995 1092//3376 261//2437
f 1091//3375 1917//4266 1090//3374 261//2437
f 663//2853 2125//4492 1091//3375 261//2437
f 1092//3376 1809//4112 663//2853 261//2437
f 1092//3376 1701//3995 1088//3372 262//2438
f 661//2850 1809//4112 1092//3376 262//2438
f 1077//3361 2117//4480 661//2850 262//2438
f 1088//3372 1913//4262 1077//3361 262//2438
f 1093//3377 1702//3996 1094//3378 263//2439
f 1079//3363 1914//4263 1093//3377 263//2439
f 669//2861 2118//4482 1079//3363 263//2439
f 1094//3378 1811//4115 669//2861 263//2439
f 1094//3378 1702//3996 1096//3380 264//2440
f 667//2858 1811//4115 1094//3378 264//2440
f 1095//3379 2126//4494 667//2858 264//2440
f 1096//3380 1918//4267 1095//3379 264//2440
f 1096//3380 1702//3996 1093//3377 265//2441
f 1097//3381 1918//4267 1096//3380 265//2441
f 1073//3357 2100//4456 1097//3381 265//2441
f 1093//3377 1914//4263 1073//3357 265//2441
f 1098//3382 1703//3997 1099//3383 266//2442
f 1089//3373 1917//4266 1098//3382 266//2442
f 552//2728 2099//4455 1089//3373 266//2442
f 1099//3383 1776//4072 552//2728 266//2442
f 1099//3383 1703//3997 1101//3385 267//2443
f 550//2726 1776//4072 1099//3383 267//2443
f 1100//3384 2101//4457 550//2726 267//2443
f 1101//3385 1919//4268 1100//3384 267//2443
f 1101//3385 1703//3997 1103//3387 268//2444
f 1102//3386 1919//4268 1101//3385 268//2444
f 715//2913 2133//4504 1102//3386 268//2444
f 1103//3387 1823//4130 715//2913 268//2444
f 1103//3387 1703//3997 1098//3382 269//2445
f 713//2910 1823//4130 1103//3387 269//2445
f 1091//3375 2125//4492 713//2910 269//2445
f 1098//3382 1917//4266 1091//3375 269//2445
f 1104//3388 1704//3998 1105//3389 270//2446
f 1095//3379 1918//4267 1104//3388 270//2446
f 721//2921 2126//4494 1095//3379 270//2446
f 1105//3389 1825//4133 721//2921 270//2446
f 1105//3389 1704//3998 1107//3391 271//2447
f 719//2918 1825//4133 1105//3389 271//2447
f 1106//3390 2134//4506 719//2918 271//2447
f 1107//3391 1920//4269 1106//3390 271//2447
f 1107//3391 1704//3998 1109//3393 272//2448
f 1108//3392 1920//4269 1107//3391 272//2448
f 546//2722 2102//4458 1108//3392 272//2448
f 1109//3393 1778//4074 546//2722 272//2448
f 1109//3393 1704//3998 1104//3388 273//2449
f 556//2732 1778//4074 1109//3393 273//2449
f 1097//3381 2100//4456 556//2732 273//2449
f 1104//3388 1918//4267 1097//3381 273//2449
f 1110//3394 1705//3999 1111//3395 274//2450
f 1100//3384 1919//4268 1110//3394 274//2450
f 1085//3369 2101//4457 1100//3384 274//2450
f 1111//3395 1915//4264 1085//3369 274//2450
f 1111//3395 1705//3999 1112//3396 275//2451
f 1083//3367 1915//4264 1111//3395 275//2451
f 758//2964 2109//4468 1083//3367 275//2451
f 1112//3396 1833//4144 758//2964 275//2451
f 1112//3396 1705//3999 1110//3394 276//2452
f 756//2961 1833//4144 1112//3396 276//2452
f 1102//3386 2133//4504 756//2961 276//2452
f 1110//3394 1919//4268 1102//3386 276//2452
f 1113//3397 1706//4000 1114//3398 277//2453
f 1106//3390 1920//4269 1113//3397 277//2453
f 762//2970 2134//4506 1106//3390 277//2453
f 1114//3398 1834//4146 762//2970 277//2453
f 1114//3398 1706//4000 1115//3399 278//2454
f 760//2967 1834//4146 1114//3398 278//2454
f 1081//3365 2110//4470 760//2967 278//2454
f 1115//3399 1916//4265 1081//3365 278//2454
f 1115//3399 1706//4000 1113//3397 279//2455
f 1087//3371 1916//4265 1115//3399 279//2455
f 1108//3392 2102//4458 1087//3371 279//2455
f 1113//3397 1920//4269 1108//3392 279//2455
f 1116//3400 1707//4001 1119//3403 280//2456
f 1117//3401 1923//4272 1116//3400 280//2456
f 1118//3402 2095//4448 1117//3401 280//2456
f 1119//3403 1921//4270 1118//3402 280//2456
f 1119//3403 1707//4001 1121//3405 281//2457
f 1120//3404 1921//4270 1119//3403 281//2457
f 1060//3344 2167//4589 1120//3404 281//2457
f 1121//3405 1908//4257 1060//3344 281//2457
f 1121//3405 1707//4001 1123//3407 282//2458
f 1058//3342 1908//4257 1121//3405 282//2458
f 1122//3406 2169//4591 1058//3342 282//2458
f 1123//3407 1922//4271 1122//3406 282//2458
f 1123//3407 1707//4001 1116//3400 283//2459
f 1124//3408 1922//4271 1123//3407 283//2459
f 1125//3409 2097//4451 1124//3408 283//2459
f 1116//3400 1923//4272 1125//3409 283//2459
f 1126//3410 1708//4002 1129//3413 284//2460
f 1127//3411 1926//4275 1126//3410 284//2460
f 1128//3412 2096//4449 1127//3411 284//2460
f 1129//3413 1924//4273 1128//3412 284//2460
f 1129//3413 1708//4002 1132//3416 285//2461
f 1130//3414 1924//4273 1129//3413 285//2461
f 1131//3415 2098//4453 1130//3414 285//2461
f 1132//3416 1925//4274 1131//3415 285//2461
f 1132//3416 1708//4002 1134//3418 286//2462
f 1133//3417 1925//4274 1132//3416 286//2462
f 1066//3350 2170//4592 1133//3417 286//2462
f 1134//3418 1910//4259 1066//3350 286//2462
f 1134//3418 1708//4002 1126//3410 287//2463
f 1064//3348 1910//4259 1134//3418 287//2463
f 1135//3419 2168//4590 1064//3348 287//2463
f 1126//3410 1926//4275 1135//3419 287//2463
f 1136//3420 1709//4003 1137//3421 288//2464
f 1041//3325 1906//4255 1136//3420 288//2464
f 1053//3337 2135//4508 1041//3325 288//2464
f 1137//3421 1909//4258 1053//3337 288//2464
f 1137//3421 1709//4003 1139//3423 289//2465
f 1061//3345 1909//4258 1137//3421 289//2465
f 1138//3422 2167//4589 1061//3345 289//2465
f 1139//3423 1927//4276 1138//3422 289//2465
f 1139//3423 1709//4003 1141//3425 290//2466
f 1140//3424 1927//4276 1139//3423 290//2466
f 1063//3347 2168//4590 1140//3424 290//2466
f 1141//3425 1912//4261 1063//3347 290//2466
f 1141//3425 1709//4003 1136//3420 291//2467
f 1071//3355 1912//4261 1141//3425 291//2467
f 1043//3327 2136//4511 1071//3355 291//2467
f 1136//3420 1906//4255 1043//3327 291//2467
f 1142//3426 1710//4004 1143//3427 292//2468
f 1055//3339 1907//4256 1142//3426 292//2468
f 806//3036 2139//4524 1055//3339 292//2468
f 1143//3427 1847//4169 806//3036 292//2468
f 1143//3427 1710//4004 1144//3428 293//2469
f 804//3033 1847//4169 1143//3427 293//2469
f 1069//3353 2140//4528 804//3033 293//2469
f 1144//3428 1911//4260 1069//3353 293//2469
f 1144//3428 1710//4004 1146//3430 294//2470
f 1067//3351 1911//4260 1144//3428 294//2470
f 1145//3429 2170//4592 1067//3351 294//2470
f 1146//3430 1928//4277 1145//3429 294//2470
f 1146//3430 1710//4004 1142//3426 295//2471
f 1147//3431 1928//4277 1146//3430 295//2471
f 1057//3341 2169//4591 1147//3431 295//2471
f 1142//3426 1907//4256 1057//3341 295//2471
f 1148//3432 1711//4005 1150//3435 296//2472
f 1149//3433 1929//4278 1148//3432 296//2472
f 1124//3408 2097//4451 1149//3433 296//2472
f 1150//3435 1922//4271 1124//3408 296//2472
f 1150//3435 1711//4005 1151//3436 297//2473
f 1122//3406 1922//4271 1150//3435 297//2473
f 1147//3431 2169//4591 1122//3406 297//2473
f 1151//3436 1928//4277 1147//3431 297//2473
f 1151//3436 1711//4005 1152//3437 298//2474
f 1145//3429 1928//4277 1151//3436 298//2474
f 1133//3417 2170//4592 1145//3429 298//2474
f 1152//3437 1925//4274 1133//3417 298//2474
f 1152//3437 1711//4005 1148//3432 299//2475
f 1131//3415 1925//4274 1152//3437 299//2475
f 1153//3438 2098//4453 1131//3415 299//2475
f 1148//3432 1929//4278 1153//3438 299//2475
f 1154//3440 1712//4006 1156//3442 300//2476
f 1118//3402 1921//4270 1154//3440 300//2476
f 1155//3441 2095//4448 1118//3402 300//2476
f 1156//3442 1930//4280 1155//3441 300//2476
f 1156//3442 1712//4006 1158//3445 301//2477
f 1157//3443 1930//4280 1156//3442 301//2477
f 1127//3411 2096//4449 1157//3443 301//2477
f 1158//3445 1926//4275 1127//3411 301//2477
f 1158//3445 1712//4006 1159//3446 302//2478
f 1135//3419 1926//4275 1158//3445 302//2478
f 1140//3424 2168//4590 1135//3419 302//2478
f 1159//3446 1927//4276 1140//3424 302//2478
f 1159//3446 1712//4006 1154//3440 303//2479
f 1138//3422 1927//4276 1159//3446 303//2479
f 1120//3404 2167//4589 1138//3422 303//2479
f 1154//3440 1921//4270 1120//3404 303//2479
f 1160//3447 1713//4007 1162//3449 304//2480
f 808//3038 1848//4170 1160//3447 304//2480
f 1161//3448 2143//4535 808//3038 304//2480
f 1162//3449 1931//4282 1161//3448 304//2480
f 1162//3449 1713//4007 1165//3452 305//2481
f 1163//3450 1931//4282 1162//3449 305//2481
f 1164//3451 2154//4558 1163//3450 305//2481
f 1165//3452 1932//4283 1164//3451 305//2481
f 1165//3452 1713//4007 1160//3447 306//2482
f 1166//3453 1932//4283 1165//3452 306//2482
f 810//3040 2144//4537 1166//3453 306//2482
f 1160//3447 1848//4170 810//3040 306//2482
f 1167//3454 1714//4008 1168//3455 307//2483
f 1161//3448 1931//4282 1167//3454 307//2483
f 812//3043 2143//4535 1161//3448 307//2483
f 1168//3455 1851//4175 812//3043 307//2483
f 1168//3455 1714//4008 1169//3456 308//2484
f 820//3054 1851//4175 1168//3455 308//2484
f 852//3098 2145//4539 820//3054 308//2484
f 1169//3456 1863//4194 852//3098 308//2484
f 1169//3456 1714//4008 1167//3454 309//2485
f 860//3108 1863//4194 1169//3456 309//2485
f 1163//3450 2154//4558 860//3108 309//2485
f 1167//3454 1931//4282 1163//3450 309//2485
f 1170//3457 1715//4009 1171//3458 310//2486
f 830//3068 1854//4180 1170//3457 310//2486
f 1166//3453 2144//4537 830//3068 310//2486
f 1171//3458 1932//4283 1166//3453 310//2486
f 1171//3458 1715//4009 1172//3459 311//2487
f 1164//3451 1932//4283 1171//3458 311//2487
f 862//3110 2154//4558 1164//3451 311//2487
f 1172//3459 1866//4198 862//3110 311//2487
f 1172//3459 1715//4009 1170//3457 312//2488
f 870//3120 1866//4198 1172//3459 312//2488
f 822//3057 2146//4541 870//3120 312//2488
f 1170//3457 1854//4180 822//3057 312//2488

usemtl material02

f 1173/985/3460 1716/240/4010 1176/988/3463 313/989/2489
f 1174/986/3461 1936/239/4287 1173/985/3460 313/989/2489
f 1175/987/3462 2055/7/4408 1174/986/3461 313/989/2489
f 1176/988/3463 1933/236/4284 1175/987/3462 313/989/2489
f 1176/990/3463 1716/240/4010 1179/993/3466 314/994/2490
f 1177/991/3464 1933/236/4284 1176/990/3463 314/994/2490
f 1178/992/3465 2049/2/4402 1177/991/3464 314/994/2490
f 1179/993/3466 1934/237/4285 1178/992/3465 314/994/2490
f 1179/995/3466 1716/240/4010 1182/998/3469 315/999/2491
f 1180/996/3467 1934/237/4285 1179/995/3466 315/999/2491
f 1181/997/3468 2050/3/4403 1180/996/3467 315/999/2491
f 1182/998/3469 1935/238/4286 1181/997/3468 315/999/2491
f 1182/1000/3469 1716/240/4010 1173/1003/3460 316/1004/2492
f 1183/1001/3470 1935/238/4286 1182/1000/3469 316/1004/2492
f 1184/1002/3471 2056/8/4409 1183/1001/3470 316/1004/2492
f 1173/1003/3460 1936/239/4287 1184/1002/3471 316/1004/2492
f 1185/1005/3472 1717/245/4011 1187/1008/3474 317/1009/2493
f 1186/1006/3473 1939/244/4290 1185/1005/3472 317/1009/2493
f 1183/1007/3470 2056/8/4409 1186/1006/3473 317/1009/2493
f 1187/1008/3474 1935/241/4286 1183/1007/3470 317/1009/2493
f 1187/1010/3474 1717/245/4011 1189/1013/3476 318/1014/2494
f 1181/1011/3468 1935/241/4286 1187/1010/3474 318/1014/2494
f 1188/1012/3475 2050/3/4403 1181/1011/3468 318/1014/2494
f 1189/1013/3476 1937/242/4288 1188/1012/3475 318/1014/2494
f 1189/1015/3476 1717/245/4011 1192/1018/3479 319/1019/2495
f 1190/1016/3477 1937/242/4288 1189/1015/3476 319/1019/2495
f 1191/1017/3478 2051/4/4404 1190/1016/3477 319/1019/2495
f 1192/1018/3479 1938/243/4289 1191/1017/3478 319/1019/2495
f 1192/1020/3479 1717/245/4011 1185/1023/3472 320/1024/2496
f 1193/1021/3480 1938/243/4289 1192/1020/3479 320/1024/2496
f 1194/1022/3481 2057/9/4410 1193/1021/3480 320/1024/2496
f 1185/1023/3472 1939/244/4290 1194/1022/3481 320/1024/2496
f 1195/1025/3482 1718/250/4012 1198/1028/3485 321/1029/2497
f 1196/1026/3483 1942/249/4293 1195/1025/3482 321/1029/2497
f 1197/1027/3484 2061/12/4414 1196/1026/3483 321/1029/2497
f 1198/1028/3485 1940/246/4291 1197/1027/3484 321/1029/2497
f 1198/1030/3485 1718/250/4012 1200/1033/3487 322/1034/2498
f 1199/1031/3486 1940/246/4291 1198/1030/3485 322/1034/2498
f 1174/1032/3461 2055/7/4408 1199/1031/3486 322/1034/2498
f 1200/1033/3487 1936/247/4287 1174/1032/3461 322/1034/2498
f 1200/1035/3487 1718/250/4012 1202/1038/3489 323/1039/2499
f 1184/1036/3471 1936/247/4287 1200/1035/3487 323/1039/2499
f 1201/1037/3488 2056/8/4409 1184/1036/3471 323/1039/2499
f 1202/1038/3489 1941/248/4292 1201/1037/3488 323/1039/2499
f 1202/1040/3489 1718/250/4012 1195/1043/3482 324/1044/2500
f 1203/1041/3490 1941/248/4292 1202/1040/3489 324/1044/2500
f 1204/1042/3491 2062/13/4415 1203/1041/3490 324/1044/2500
f 1195/1043/3482 1942/249/4293 1204/1042/3491 324/1044/2500
f 1205/1045/3492 1719/255/4013 1207/1048/3494 325/1049/2501
f 1206/1046/3493 1944/254/4295 1205/1045/3492 325/1049/2501
f 1203/1047/3490 2062/13/4415 1206/1046/3493 325/1049/2501
f 1207/1048/3494 1941/251/4292 1203/1047/3490 325/1049/2501
f 1207/1050/3494 1719/255/4013 1208/1053/3495 326/1054/2502
f 1201/1051/3488 1941/251/4292 1207/1050/3494 326/1054/2502
f 1186/1052/3473 2056/8/4409 1201/1051/3488 326/1054/2502
f 1208/1053/3495 1939/252/4290 1186/1052/3473 326/1054/2502
f 1208/1055/3495 1719/255/4013 1210/1058/3497 327/1059/2503
f 1194/1056/3481 1939/252/4290 1208/1055/3495 327/1059/2503
f 1209/1057/3496 2057/9/4410 1194/1056/3481 327/1059/2503
f 1210/1058/3497 1943/253/4294 1209/1057/3496 327/1059/2503
f 1210/1060/3497 1719/255/4013 1205/1063/3492 328/1064/2504
f 1211/1061/3498 1943/253/4294 1210/1060/3497 328/1064/2504
f 1212/1062/3499 2063/14/4416 1211/1061/3498 328/1064/2504
f 1205/1063/3492 1944/254/4295 1212/1062/3499 328/1064/2504
f 1213/1065/3500 1720/260/4014 1216/1068/3503 329/1069/2505
f 1214/1066/3501 1947/259/4298 1213/1065/3500 329/1069/2505
f 1215/1067/3502 2067/17/4420 1214/1066/3501 329/1069/2505
f 1216/1068/3503 1945/256/4296 1215/1067/3502 329/1069/2505
f 1216/1070/3503 1720/260/4014 1218/1073/3505 330/1074/2506
f 1217/1071/3504 1945/256/4296 1216/1070/3503 330/1074/2506
f 1196/1072/3483 2061/12/4414 1217/1071/3504 330/1074/2506
f 1218/1073/3505 1942/257/4293 1196/1072/3483 330/1074/2506
f 1218/1075/3505 1720/260/4014 1220/1078/3507 331/1079/2507
f 1204/1076/3491 1942/257/4293 1218/1075/3505 331/1079/2507
f 1219/1077/3506 2062/13/4415 1204/1076/3491 331/1079/2507
f 1220/1078/3507 1946/258/4297 1219/1077/3506 331/1079/2507
f 1220/1080/3507 1720/260/4014 1213/1083/3500 332/1084/2508
f 1221/1081/3508 1946/258/4297 1220/1080/3507 332/1084/2508
f 1222/1082/3509 2068/18/4421 1221/1081/3508 332/1084/2508
f 1213/1083/3500 1947/259/4298 1222/1082/3509 332/1084/2508
f 1223/1085/3510 1721/265/4015 1225/1088/3512 333/1089/2509
f 1224/1086/3511 1949/264/4300 1223/1085/3510 333/1089/2509
f 1221/1087/3508 2068/18/4421 1224/1086/3511 333/1089/2509
f 1225/1088/3512 1946/261/4297 1221/1087/3508 333/1089/2509
f 1225/1090/3512 1721/265/4015 1226/1093/3513 334/1094/2510
f 1219/1091/3506 1946/261/4297 1225/1090/3512 334/1094/2510
f 1206/1092/3493 2062/13/4415 1219/1091/3506 334/1094/2510
f 1226/1093/3513 1944/262/4295 1206/1092/3493 334/1094/2510
f 1226/1095/3513 1721/265/4015 1228/1098/3515 335/1099/2511
f 1212/1096/3499 1944/262/4295 1226/1095/3513 335/1099/2511
f 1227/1097/3514 2063/14/4416 1212/1096/3499 335/1099/2511
f 1228/1098/3515 1948/263/4299 1227/1097/3514 335/1099/2511
f 1228/1100/3515 1721/265/4015 1223/1103/3510 336/1104/2512
f 1229/1101/3516 1948/263/4299 1228/1100/3515 336/1104/2512
f 1230/1102/3517 2069/19/4422 1229/1101/3516 336/1104/2512
f 1223/1103/3510 1949/264/4300 1230/1102/3517 336/1104/2512
f 1231/1105/3518 1722/270/4016 1234/1108/3521 337/1109/2513
f 1232/1106/3519 1952/269/4303 1231/1105/3518 337/1109/2513
f 1233/1107/3520 2073/22/4426 1232/1106/3519 337/1109/2513
f 1234/1108/3521 1950/266/4301 1233/1107/3520 337/1109/2513
f 1234/1110/3521 1722/270/4016 1236/1113/3523 338/1114/2514
f 1235/1111/3522 1950/266/4301 1234/1110/3521 338/1114/2514
f 1214/1112/3501 2067/17/4420 1235/1111/3522 338/1114/2514
f 1236/1113/3523 1947/267/4298 1214/1112/3501 338/1114/2514
f 1236/1115/3523 1722/270/4016 1238/1118/3525 339/1119/2515
f 1222/1116/3509 1947/267/4298 1236/1115/3523 339/1119/2515
f 1237/1117/3524 2068/18/4421 1222/1116/3509 339/1119/2515
f 1238/1118/3525 1951/268/4302 1237/1117/3524 339/1119/2515
f 1238/1120/3525 1722/270/4016 1231/1123/3518 340/1124/2516
f 1239/1121/3526 1951/268/4302 1238/1120/3525 340/1124/2516
f 1240/1122/3527 2074/23/4427 1239/1121/3526 340/1124/2516
f 1231/1123/3518 1952/269/4303 1240/1122/3527 340/1124/2516
f 1241/1125/3528 1723/275/4017 1243/1128/3530 341/1129/2517
f 1242/1126/3529 1954/274/4305 1241/1125/3528 341/1129/2517
f 1239/1127/3526 2074/23/4427 1242/1126/3529 341/1129/2517
f 1243/1128/3530 1951/271/4302 1239/1127/3526 341/1129/2517
f 1243/1130/3530 1723/275/4017 1244/1133/3531 342/1134/2518
f 1237/1131/3524 1951/271/4302 1243/1130/3530 342/1134/2518
f 1224/1132/3511 2068/18/4421 1237/1131/3524 342/1134/2518
f 1244/1133/3531 1949/272/4300 1224/1132/3511 342/1134/2518
f 1244/1135/3531 1723/275/4017 1246/1138/3533 343/1139/2519
f 1230/1136/3517 1949/272/4300 1244/1135/3531 343/1139/2519
f 1245/1137/3532 2069/19/4422 1230/1136/3517 343/1139/2519
f 1246/1138/3533 1953/273/4304 1245/1137/3532 343/1139/2519
f 1246/1140/3533 1723/275/4017 1241/1143/3528 344/1144/2520
f 1247/1141/3534 1953/273/4304 1246/1140/3533 344/1144/2520
f 1248/1142/3535 2075/24/4428 1247/1141/3534 344/1144/2520
f 1241/1143/3528 1954/274/4305 1248/1142/3535 344/1144/2520
f 1249/1145/3536 1724/280/4018 1252/1148/3539 345/1149/2521
f 1250/1146/3537 1957/279/4308 1249/1145/3536 345/1149/2521
f 1251/1147/3538 2079/27/4432 1250/1146/3537 345/1149/2521
f 1252/1148/3539 1955/276/4306 1251/1147/3538 345/1149/2521
f 1252/1150/3539 1724/280/4018 1254/1153/3541 346/1154/2522
f 1253/1151/3540 1955/276/4306 1252/1150/3539 346/1154/2522
f 1232/1152/3519 2073/22/4426 1253/1151/3540 346/1154/2522
f 1254/1153/3541 1952/277/4303 1232/1152/3519 346/1154/2522
f 1254/1155/3541 1724/280/4018 1256/1158/3543 347/1159/2523
f 1240/1156/3527 1952/277/4303 1254/1155/3541 347/1159/2523
f 1255/1157/3542 2074/23/4427 1240/1156/3527 347/1159/2523
f 1256/1158/3543 1956/278/4307 1255/1157/3542 347/1159/2523
f 1256/1160/3543 1724/280/4018 1249/1163/3536 348/1164/2524
f 1257/1161/3544 1956/278/4307 1256/1160/3543 348/1164/2524
f 1258/1162/3545 2080/28/4433 1257/1161/3544 348/1164/2524
f 1249/1163/3536 1957/279/4308 1258/1162/3545 348/1164/2524
f 1259/1165/3546 1725/285/4019 1261/1168/3548 349/1169/2525
f 1260/1166/3547 1959/284/4310 1259/1165/3546 349/1169/2525
f 1257/1167/3544 2080/28/4433 1260/1166/3547 349/1169/2525
f 1261/1168/3548 1956/281/4307 1257/1167/3544 349/1169/2525
f 1261/1170/3548 1725/285/4019 1262/1173/3549 350/1174/2526
f 1255/1171/3542 1956/281/4307 1261/1170/3548 350/1174/2526
f 1242/1172/3529 2074/23/4427 1255/1171/3542 350/1174/2526
f 1262/1173/3549 1954/282/4305 1242/1172/3529 350/1174/2526
f 1262/1175/3549 1725/285/4019 1264/1178/3551 351/1179/2527
f 1248/1176/3535 1954/282/4305 1262/1175/3549 351/1179/2527
f 1263/1177/3550 2075/24/4428 1248/1176/3535 351/1179/2527
f 1264/1178/3551 1958/283/4309 1263/1177/3550 351/1179/2527
f 1264/1180/3551 1725/285/4019 1259/1183/3546 352/1184/2528
f 1265/1181/3552 1958/283/4309 1264/1180/3551 352/1184/2528
f 1266/1182/3553 2081/29/4434 1265/1181/3552 352/1184/2528
f 1259/1183/3546 1959/284/4310 1266/1182/3553 352/1184/2528
f 1267/1185/3554 1726/290/4020 1270/1188/3557 353/1189/2529
f 1268/1186/3555 1963/289/4314 1267/1185/3554 353/1189/2529
f 1269/1187/3556 2084/31/4437 1268/1186/3555 353/1189/2529
f 1270/1188/3557 1960/286/4311 1269/1187/3556 353/1189/2529
f 1270/1190/3557 1726/290/4020 1273/1193/3560 354/1194/2530
f 1271/1191/3558 1960/286/4311 1270/1190/3557 354/1194/2530
f 1272/1192/3559 2078/26/4431 1271/1191/3558 354/1194/2530
f 1273/1193/3560 1961/287/4312 1272/1192/3559 354/1194/2530
f 1273/1195/3560 1726/290/4020 1276/1198/3563 355/1199/2531
f 1274/1196/3561 1961/287/4312 1273/1195/3560 355/1199/2531
f 1275/1197/3562 2079/27/4432 1274/1196/3561 355/1199/2531
f 1276/1198/3563 1962/288/4313 1275/1197/3562 355/1199/2531
f 1276/1200/3563 1726/290/4020 1267/1203/3554 356/1204/2532
f 1277/1201/3564 1962/288/4313 1276/1200/3563 356/1204/2532
f 1278/1202/3565 2085/32/4438 1277/1201/3564 356/1204/2532
f 1267/1203/3554 1963/289/4314 1278/1202/3565 356/1204/2532
f 1279/1205/3566 1727/295/4021 1281/1208/3568 357/1209/2533
f 1280/1206/3567 1965/294/4316 1279/1205/3566 357/1209/2533
f 1277/1207/3564 2085/32/4438 1280/1206/3567 357/1209/2533
f 1281/1208/3568 1962/291/4313 1277/1207/3564 357/1209/2533
f 1281/1210/3568 1727/295/4021 1282/1213/3569 358/1214/2534
f 1275/1211/3562 1962/291/4313 1281/1210/3568 358/1214/2534
f 1250/1212/3537 2079/27/4432 1275/1211/3562 358/1214/2534
f 1282/1213/3569 1957/292/4308 1250/1212/3537 358/1214/2534
f 1282/1215/3569 1727/295/4021 1284/1218/3571 359/1219/2535
f 1258/1216/3545 1957/292/4308 1282/1215/3569 359/1219/2535
f 1283/1217/3570 2080/28/4433 1258/1216/3545 359/1219/2535
f 1284/1218/3571 1964/293/4315 1283/1217/3570 359/1219/2535
f 1284/1220/3571 1727/295/4021 1279/1223/3566 360/1224/2536
f 1285/1221/3572 1964/293/4315 1284/1220/3571 360/1224/2536
f 1286/1222/3573 2086/33/4439 1285/1221/3572 360/1224/2536
f 1279/1223/3566 1965/294/4316 1286/1222/3573 360/1224/2536
f 1287/1225/3574 1728/300/4022 1289/1228/3576 361/1229/2537
f 1288/1226/3575 1967/299/4318 1287/1225/3574 361/1229/2537
f 1285/1227/3572 2086/33/4439 1288/1226/3575 361/1229/2537
f 1289/1228/3576 1964/296/4315 1285/1227/3572 361/1229/2537
f 1289/1230/3576 1728/300/4022 1290/1233/3577 362/1234/2538
f 1283/1231/3570 1964/296/4315 1289/1230/3576 362/1234/2538
f 1260/1232/3547 2080/28/4433 1283/1231/3570 362/1234/2538
f 1290/1233/3577 1959/297/4310 1260/1232/3547 362/1234/2538
f 1290/1235/3577 1728/300/4022 1292/1238/3579 363/1239/2539
f 1266/1236/3553 1959/297/4310 1290/1235/3577 363/1239/2539
f 1291/1237/3578 2081/29/4434 1266/1236/3553 363/1239/2539
f 1292/1238/3579 1966/298/4317 1291/1237/3578 363/1239/2539
f 1292/1240/3579 1728/300/4022 1287/1243/3574 364/1244/2540
f 1293/1241/3580 1966/298/4317 1292/1240/3579 364/1244/2540
f 1294/1242/3581 2087/34/4440 1293/1241/3580 364/1244/2540
f 1287/1243/3574 1967/299/4318 1294/1242/3581 364/1244/2540
f 1295/1245/3582 1729/305/4023 1298/1248/3585 365/1249/2541
f 1296/1246/3583 1970/304/4321 1295/1245/3582 365/1249/2541
f 1297/1247/3584 2090/36/4443 1296/1246/3583 365/1249/2541
f 1298/1248/3585 1968/301/4319 1297/1247/3584 365/1249/2541
f 1298/1250/3585 1729/305/4023 1300/1253/3587 366/1254/2542
f 1299/1251/3586 1968/301/4319 1298/1250/3585 366/1254/2542
f 1268/1252/3555 2084/31/4437 1299/1251/3586 366/1254/2542
f 1300/1253/3587 1963/302/4314 1268/1252/3555 366/1254/2542
f 1300/1255/3587 1729/305/4023 1302/1258/3589 367/1259/2543
f 1278/1256/3565 1963/302/4314 1300/1255/3587 367/1259/2543
f 1301/1257/3588 2085/32/4438 1278/1256/3565 367/1259/2543
f 1302/1258/3589 1969/303/4320 1301/1257/3588 367/1259/2543
f 1302/1260/3589 1729/305/4023 1295/1263/3582 368/1264/2544
f 1303/1261/3590 1969/303/4320 1302/1260/3589 368/1264/2544
f 1304/1262/3591 2091/37/4444 1303/1261/3590 368/1264/2544
f 1295/1263/3582 1970/304/4321 1304/1262/3591 368/1264/2544
f 1305/1265/3592 1730/310/4024 1307/1268/3594 369/1269/2545
f 1306/1266/3593 1972/309/4323 1305/1265/3592 369/1269/2545
f 1303/1267/3590 2091/37/4444 1306/1266/3593 369/1269/2545
f 1307/1268/3594 1969/306/4320 1303/1267/3590 369/1269/2545
f 1307/1270/3594 1730/310/4024 1308/1273/3595 370/1274/2546
f 1301/1271/3588 1969/306/4320 1307/1270/3594 370/1274/2546
f 1280/1272/3567 2085/32/4438 1301/1271/3588 370/1274/2546
f 1308/1273/3595 1965/307/4316 1280/1272/3567 370/1274/2546
f 1308/1275/3595 1730/310/4024 1310/1278/3597 371/1279/2547
f 1286/1276/3573 1965/307/4316 1308/1275/3595 371/1279/2547
f 1309/1277/3596 2086/33/4439 1286/1276/3573 371/1279/2547
f 1310/1278/3597 1971/308/4322 1309/1277/3596 371/1279/2547
f 1310/1280/3597 1730/310/4024 1305/1283/3592 372/1284/2548
f 1311/1281/3598 1971/308/4322 1310/1280/3597 372/1284/2548
f 1312/1282/3599 2092/38/4445 1311/1281/3598 372/1284/2548
f 1305/1283/3592 1972/309/4323 1312/1282/3599 372/1284/2548
f 1313/1285/3600 1731/315/4025 1315/1288/3602 373/1289/2549
f 1314/1286/3601 1974/314/4325 1313/1285/3600 373/1289/2549
f 1311/1287/3598 2092/38/4445 1314/1286/3601 373/1289/2549
f 1315/1288/3602 1971/311/4322 1311/1287/3598 373/1289/2549
f 1315/1290/3602 1731/315/4025 1316/1293/3603 374/1294/2550
f 1309/1291/3596 1971/311/4322 1315/1290/3602 374/1294/2550
f 1288/1292/3575 2086/33/4439 1309/1291/3596 374/1294/2550
f 1316/1293/3603 1967/312/4318 1288/1292/3575 374/1294/2550
f 1316/1295/3603 1731/315/4025 1318/1298/3605 375/1299/2551
f 1294/1296/3581 1967/312/4318 1316/1295/3603 375/1299/2551
f 1317/1297/3604 2087/34/4440 1294/1296/3581 375/1299/2551
f 1318/1298/3605 1973/313/4324 1317/1297/3604 375/1299/2551
f 1318/1300/3605 1731/315/4025 1313/1303/3600 376/1304/2552
f 1319/1301/3606 1973/313/4324 1318/1300/3605 376/1304/2552
f 1320/1302/3607 2093/39/4446 1319/1301/3606 376/1304/2552
f 1313/1303/3600 1974/314/4325 1320/1302/3607 376/1304/2552
f 1321/1305/3608 1732/320/4026 1324/1308/3611 377/1309/2553
f 1322/1306/3609 1977/319/4328 1321/1305/3608 377/1309/2553
f 1323/1307/3610 2048/41/4401 1322/1306/3609 377/1309/2553
f 1324/1308/3611 1975/316/4326 1323/1307/3610 377/1309/2553
f 1324/1310/3611 1732/320/4026 1326/1313/3613 378/1314/2554
f 1325/1311/3612 1975/316/4326 1324/1310/3611 378/1314/2554
f 1296/1312/3583 2090/36/4443 1325/1311/3612 378/1314/2554
f 1326/1313/3613 1970/317/4321 1296/1312/3583 378/1314/2554
f 1326/1315/3613 1732/320/4026 1328/1318/3615 379/1319/2555
f 1304/1316/3591 1970/317/4321 1326/1315/3613 379/1319/2555
f 1327/1317/3614 2091/37/4444 1304/1316/3591 379/1319/2555
f 1328/1318/3615 1976/318/4327 1327/1317/3614 379/1319/2555
f 1328/1320/3615 1732/320/4026 1321/1323/3608 380/1324/2556
f 1329/1321/3616 1976/318/4327 1328/1320/3615 380/1324/2556
f 1330/1322/3617 2049/42/4402 1329/1321/3616 380/1324/2556
f 1321/1323/3608 1977/319/4328 1330/1322/3617 380/1324/2556
f 1331/1325/3618 1733/325/4027 1332/1328/3619 381/1329/2557
f 1178/1326/3465 1934/324/4285 1331/1325/3618 381/1329/2557
f 1329/1327/3616 2049/42/4402 1178/1326/3465 381/1329/2557
f 1332/1328/3619 1976/321/4327 1329/1327/3616 381/1329/2557
f 1332/1330/3619 1733/325/4027 1333/1333/3620 382/1334/2558
f 1327/1331/3614 1976/321/4327 1332/1330/3619 382/1334/2558
f 1306/1332/3593 2091/37/4444 1327/1331/3614 382/1334/2558
f 1333/1333/3620 1972/322/4323 1306/1332/3593 382/1334/2558
f 1333/1335/3620 1733/325/4027 1335/1338/3622 383/1339/2559
f 1312/1336/3599 1972/322/4323 1333/1335/3620 383/1339/2559
f 1334/1337/3621 2092/38/4445 1312/1336/3599 383/1339/2559
f 1335/1338/3622 1978/323/4329 1334/1337/3621 383/1339/2559
f 1335/1340/3622 1733/325/4027 1331/1343/3618 384/1344/2560
f 1336/1341/3623 1978/323/4329 1335/1340/3622 384/1344/2560
f 1180/1342/3467 2050/43/4403 1336/1341/3623 384/1344/2560
f 1331/1343/3618 1934/324/4285 1180/1342/3467 384/1344/2560
f 1337/1345/3624 1734/330/4028 1338/1348/3625 385/1349/2561
f 1188/1346/3475 1937/329/4288 1337/1345/3624 385/1349/2561
f 1336/1347/3623 2050/43/4403 1188/1346/3475 385/1349/2561
f 1338/1348/3625 1978/326/4329 1336/1347/3623 385/1349/2561
f 1338/1350/3625 1734/330/4028 1339/1353/3626 386/1354/2562
f 1334/1351/3621 1978/326/4329 1338/1350/3625 386/1354/2562
f 1314/1352/3601 2092/38/4445 1334/1351/3621 386/1354/2562
f 1339/1353/3626 1974/327/4325 1314/1352/3601 386/1354/2562
f 1339/1355/3626 1734/330/4028 1341/1358/3628 387/1359/2563
f 1320/1356/3607 1974/327/4325 1339/1355/3626 387/1359/2563
f 1340/1357/3627 2093/39/4446 1320/1356/3607 387/1359/2563
f 1341/1358/3628 1979/328/4330 1340/1357/3627 387/1359/2563
f 1341/1360/3628 1734/330/4028 1337/1363/3624 388/1364/2564
f 1342/1361/3629 1979/328/4330 1341/1360/3628 388/1364/2564
f 1190/1362/3477 2051/44/4404 1342/1361/3629 388/1364/2564
f 1337/1363/3624 1937/329/4288 1190/1362/3477 388/1364/2564
f 1343/1365/3630 1735/339/4029 1346/1368/3633 389/1369/2565
f 1344/1366/3631 1987/338/4338 1343/1365/3630 389/1369/2565
f 1345/1367/3632 2047/1/4400 1344/1366/3631 389/1369/2565
f 1346/1368/3633 1980/331/4331 1345/1367/3632 389/1369/2565
f 1346/1370/3633 1735/339/4029 1349/1373/3636 390/1374/2566
f 1347/1371/3634 1980/331/4331 1346/1370/3633 390/1374/2566
f 1348/1372/3635 2053/5/4406 1347/1371/3634 390/1374/2566
f 1349/1373/3636 1981/332/4332 1348/1372/3635 390/1374/2566
f 1349/1375/3636 1735/339/4029 1352/1378/3639 391/1379/2567
f 1350/1376/3637 1981/332/4332 1349/1375/3636 391/1379/2567
f 1351/1377/3638 2059/10/4412 1350/1376/3637 391/1379/2567
f 1352/1378/3639 1982/333/4333 1351/1377/3638 391/1379/2567
f 1352/1380/3639 1735/339/4029 1355/1383/3642 392/1384/2568
f 1353/1381/3640 1982/333/4333 1352/1380/3639 392/1384/2568
f 1354/1382/3641 2065/15/4418 1353/1381/3640 392/1384/2568
f 1355/1383/3642 1983/334/4334 1354/1382/3641 392/1384/2568
f 1355/1385/3642 1735/339/4029 1358/1388/3645 393/1389/2569
f 1356/1386/3643 1983/334/4334 1355/1385/3642 393/1389/2569
f 1357/1387/3644 2071/20/4424 1356/1386/3643 393/1389/2569
f 1358/1388/3645 1984/335/4335 1357/1387/3644 393/1389/2569
f 1358/1390/3645 1735/339/4029 1361/1393/3648 394/1394/2570
f 1359/1391/3646 1984/335/4335 1358/1390/3645 394/1394/2570
f 1360/1392/3647 2077/25/4430 1359/1391/3646 394/1394/2570
f 1361/1393/3648 1985/336/4336 1360/1392/3647 394/1394/2570
f 1361/1395/3648 1735/339/4029 1364/1398/3651 395/1399/2571
f 1362/1396/3649 1985/336/4336 1361/1395/3648 395/1399/2571
f 1363/1397/3650 2083/30/4436 1362/1396/3649 395/1399/2571
f 1364/1398/3651 1986/337/4337 1363/1397/3650 395/1399/2571
f 1364/1400/3651 1735/339/4029 1343/1403/3630 396/1404/2572
f 1365/1401/3652 1986/337/4337 1364/1400/3651 396/1404/2572
f 1366/1402/3653 2089/35/4442 1365/1401/3652 396/1404/2572
f 1343/1403/3630 1987/338/4338 1366/1402/3653 396/1404/2572
f 1367//3654 1736//4030 1370//3657 397//2573
f 1368//3655 1990//4341 1367//3654 397//2573
f 1369//3656 2052//4405 1368//3655 397//2573
f 1370//3657 1988//4339 1369//3656 397//2573
f 1370//3657 1736//4030 1373//3660 398//2574
f 1371//3658 1988//4339 1370//3657 398//2574
f 1372//3659 2094//4447 1371//3658 398//2574
f 1373//3660 1989//4340 1372//3659 398//2574
f 1373//3660 1736//4030 1367//3654 399//2575
f 1374//3661 1989//4340 1373//3660 399//2575
f 1375//3662 2098//4454 1374//3661 399//2575
f 1367//3654 1990//4341 1375//3662 399//2575
f 1376//3663 1737//4031 1378//3665 400//2576
f 1377//3664 1992//4343 1376//3663 400//2576
f 1368//3655 2052//4405 1377//3664 400//2576
f 1378//3665 1990//4341 1368//3655 400//2576
f 1378//3665 1737//4031 1379//3666 401//2577
f 1375//3662 1990//4341 1378//3665 401//2577
f 1130//3414 2098//4454 1375//3662 401//2577
f 1379//3666 1924//4273 1130//3414 401//2577
f 1379//3666 1737//4031 1381//3668 402//2578
f 1128//3412 1924//4273 1379//3666 402//2578
f 1380//3667 2096//4449 1128//3412 402//2578
f 1381//3668 1991//4342 1380//3667 402//2578
f 1381//3668 1737//4031 1376//3663 403//2579
f 1382//3669 1991//4342 1381//3668 403//2579
f 1383//3670 2058//4411 1382//3669 403//2579
f 1376//3663 1992//4343 1383//3670 403//2579
f 1384//3671 1738//4032 1386//3673 404//2580
f 1385//3672 1994//4345 1384//3671 404//2580
f 1382//3669 2058//4411 1385//3672 404//2580
f 1386//3673 1991//4342 1382//3669 404//2580
f 1386//3673 1738//4032 1388//3675 405//2581
f 1380//3667 1991//4342 1386//3673 405//2581
f 1387//3674 2096//4449 1380//3667 405//2581
f 1388//3675 1993//4344 1387//3674 405//2581
f 1388//3675 1738//4032 1384//3671 406//2582
f 1389//3676 1993//4344 1388//3675 406//2582
f 1390//3677 2064//4417 1389//3676 406//2582
f 1384//3671 1994//4345 1390//3677 406//2582
f 1391//3678 1739//4033 1393//3680 407//2583
f 1392//3679 1996//4347 1391//3678 407//2583
f 1389//3676 2064//4417 1392//3679 407//2583
f 1393//3680 1993//4344 1389//3676 407//2583
f 1393//3680 1739//4033 1394//3681 408//2584
f 1387//3674 1993//4344 1393//3680 408//2584
f 1157//3444 2096//4450 1387//3674 408//2584
f 1394//3681 1930//4281 1157//3444 408//2584
f 1394//3681 1739//4033 1396//3683 409//2585
f 1155//3441 1930//4281 1394//3681 409//2585
f 1395//3682 2095//4448 1155//3441 409//2585
f 1396//3683 1995//4346 1395//3682 409//2585
f 1396//3683 1739//4033 1391//3678 410//2586
f 1397//3684 1995//4346 1396//3683 410//2586
f 1398//3685 2070//4423 1397//3684 410//2586
f 1391//3678 1996//4347 1398//3685 410//2586
f 1399//3686 1740//4034 1401//3688 411//2587
f 1400//3687 1998//4349 1399//3686 411//2587
f 1397//3684 2070//4423 1400//3687 411//2587
f 1401//3688 1995//4346 1397//3684 411//2587
f 1401//3688 1740//4034 1403//3690 412//2588
f 1395//3682 1995//4346 1401//3688 412//2588
f 1402//3689 2095//4448 1395//3682 412//2588
f 1403//3690 1997//4348 1402//3689 412//2588
f 1403//3690 1740//4034 1399//3686 413//2589
f 1404//3691 1997//4348 1403//3690 413//2589
f 1405//3692 2076//4429 1404//3691 413//2589
f 1399//3686 1998//4349 1405//3692 413//2589
f 1406//3693 1741//4035 1408//3695 414//2590
f 1407//3694 2000//4351 1406//3693 414//2590
f 1404//3691 2076//4429 1407//3694 414//2590
f 1408//3695 1997//4348 1404//3691 414//2590
f 1408//3695 1741//4035 1409//3696 415//2591
f 1402//3689 1997//4348 1408//3695 415//2591
f 1117//3401 2095//4448 1402//3689 415//2591
f 1409//3696 1923//4272 1117//3401 415//2591
f 1409//3696 1741//4035 1411//3698 416//2592
f 1125//3409 1923//4272 1409//3696 416//2592
f 1410//3697 2097//4451 1125//3409 416//2592
f 1411//3698 1999//4350 1410//3697 416//2592
f 1411//3698 1741//4035 1406//3693 417//2593
f 1412//3699 1999//4350 1411//3698 417//2593
f 1413//3700 2082//4435 1412//3699 417//2593
f 1406//3693 2000//4351 1413//3700 417//2593
f 1414//3701 1742//4036 1416//3703 418//2594
f 1415//3702 2002//4353 1414//3701 418//2594
f 1412//3699 2082//4435 1415//3702 418//2594
f 1416//3703 1999//4350 1412//3699 418//2594
f 1416//3703 1742//4036 1418//3705 419//2595
f 1410//3697 1999//4350 1416//3703 419//2595
f 1417//3704 2097//4451 1410//3697 419//2595
f 1418//3705 2001//4352 1417//3704 419//2595
f 1418//3705 1742//4036 1414//3701 420//2596
f 1419//3706 2001//4352 1418//3705 420//2596
f 1420//3707 2088//4441 1419//3706 420//2596
f 1414//3701 2002//4353 1420//3707 420//2596
f 1421//3708 1743//4037 1423//3710 421//2597
f 1422//3709 2003//4354 1421//3708 421//2597
f 1419//3706 2088//4441 1422//3709 421//2597
f 1423//3710 2001//4352 1419//3706 421//2597
f 1423//3710 1743//4037 1424//3711 422//2598
f 1417//3704 2001//4352 1423//3710 422//2598
f 1149//3434 2097//4452 1417//3704 422//2598
f 1424//3711 1929//4279 1149//3434 422//2598
f 1424//3711 1743//4037 1425//3712 423//2599
f 1153//3439 1929//4279 1424//3711 423//2599
f 1374//3661 2098//4454 1153//3439 423//2599
f 1425//3712 1989//4340 1374//3661 423//2599
f 1425//3712 1743//4037 1421//3708 424//2600
f 1372//3659 1989//4340 1425//3712 424//2600
f 1426//3713 2094//4447 1372//3659 424//2600
f 1421//3708 2003//4354 1426//3713 424//2600
f 1427/1405/3714 1744/344/4038 1430/1408/3717 425/1409/2601
f 1428/1406/3715 2006/343/4357 1427/1405/3714 425/1409/2601
f 1429/1407/3716 2172/74/4594 1428/1406/3715 425/1409/2601
f 1430/1408/3717 2004/340/4355 1429/1407/3716 425/1409/2601
f 1430/1410/3717 1744/344/4038 1432/1413/3719 426/1414/2602
f 1431/1411/3718 2004/340/4355 1430/1410/3717 426/1414/2602
f 1347/1412/3634 2053/5/4406 1431/1411/3718 426/1414/2602
f 1432/1413/3719 1980/341/4331 1347/1412/3634 426/1414/2602
f 1432/1415/3719 1744/344/4038 1434/1418/3721 427/1419/2603
f 1345/1416/3632 1980/341/4331 1432/1415/3719 427/1419/2603
f 1433/1417/3720 2047/1/4400 1345/1416/3632 427/1419/2603
f 1434/1418/3721 2005/342/4356 1433/1417/3720 427/1419/2603
f 1434/1420/3721 1744/344/4038 1427/1423/3714 428/1424/2604
f 1435/1421/3722 2005/342/4356 1434/1420/3721 428/1424/2604
f 1436/1422/3723 2171/73/4593 1435/1421/3722 428/1424/2604
f 1427/1423/3714 2006/343/4357 1436/1422/3723 428/1424/2604
f 1437/1425/3724 1745/349/4039 1440/1428/3728 429/1429/2605
f 1438/1426/3725 2008/348/4359 1437/1425/3724 429/1429/2605
f 1439/1427/3727 2173/76/4595 1438/1426/3725 429/1429/2605
f 1440/1428/3728 2007/345/4358 1439/1427/3727 429/1429/2605
f 1440/1430/3728 1745/349/4039 1442/1433/3730 430/1434/2606
f 1441/1431/3729 2007/345/4358 1440/1430/3728 430/1434/2606
f 1350/1432/3637 2059/10/4412 1441/1431/3729 430/1434/2606
f 1442/1433/3730 1981/346/4332 1350/1432/3637 430/1434/2606
f 1442/1435/3730 1745/349/4039 1443/1438/3731 431/1439/2607
f 1348/1436/3635 1981/346/4332 1442/1435/3730 431/1439/2607
f 1431/1437/3718 2053/5/4406 1348/1436/3635 431/1439/2607
f 1443/1438/3731 2004/347/4355 1431/1437/3718 431/1439/2607
f 1443/1440/3731 1745/349/4039 1437/1443/3724 432/1444/2608
f 1429/1441/3716 2004/347/4355 1443/1440/3731 432/1444/2608
f 1444/1442/3732 2172/75/4594 1429/1441/3716 432/1444/2608
f 1437/1443/3724 2008/348/4359 1444/1442/3732 432/1444/2608
f 1445/1445/3733 1746/354/4040 1447/1448/3735 433/1449/2609
f 1444/1446/3732 2008/353/4359 1445/1445/3733 433/1449/2609
f 1446/1447/3734 2172/75/4594 1444/1446/3732 433/1449/2609
f 1447/1448/3735 2009/350/4360 1446/1447/3734 433/1449/2609
f 1447/1450/3735 1746/354/4040 1450/1453/3738 434/1454/2610
f 1448/1451/3736 2009/350/4360 1447/1450/3735 434/1454/2610
f 1449/1452/3737 2054/6/4407 1448/1451/3736 434/1454/2610
f 1450/1453/3738 2010/351/4361 1449/1452/3737 434/1454/2610
f 1450/1455/3738 1746/354/4040 1453/1458/3741 435/1459/2611
f 1451/1456/3739 2010/351/4361 1450/1455/3738 435/1459/2611
f 1452/1457/3740 2060/11/4413 1451/1456/3739 435/1459/2611
f 1453/1458/3741 2011/352/4362 1452/1457/3740 435/1459/2611
f 1453/1460/3741 1746/354/4040 1445/1463/3733 436/1464/2612
f 1454/1461/3742 2011/352/4362 1453/1460/3741 436/1464/2612
f 1438/1462/3726 2173/76/4596 1454/1461/3742 436/1464/2612
f 1445/1463/3733 2008/353/4359 1438/1462/3726 436/1464/2612
f 1455/1465/3743 1747/359/4041 1458/1468/3747 437/1469/2613
f 1456/1466/3744 2013/358/4364 1455/1465/3743 437/1469/2613
f 1457/1467/3746 2174/78/4597 1456/1466/3744 437/1469/2613
f 1458/1468/3747 2012/355/4363 1457/1467/3746 437/1469/2613
f 1458/1470/3747 1747/359/4041 1460/1473/3749 438/1474/2614
f 1459/1471/3748 2012/355/4363 1458/1470/3747 438/1474/2614
f 1353/1472/3640 2065/15/4418 1459/1471/3748 438/1474/2614
f 1460/1473/3749 1982/356/4333 1353/1472/3640 438/1474/2614
f 1460/1475/3749 1747/359/4041 1461/1478/3750 439/1479/2615
f 1351/1476/3638 1982/356/4333 1460/1475/3749 439/1479/2615
f 1441/1477/3729 2059/10/4412 1351/1476/3638 439/1479/2615
f 1461/1478/3750 2007/357/4358 1441/1477/3729 439/1479/2615
f 1461/1480/3750 1747/359/4041 1455/1483/3743 440/1484/2616
f 1439/1481/3727 2007/357/4358 1461/1480/3750 440/1484/2616
f 1462/1482/3751 2173/77/4595 1439/1481/3727 440/1484/2616
f 1455/1483/3743 2013/358/4364 1462/1482/3751 440/1484/2616
f 1463/1485/3753 1748/364/4042 1464/1488/3754 441/1489/2617
f 1462/1486/3752 2013/363/4365 1463/1485/3753 441/1489/2617
f 1454/1487/3742 2173/77/4596 1462/1486/3752 441/1489/2617
f 1464/1488/3754 2011/360/4362 1454/1487/3742 441/1489/2617
f 1464/1490/3754 1748/364/4042 1466/1493/3756 442/1494/2618
f 1452/1491/3740 2011/360/4362 1464/1490/3754 442/1494/2618
f 1465/1492/3755 2060/11/4413 1452/1491/3740 442/1494/2618
f 1466/1493/3756 2014/361/4366 1465/1492/3755 442/1494/2618
f 1466/1495/3756 1748/364/4042 1469/1498/3759 443/1499/2619
f 1467/1496/3757 2014/361/4366 1466/1495/3756 443/1499/2619
f 1468/1497/3758 2066/16/4419 1467/1496/3757 443/1499/2619
f 1469/1498/3759 2015/362/4367 1468/1497/3758 443/1499/2619
f 1469/1500/3759 1748/364/4042 1463/1503/3753 444/1504/2620
f 1470/1501/3760 2015/362/4367 1469/1500/3759 444/1504/2620
f 1456/1502/3745 2174/78/4598 1470/1501/3760 444/1504/2620
f 1463/1503/3753 2013/363/4365 1456/1502/3745 444/1504/2620
f 1471/1505/3761 1749/369/4043 1474/1508/3764 445/1509/2621
f 1472/1506/3762 2017/368/4369 1471/1505/3761 445/1509/2621
f 1473/1507/3763 2175/80/4599 1472/1506/3762 445/1509/2621
f 1474/1508/3764 2016/365/4368 1473/1507/3763 445/1509/2621
f 1474/1510/3764 1749/369/4043 1476/1513/3766 446/1514/2622
f 1475/1511/3765 2016/365/4368 1474/1510/3764 446/1514/2622
f 1356/1512/3643 2071/20/4424 1475/1511/3765 446/1514/2622
f 1476/1513/3766 1983/366/4334 1356/1512/3643 446/1514/2622
f 1476/1515/3766 1749/369/4043 1477/1518/3767 447/1519/2623
f 1354/1516/3641 1983/366/4334 1476/1515/3766 447/1519/2623
f 1459/1517/3748 2065/15/4418 1354/1516/3641 447/1519/2623
f 1477/1518/3767 2012/367/4363 1459/1517/3748 447/1519/2623
f 1477/1520/3767 1749/369/4043 1471/1523/3761 448/1524/2624
f 1457/1521/3746 2012/367/4363 1477/1520/3767 448/1524/2624
f 1478/1522/3768 2174/79/4597 1457/1521/3746 448/1524/2624
f 1471/1523/3761 2017/368/4369 1478/1522/3768 448/1524/2624
f 1479/1525/3770 1750/374/4044 1480/1528/3771 449/1529/2625
f 1478/1526/3769 2017/373/4369 1479/1525/3770 449/1529/2625
f 1470/1527/3760 2174/79/4598 1478/1526/3769 449/1529/2625
f 1480/1528/3771 2015/370/4367 1470/1527/3760 449/1529/2625
f 1480/1530/3771 1750/374/4044 1482/1533/3773 450/1534/2626
f 1468/1531/3758 2015/370/4367 1480/1530/3771 450/1534/2626
f 1481/1532/3772 2066/16/4419 1468/1531/3758 450/1534/2626
f 1482/1533/3773 2018/371/4370 1481/1532/3772 450/1534/2626
f 1482/1535/3773 1750/374/4044 1485/1538/3776 451/1539/2627
f 1483/1536/3774 2018/371/4370 1482/1535/3773 451/1539/2627
f 1484/1537/3775 2072/21/4425 1483/1536/3774 451/1539/2627
f 1485/1538/3776 2019/372/4371 1484/1537/3775 451/1539/2627
f 1485/1540/3776 1750/374/4044 1479/1543/3770 452/1544/2628
f 1486/1541/3777 2019/372/4371 1485/1540/3776 452/1544/2628
f 1472/1542/3762 2175/80/4599 1486/1541/3777 452/1544/2628
f 1479/1543/3770 2017/373/4369 1472/1542/3762 452/1544/2628
f 1487/1545/3778 1751/379/4045 1490/1548/3781 453/1549/2629
f 1488/1546/3779 2021/378/4373 1487/1545/3778 453/1549/2629
f 1489/1547/3780 2176/82/4600 1488/1546/3779 453/1549/2629
f 1490/1548/3781 2020/375/4372 1489/1547/3780 453/1549/2629
f 1490/1550/3781 1751/379/4045 1492/1553/3783 454/1554/2630
f 1491/1551/3782 2020/375/4372 1490/1550/3781 454/1554/2630
f 1359/1552/3646 2077/25/4430 1491/1551/3782 454/1554/2630
f 1492/1553/3783 1984/376/4335 1359/1552/3646 454/1554/2630
f 1492/1555/3783 1751/379/4045 1493/1558/3784 455/1559/2631
f 1357/1556/3644 1984/376/4335 1492/1555/3783 455/1559/2631
f 1475/1557/3765 2071/20/4424 1357/1556/3644 455/1559/2631
f 1493/1558/3784 2016/377/4368 1475/1557/3765 455/1559/2631
f 1493/1560/3784 1751/379/4045 1487/1563/3778 456/1564/2632
f 1473/1561/3763 2016/377/4368 1493/1560/3784 456/1564/2632
f 1494/1562/3785 2175/81/4599 1473/1561/3763 456/1564/2632
f 1487/1563/3778 2021/378/4373 1494/1562/3785 456/1564/2632
f 1495/1565/3786 1752/384/4046 1498/1568/3789 457/1569/2633
f 1496/1566/3787 2023/383/4376 1495/1565/3786 457/1569/2633
f 1497/1567/3788 2177/84/4601 1496/1566/3787 457/1569/2633
f 1498/1568/3789 2022/380/4374 1497/1567/3788 457/1569/2633
f 1498/1570/3790 1752/384/4046 1500/1573/3792 458/1574/2634
f 1499/1571/3791 2022/380/4375 1498/1570/3790 458/1574/2634
f 1362/1572/3649 2083/30/4436 1499/1571/3791 458/1574/2634
f 1500/1573/3792 1985/381/4336 1362/1572/3649 458/1574/2634
f 1500/1575/3792 1752/384/4046 1501/1578/3793 459/1579/2635
f 1360/1576/3647 1985/381/4336 1500/1575/3792 459/1579/2635
f 1491/1577/3782 2077/25/4430 1360/1576/3647 459/1579/2635
f 1501/1578/3793 2020/382/4372 1491/1577/3782 459/1579/2635
f 1501/1580/3793 1752/384/4046 1495/1583/3786 460/1584/2636
f 1489/1581/3780 2020/382/4372 1501/1580/3793 460/1584/2636
f 1502/1582/3794 2176/83/4600 1489/1581/3780 460/1584/2636
f 1495/1583/3786 2023/383/4376 1502/1582/3794 460/1584/2636
f 1503/1585/3795 1753/389/4047 1506/1588/3798 461/1589/2637
f 1504/1586/3796 2025/388/4378 1503/1585/3795 461/1589/2637
f 1505/1587/3797 2178/86/4602 1504/1586/3796 461/1589/2637
f 1506/1588/3798 2024/385/4377 1505/1587/3797 461/1589/2637
f 1506/1590/3799 1753/389/4048 1508/1593/3801 462/1594/2638
f 1507/1591/3800 2024/385/4377 1506/1590/3799 462/1594/2638
f 1365/1592/3652 2089/35/4442 1507/1591/3800 462/1594/2638
f 1508/1593/3801 1986/386/4337 1365/1592/3652 462/1594/2638
f 1508/1595/3801 1753/389/4048 1509/1598/3802 463/1599/2639
f 1363/1596/3650 1986/386/4337 1508/1595/3801 463/1599/2639
f 1499/1597/3791 2083/30/4436 1363/1596/3650 463/1599/2639
f 1509/1598/3802 2022/387/4375 1499/1597/3791 463/1599/2639
f 1509/1600/3803 1753/389/4047 1503/1603/3795 464/1604/2640
f 1497/1601/3788 2022/387/4374 1509/1600/3803 464/1604/2640
f 1510/1602/3804 2177/85/4601 1497/1601/3788 464/1604/2640
f 1503/1603/3795 2025/388/4378 1510/1602/3804 464/1604/2640
f 1511/1605/3805 1754/394/4049 1513/1608/3807 465/1609/2641
f 1512/1606/3806 2026/393/4379 1511/1605/3805 465/1609/2641
f 1435/1607/3722 2171/88/4593 1512/1606/3806 465/1609/2641
f 1513/1608/3807 2005/390/4356 1435/1607/3722 465/1609/2641
f 1513/1610/3807 1754/394/4050 1514/1613/3808 466/1614/2642
f 1433/1611/3720 2005/390/4356 1513/1610/3807 466/1614/2642
f 1344/1612/3631 2047/40/4400 1433/1611/3720 466/1614/2642
f 1514/1613/3808 1987/391/4338 1344/1612/3631 466/1614/2642
f 1514/1615/3808 1754/394/4050 1515/1618/3809 467/1619/2643
f 1366/1616/3653 1987/391/4338 1514/1615/3808 467/1619/2643
f 1507/1617/3800 2089/35/4442 1366/1616/3653 467/1619/2643
f 1515/1618/3809 2024/392/4377 1507/1617/3800 467/1619/2643
f 1515/1620/3809 1754/394/4049 1511/1623/3805 468/1624/2644
f 1505/1621/3797 2024/392/4377 1515/1620/3809 468/1624/2644
f 1516/1622/3810 2178/87/4602 1505/1621/3797 468/1624/2644
f 1511/1623/3805 2026/393/4379 1516/1622/3810 468/1624/2644
f 1517//3811 1755//4051 1519//3813 469//2645
f 1449//3737 2010//4361 1517//3811 469//2645
f 1518//3812 2054//4407 1449//3737 469//2645
f 1519//3813 2027//4380 1518//3812 469//2645
f 1519//3813 1755//4051 1521//3815 470//2646
f 1520//3814 2027//4380 1519//3813 470//2646
f 1199//3486 2055//4408 1520//3814 470//2646
f 1521//3815 1940//4291 1199//3486 470//2646
f 1521//3815 1755//4051 1523//3817 471//2647
f 1197//3484 1940//4291 1521//3815 471//2647
f 1522//3816 2061//4414 1197//3484 471//2647
f 1523//3817 2028//4381 1522//3816 471//2647
f 1523//3817 1755//4051 1517//3811 472//2648
f 1524//3818 2028//4381 1523//3817 472//2648
f 1451//3739 2060//4413 1524//3818 472//2648
f 1517//3811 2010//4361 1451//3739 472//2648
f 1525//3819 1756//4052 1526//3820 473//2649
f 1465//3755 2014//4366 1525//3819 473//2649
f 1524//3818 2060//4413 1465//3755 473//2649
f 1526//3820 2028//4381 1524//3818 473//2649
f 1526//3820 1756//4052 1527//3821 474//2650
f 1522//3816 2028//4381 1526//3820 474//2650
f 1217//3504 2061//4414 1522//3816 474//2650
f 1527//3821 1945//4296 1217//3504 474//2650
f 1527//3821 1756//4052 1529//3823 475//2651
f 1215//3502 1945//4296 1527//3821 475//2651
f 1528//3822 2067//4420 1215//3502 475//2651
f 1529//3823 2029//4382 1528//3822 475//2651
f 1529//3823 1756//4052 1525//3819 476//2652
f 1530//3824 2029//4382 1529//3823 476//2652
f 1467//3757 2066//4419 1530//3824 476//2652
f 1525//3819 2014//4366 1467//3757 476//2652
f 1531//3825 1757//4053 1532//3826 477//2653
f 1481//3772 2018//4370 1531//3825 477//2653
f 1530//3824 2066//4419 1481//3772 477//2653
f 1532//3826 2029//4382 1530//3824 477//2653
f 1532//3826 1757//4053 1533//3827 478//2654
f 1528//3822 2029//4382 1532//3826 478//2654
f 1235//3522 2067//4420 1528//3822 478//2654
f 1533//3827 1950//4301 1235//3522 478//2654
f 1533//3827 1757//4053 1535//3829 479//2655
f 1233//3520 1950//4301 1533//3827 479//2655
f 1534//3828 2073//4426 1233//3520 479//2655
f 1535//3829 2030//4383 1534//3828 479//2655
f 1535//3829 1757//4053 1531//3825 480//2656
f 1536//3830 2030//4383 1535//3829 480//2656
f 1483//3774 2072//4425 1536//3830 480//2656
f 1531//3825 2018//4370 1483//3774 480//2656
f 1537//3831 1758//4054 1539//3833 481//2657
f 1538//3832 2031//4384 1537//3831 481//2657
f 1322//3609 2048//4401 1538//3832 481//2657
f 1539//3833 1977//4328 1322//3609 481//2657
f 1539//3833 1758//4054 1540//3834 482//2658
f 1330//3617 1977//4328 1539//3833 482//2658
f 1177//3464 2049//4402 1330//3617 482//2658
f 1540//3834 1933//4284 1177//3464 482//2658
f 1540//3834 1758//4054 1537//3831 483//2659
f 1175//3462 1933//4284 1540//3834 483//2659
f 1541//3835 2055//4408 1175//3462 483//2659
f 1537//3831 2031//4384 1541//3835 483//2659
f 1542//3836 1759//4055 1544//3838 484//2660
f 1543//3837 2033//4386 1542//3836 484//2660
f 1538//3832 2048//4401 1543//3837 484//2660
f 1544//3838 2031//4384 1538//3832 484//2660
f 1544//3838 1759//4055 1545//3839 485//2661
f 1541//3835 2031//4384 1544//3838 485//2661
f 1520//3814 2055//4408 1541//3835 485//2661
f 1545//3839 2027//4380 1520//3814 485//2661
f 1545//3839 1759//4055 1547//3841 486//2662
f 1518//3812 2027//4380 1545//3839 486//2662
f 1546//3840 2054//4407 1518//3812 486//2662
f 1547//3841 2032//4385 1546//3840 486//2662
f 1547//3841 1759//4055 1542//3836 487//2663
f 1548//3842 2032//4385 1547//3841 487//2663
f 1549//3843 2171//4593 1548//3842 487//2663
f 1542//3836 2033//4386 1549//3843 487//2663
f 1550//3844 1760//4056 1551//3845 488//2664
f 1323//3610 1975//4326 1550//3844 488//2664
f 1543//3837 2048//4401 1323//3610 488//2664
f 1551//3845 2033//4386 1543//3837 488//2664
f 1551//3845 1760//4056 1552//3846 489//2665
f 1549//3843 2033//4386 1551//3845 489//2665
f 1512//3806 2171//4593 1549//3843 489//2665
f 1552//3846 2026//4379 1512//3806 489//2665
f 1552//3846 1760//4056 1554//3848 490//2666
f 1516//3810 2026//4379 1552//3846 490//2666
f 1553//3847 2178//4602 1516//3810 490//2666
f 1554//3848 2034//4387 1553//3847 490//2666
f 1554//3848 1760//4056 1550//3844 491//2667
f 1555//3849 2034//4387 1554//3848 491//2667
f 1325//3612 2090//4443 1555//3849 491//2667
f 1550//3844 1975//4326 1325//3612 491//2667
f 1556//3850 1761//4057 1557//3851 492//2668
f 1546//3840 2032//4385 1556//3850 492//2668
f 1448//3736 2054//4407 1546//3840 492//2668
f 1557//3851 2009//4360 1448//3736 492//2668
f 1557//3851 1761//4057 1558//3852 493//2669
f 1446//3734 2009//4360 1557//3851 493//2669
f 1428//3715 2172//4594 1446//3734 493//2669
f 1558//3852 2006//4357 1428//3715 493//2669
f 1558//3852 1761//4057 1556//3850 494//2670
f 1436//3723 2006//4357 1558//3852 494//2670
f 1548//3842 2171//4593 1436//3723 494//2670
f 1556//3850 2032//4385 1548//3842 494//2670
f 1559//3853 1762//4058 1561//3855 495//2671
f 1484//3775 2019//4371 1559//3853 495//2671
f 1560//3854 2072//4425 1484//3775 495//2671
f 1561//3855 2035//4388 1560//3854 495//2671
f 1561//3855 1762//4058 1563//3857 496//2672
f 1562//3856 2035//4388 1561//3855 496//2672
f 1488//3779 2176//4600 1562//3856 496//2672
f 1563//3857 2021//4373 1488//3779 496//2672
f 1563//3857 1762//4058 1559//3853 497//2673
f 1494//3785 2021//4373 1563//3857 497//2673
f 1486//3777 2175//4599 1494//3785 497//2673
f 1559//3853 2019//4371 1486//3777 497//2673
f 1564//3858 1763//4059 1565//3859 498//2674
f 1560//3854 2035//4388 1564//3858 498//2674
f 1536//3830 2072//4425 1560//3854 498//2674
f 1565//3859 2030//4383 1536//3830 498//2674
f 1565//3859 1763//4059 1567//3861 499//2675
f 1534//3828 2030//4383 1565//3859 499//2675
f 1566//3860 2073//4426 1534//3828 499//2675
f 1567//3861 2036//4389 1566//3860 499//2675
f 1567//3861 1763//4059 1570//3864 500//2676
f 1568//3862 2036//4389 1567//3861 500//2676
f 1569//3863 2078//4431 1568//3862 500//2676
f 1570//3864 2037//4390 1569//3863 500//2676
f 1570//3864 1763//4059 1564//3858 501//2677
f 1571//3865 2037//4390 1570//3864 501//2677
f 1562//3856 2176//4600 1571//3865 501//2677
f 1564//3858 2035//4388 1562//3856 501//2677
f 1572//3866 1764//4060 1573//3867 502//2678
f 1566//3860 2036//4389 1572//3866 502//2678
f 1253//3540 2073//4426 1566//3860 502//2678
f 1573//3867 1955//4306 1253//3540 502//2678
f 1573//3867 1764//4060 1574//3868 503//2679
f 1251//3538 1955//4306 1573//3867 503//2679
f 1274//3561 2079//4432 1251//3538 503//2679
f 1574//3868 1961//4312 1274//3561 503//2679
f 1574//3868 1764//4060 1572//3866 504//2680
f 1272//3559 1961//4312 1574//3868 504//2680
f 1568//3862 2078//4431 1272//3559 504//2680
f 1572//3866 2036//4389 1568//3862 504//2680
f 1575//3869 1765//4061 1576//3870 505//2681
f 1569//3863 2037//4390 1575//3869 505//2681
f 1271//3558 2078//4431 1569//3863 505//2681
f 1576//3870 1960//4311 1271//3558 505//2681
f 1576//3870 1765//4061 1578//3872 506//2682
f 1269//3556 1960//4311 1576//3870 506//2682
f 1577//3871 2084//4437 1269//3556 506//2682
f 1578//3872 2038//4391 1577//3871 506//2682
f 1578//3872 1765//4061 1580//3874 507//2683
f 1579//3873 2038//4391 1578//3872 507//2683
f 1496//3787 2177//4601 1579//3873 507//2683
f 1580//3874 2023//4376 1496//3787 507//2683
f 1580//3874 1765//4061 1575//3869 508//2684
f 1502//3794 2023//4376 1580//3874 508//2684
f 1571//3865 2176//4600 1502//3794 508//2684
f 1575//3869 2037//4390 1571//3865 508//2684
f 1581//3875 1766//4062 1582//3876 509//2685
f 1577//3871 2038//4391 1581//3875 509//2685
f 1299//3586 2084//4437 1577//3871 509//2685
f 1582//3876 1968//4319 1299//3586 509//2685
f 1582//3876 1766//4062 1583//3877 510//2686
f 1297//3584 1968//4319 1582//3876 510//2686
f 1555//3849 2090//4443 1297//3584 510//2686
f 1583//3877 2034//4387 1555//3849 510//2686
f 1583//3877 1766//4062 1584//3878 511//2687
f 1553//3847 2034//4387 1583//3877 511//2687
f 1504//3796 2178//4602 1553//3847 511//2687
f 1584//3878 2025//4378 1504//3796 511//2687
f 1584//3878 1766//4062 1581//3875 512//2688
f 1510//3804 2025//4378 1584//3878 512//2688
f 1579//3873 2177//4601 1510//3804 512//2688
f 1581//3875 2038//4391 1579//3873 512//2688
f 1585//3879 1767//4063 1587//3881 513//2689
f 1586//3880 2040//4393 1585//3879 513//2689
f 1342//3629 2051//4404 1586//3880 513//2689
f 1587//3881 1979//4330 1342//3629 513//2689
f 1587//3881 1767//4063 1589//3883 514//2690
f 1340//3627 1979//4330 1587//3881 514//2690
f 1588//3882 2093//4446 1340//3627 514//2690
f 1589//3883 2039//4392 1588//3882 514//2690
f 1589//3883 1767//4063 1591//3885 515//2691
f 1590//3884 2039//4392 1589//3883 515//2691
f 1371//3658 2094//4447 1590//3884 515//2691
f 1591//3885 1988//4339 1371//3658 515//2691
f 1591//3885 1767//4063 1585//3879 516//2692
f 1369//3656 1988//4339 1591//3885 516//2692
f 1592//3886 2052//4405 1369//3656 516//2692
f 1585//3879 2040//4393 1592//3886 516//2692
f 1593//3887 1768//4064 1594//3888 517//2693
f 1191//3478 1938//4289 1593//3887 517//2693
f 1586//3880 2051//4404 1191//3478 517//2693
f 1594//3888 2040//4393 1586//3880 517//2693
f 1594//3888 1768//4064 1595//3889 518//2694
f 1592//3886 2040//4393 1594//3888 518//2694
f 1377//3664 2052//4405 1592//3886 518//2694
f 1595//3889 1992//4343 1377//3664 518//2694
f 1595//3889 1768//4064 1597//3891 519//2695
f 1383//3670 1992//4343 1595//3889 519//2695
f 1596//3890 2058//4411 1383//3670 519//2695
f 1597//3891 2041//4394 1596//3890 519//2695
f 1597//3891 1768//4064 1593//3887 520//2696
f 1598//3892 2041//4394 1597//3891 520//2696
f 1193//3480 2057//4410 1598//3892 520//2696
f 1593//3887 1938//4289 1193//3480 520//2696
f 1599//3893 1769//4065 1600//3894 521//2697
f 1209//3496 1943//4294 1599//3893 521//2697
f 1598//3892 2057//4410 1209//3496 521//2697
f 1600//3894 2041//4394 1598//3892 521//2697
f 1600//3894 1769//4065 1601//3895 522//2698
f 1596//3890 2041//4394 1600//3894 522//2698
f 1385//3672 2058//4411 1596//3890 522//2698
f 1601//3895 1994//4345 1385//3672 522//2698
f 1601//3895 1769//4065 1603//3897 523//2699
f 1390//3677 1994//4345 1601//3895 523//2699
f 1602//3896 2064//4417 1390//3677 523//2699
f 1603//3897 2042//4395 1602//3896 523//2699
f 1603//3897 1769//4065 1599//3893 524//2700
f 1604//3898 2042//4395 1603//3897 524//2700
f 1211//3498 2063//4416 1604//3898 524//2700
f 1599//3893 1943//4294 1211//3498 524//2700
f 1605//3899 1770//4066 1606//3900 525//2701
f 1227//3514 1948//4299 1605//3899 525//2701
f 1604//3898 2063//4416 1227//3514 525//2701
f 1606//3900 2042//4395 1604//3898 525//2701
f 1606//3900 1770//4066 1607//3901 526//2702
f 1602//3896 2042//4395 1606//3900 526//2702
f 1392//3679 2064//4417 1602//3896 526//2702
f 1607//3901 1996//4347 1392//3679 526//2702
f 1607//3901 1770//4066 1609//3903 527//2703
f 1398//3685 1996//4347 1607//3901 527//2703
f 1608//3902 2070//4423 1398//3685 527//2703
f 1609//3903 2043//4396 1608//3902 527//2703
f 1609//3903 1770//4066 1605//3899 528//2704
f 1610//3904 2043//4396 1609//3903 528//2704
f 1229//3516 2069//4422 1610//3904 528//2704
f 1605//3899 1948//4299 1229//3516 528//2704
f 1611//3905 1771//4067 1612//3906 529//2705
f 1245//3532 1953//4304 1611//3905 529//2705
f 1610//3904 2069//4422 1245//3532 529//2705
f 1612//3906 2043//4396 1610//3904 529//2705
f 1612//3906 1771//4067 1613//3907 530//2706
f 1608//3902 2043//4396 1612//3906 530//2706
f 1400//3687 2070//4423 1608//3902 530//2706
f 1613//3907 1998//4349 1400//3687 530//2706
f 1613//3907 1771//4067 1615//3909 531//2707
f 1405//3692 1998//4349 1613//3907 531//2707
f 1614//3908 2076//4429 1405//3692 531//2707
f 1615//3909 2044//4397 1614//3908 531//2707
f 1615//3909 1771//4067 1611//3905 532//2708
f 1616//3910 2044//4397 1615//3909 532//2708
f 1247//3534 2075//4428 1616//3910 532//2708
f 1611//3905 1953//4304 1247//3534 532//2708
f 1617//3911 1772//4068 1618//3912 533//2709
f 1263//3550 1958//4309 1617//3911 533//2709
f 1616//3910 2075//4428 1263//3550 533//2709
f 1618//3912 2044//4397 1616//3910 533//2709
f 1618//3912 1772//4068 1619//3913 534//2710
f 1614//3908 2044//4397 1618//3912 534//2710
f 1407//3694 2076//4429 1614//3908 534//2710
f 1619//3913 2000//4351 1407//3694 534//2710
f 1619//3913 1772//4068 1621//3915 535//2711
f 1413//3700 2000//4351 1619//3913 535//2711
f 1620//3914 2082//4435 1413//3700 535//2711
f 1621//3915 2045//4398 1620//3914 535//2711
f 1621//3915 1772//4068 1617//3911 536//2712
f 1622//3916 2045//4398 1621//3915 536//2712
f 1265//3552 2081//4434 1622//3916 536//2712
f 1617//3911 1958//4309 1265//3552 536//2712
f 1623//3917 1773//4069 1624//3918 537//2713
f 1291//3578 1966//4317 1623//3917 537//2713
f 1622//3916 2081//4434 1291//3578 537//2713
f 1624//3918 2045//4398 1622//3916 537//2713
f 1624//3918 1773//4069 1625//3919 538//2714
f 1620//3914 2045//4398 1624//3918 538//2714
f 1415//3702 2082//4435 1620//3914 538//2714
f 1625//3919 2002//4353 1415//3702 538//2714
f 1625//3919 1773//4069 1627//3921 539//2715
f 1420//3707 2002//4353 1625//3919 539//2715
f 1626//3920 2088//4441 1420//3707 539//2715
f 1627//3921 2046//4399 1626//3920 539//2715
f 1627//3921 1773//4069 1623//3917 540//2716
f 1628//3922 2046//4399 1627//3921 540//2716
f 1293//3580 2087//4440 1628//3922 540//2716
f 1623//3917 1966//4317 1293//3580 540//2716
f 1629//3923 1774//4070 1630//3924 541//2717
f 1317//3604 1973//4324 1629//3923 541//2717
f 1628//3922 2087//4440 1317//3604 541//2717
f 1630//3924 2046//4399 1628//3922 541//2717
f 1630//3924 1774//4070 1631//3925 542//2718
f 1626//3920 2046//4399 1630//3924 542//2718
f 1422//3709 2088//4441 1626//3920 542//2718
f 1631//3925 2003//4354 1422//3709 542//2718
f 1631//3925 1774//4070 1632//3926 543//2719
f 1426//3713 2003//4354 1631//3925 543//2719
f 1590//3884 2094//4447 1426//3713 543//2719
f 1632//3926 2039//4392 1590//3884 543//2719
f 1632//3926 1774//4070 1629//3923 544//2720
f 1588//3882 2039//4392 1632//3926 544//2720
f 1319//3606 2093//4446 1588//3882 544//2720
f 1629//3923 1973//4324 1319//3606 544//2720

# End of Object "object01"
